customer_id,customer_name,industry,company_size,country,region,acquisition_date
10001,Rice-Cooke,Manufacturing,Mid-Market,Palau,LATAM,2024-01-29
10002,Hahn Group,Healthcare,Enterprise,South Africa,APAC,2023-08-20
10003,Brown PLC,Technology,Enterprise,Uganda,APAC,2026-01-23
10004,Medina-Shaw,Retail,Enterprise,Ecuador,Europe,2026-05-20
10005,Vincent-Obrien,Manufacturing,Mid-Market,Tunisia,LATAM,2024-10-15
10006,Ward-Chase,Manufacturing,Enterprise,Saint Lucia,Europe,2025-11-11
10007,Fields-Lewis,Retail,SMB,Colombia,LATAM,2024-03-04
10008,Nguyen and Sons,Technology,Enterprise,Bhutan,LATAM,2023-03-30
10009,Cox Ltd,Technology,SMB,Saint Lucia,Europe,2025-06-06
10010,Ramsey-Mcfarland,Healthcare,Mid-Market,Seychelles,North America,2026-04-17
10011,Benson Inc,Finance,Mid-Market,Mauritania,North America,2025-05-10
10012,Hall and Sons,Technology,Enterprise,Austria,North America,2024-12-08
10013,"Howell, Anderson and Thomas",Manufacturing,SMB,Guyana,North America,2026-02-03
10014,Brown Ltd,Manufacturing,SMB,North Macedonia,LATAM,2026-01-19
10015,Guerrero-Gomez,Technology,Mid-Market,British Indian Ocean Territory (Chagos Archipelago),North America,2025-12-23
10016,Silva-Mcintosh,Finance,SMB,Bangladesh,Europe,2023-01-13
10017,Williams PLC,Finance,Mid-Market,Croatia,LATAM,2023-07-09
10018,Butler-Thompson,Finance,SMB,Martinique,Europe,2023-10-07
10019,Ingram and Sons,Technology,Enterprise,Portugal,North America,2025-06-23
10020,"Bell, Santos and Schultz",Retail,Enterprise,Guadeloupe,North America,2025-06-02
10021,Best-Stewart,Manufacturing,Mid-Market,Guernsey,Europe,2026-05-02
10022,Brown LLC,Healthcare,Mid-Market,Reunion,Europe,2024-09-09
10023,Collins-Williams,Finance,SMB,Hungary,LATAM,2023-11-02
10024,"Ford, Galloway and Dixon",Manufacturing,Enterprise,Reunion,LATAM,2025-08-21
10025,Green-Gibson,Retail,Mid-Market,United States Virgin Islands,APAC,2025-03-29
10026,Sanders PLC,Retail,SMB,Liechtenstein,APAC,2024-06-23
10027,"Ramos, Anderson and Evans",Technology,SMB,Egypt,LATAM,2024-06-07
10028,"Gordon, Nelson and Moore",Manufacturing,Mid-Market,Philippines,LATAM,2022-08-01
10029,Thompson LLC,Healthcare,SMB,South Georgia and the South Sandwich Islands,Europe,2024-06-20
10030,Scott Ltd,Finance,Enterprise,Holy See (Vatican City State),LATAM,2024-04-07
10031,Payne-Ellis,Healthcare,SMB,Czech Republic,LATAM,2022-09-07
10032,"Taylor, Wright and Mcguire",Healthcare,SMB,Denmark,Europe,2024-01-01
10033,"Moore, Carlson and Hartman",Finance,Mid-Market,Armenia,Europe,2025-07-29
10034,"Holmes, Hartman and Sherman",Technology,SMB,Martinique,APAC,2023-01-21
10035,"Bond, Riley and Sandoval",Retail,SMB,Sierra Leone,LATAM,2025-05-08
10036,Harrison-Herrera,Manufacturing,Mid-Market,Qatar,LATAM,2025-06-13
10037,Tran-Gill,Finance,Enterprise,Mexico,Europe,2025-01-26
10038,Johnson Ltd,Finance,Mid-Market,Norway,APAC,2026-01-08
10039,Pierce Inc,Manufacturing,Enterprise,Croatia,North America,2022-08-28
10040,Pratt Group,Retail,Mid-Market,Yemen,Europe,2022-10-23
10041,"Ferguson, Huerta and Ward",Manufacturing,SMB,Jersey,North America,2025-09-26
10042,"Clark, Diaz and Mason",Technology,Enterprise,Georgia,LATAM,2023-05-23
10043,Tyler-Wright,Technology,Enterprise,Qatar,LATAM,2025-09-23
10044,"Garza, Gregory and Miller",Retail,SMB,Armenia,LATAM,2023-11-17
10045,"Benson, Simpson and Nicholson",Healthcare,SMB,United Arab Emirates,LATAM,2025-04-22
10046,Turner Group,Manufacturing,Mid-Market,Antarctica (the territory South of 60 deg S),LATAM,2025-10-21
10047,"Thompson, Adams and Hensley",Healthcare,Enterprise,Pitcairn Islands,North America,2024-08-24
10048,Brewer and Sons,Retail,Mid-Market,Guyana,Europe,2024-03-13
10049,Moore-Johnson,Finance,Mid-Market,Guadeloupe,LATAM,2024-08-12
10050,Davis-Fleming,Retail,SMB,Greece,Europe,2025-01-07
10051,"Franklin, Lewis and Evans",Healthcare,Enterprise,Cameroon,Europe,2026-03-10
10052,Morales LLC,Healthcare,Enterprise,Bhutan,North America,2025-09-02
10053,"Diaz, Mccarty and Evans",Manufacturing,Mid-Market,Central African Republic,North America,2025-07-28
10054,"Graham, Morris and Ross",Manufacturing,Mid-Market,Denmark,LATAM,2023-04-10
10055,"Ward, Evans and Coleman",Healthcare,SMB,Lao People's Democratic Republic,Europe,2026-01-25
10056,Young-Johnson,Healthcare,Mid-Market,Haiti,APAC,2025-03-26
10057,Hill Group,Finance,Mid-Market,Luxembourg,North America,2023-05-05
10058,"Bell, Chan and Phillips",Manufacturing,Mid-Market,Saint Lucia,LATAM,2026-04-17
10059,"Wilson, Silva and Herrera",Finance,SMB,Korea,North America,2026-03-11
10060,Baker and Sons,Manufacturing,Enterprise,Libyan Arab Jamahiriya,LATAM,2024-09-22
10061,Nelson and Sons,Technology,Enterprise,India,Europe,2024-10-31
10062,"Anderson, Chavez and Smith",Retail,Mid-Market,Tokelau,North America,2026-01-02
10063,Mercer-Nguyen,Finance,SMB,Romania,Europe,2025-11-24
10064,Benjamin LLC,Healthcare,Mid-Market,Mayotte,Europe,2026-03-03
10065,Sims-Rosales,Manufacturing,SMB,Liberia,APAC,2022-11-07
10066,"Hardy, Baker and Turner",Technology,Enterprise,Comoros,North America,2023-01-28
10067,"Lee, Thompson and Smith",Manufacturing,SMB,Tunisia,Europe,2024-06-03
10068,Campos-Obrien,Retail,Enterprise,Mexico,Europe,2022-08-09
10069,Thompson-Bryant,Finance,Mid-Market,Saint Kitts and Nevis,APAC,2026-04-26
10070,"Martin, Johnson and Zhang",Finance,Mid-Market,Trinidad and Tobago,Europe,2022-12-02
10071,"Sullivan, Thompson and Crawford",Healthcare,Mid-Market,Seychelles,Europe,2025-11-15
10072,"Hudson, Taylor and Page",Finance,SMB,Cambodia,LATAM,2024-10-09
10073,Spencer Inc,Technology,Mid-Market,Saudi Arabia,Europe,2023-02-10
10074,French-Washington,Technology,Mid-Market,Sao Tome and Principe,LATAM,2024-07-29
10075,Washington Ltd,Retail,Mid-Market,Holy See (Vatican City State),APAC,2025-12-11
10076,"Conner, Scott and Lyons",Manufacturing,SMB,Pitcairn Islands,APAC,2024-08-29
10077,Foster-Malone,Healthcare,SMB,Iceland,Europe,2025-08-29
10078,"Richmond, Davis and Mckay",Technology,Mid-Market,Italy,North America,2026-01-09
10079,Wilson-Wilson,Healthcare,Mid-Market,Kuwait,Europe,2023-10-29
10080,Salas-Craig,Healthcare,SMB,Bahrain,APAC,2025-05-16
10081,"Ruiz, Graham and Hernandez",Healthcare,Enterprise,Latvia,APAC,2026-01-23
10082,Howard-Barker,Technology,SMB,Madagascar,Europe,2023-09-19
10083,"Chandler, Davis and Gonzales",Retail,Mid-Market,Palau,LATAM,2026-03-11
10084,Castro-Rivers,Manufacturing,SMB,Cook Islands,North America,2025-10-09
10085,Sherman-Nicholson,Technology,SMB,Botswana,LATAM,2026-01-17
10086,Salinas Group,Healthcare,SMB,Jersey,North America,2024-02-05
10087,Simpson-Martinez,Finance,Mid-Market,Paraguay,APAC,2023-04-29
10088,"Moran, Sims and David",Retail,SMB,Uruguay,North America,2023-01-18
10089,Kaiser-Bailey,Healthcare,Mid-Market,Madagascar,LATAM,2023-08-30
10090,Wilson-Hall,Manufacturing,Enterprise,Slovakia (Slovak Republic),Europe,2024-09-01
10091,Torres PLC,Technology,Enterprise,Lao People's Democratic Republic,APAC,2025-05-14
10092,"Hancock, Frank and Wheeler",Technology,SMB,Greenland,Europe,2026-05-13
10093,Pham Inc,Technology,Enterprise,Indonesia,LATAM,2024-09-15
10094,Camacho LLC,Healthcare,Mid-Market,Bangladesh,Europe,2022-11-04
10095,Mcclain-Hill,Healthcare,SMB,Uganda,APAC,2023-02-22
10096,Berry-Davis,Finance,Enterprise,Cyprus,APAC,2024-01-31
10097,Nguyen Inc,Manufacturing,SMB,Kyrgyz Republic,Europe,2023-07-11
10098,"Martinez, Gonzalez and White",Finance,Mid-Market,Western Sahara,LATAM,2024-09-20
10099,Hill PLC,Technology,Mid-Market,Brazil,Europe,2024-09-07
10100,Reyes Ltd,Healthcare,Mid-Market,Palau,LATAM,2024-08-06
10101,Armstrong-Chapman,Retail,Enterprise,Libyan Arab Jamahiriya,APAC,2023-08-11
10102,Smith Group,Healthcare,Enterprise,Chad,North America,2024-04-02
10103,Cruz-Evans,Retail,Mid-Market,Panama,APAC,2023-05-20
10104,Taylor LLC,Finance,Enterprise,Malaysia,North America,2026-02-28
10105,"Gonzalez, Jackson and Rose",Technology,SMB,Kyrgyz Republic,APAC,2022-11-14
10106,Franco Ltd,Finance,SMB,Cocos (Keeling) Islands,APAC,2024-04-17
10107,"Quinn, Arnold and Knapp",Technology,Enterprise,Tanzania,Europe,2025-11-06
10108,"Smith, Bauer and Barker",Healthcare,SMB,Uzbekistan,Europe,2024-11-22
10109,Rogers-Townsend,Finance,Enterprise,Puerto Rico,APAC,2026-01-24
10110,Henderson-Barajas,Retail,Mid-Market,Vietnam,North America,2025-07-05
10111,Lara LLC,Technology,Mid-Market,Norway,LATAM,2023-12-18
10112,"Davis, Perkins and Villanueva",Healthcare,Enterprise,Saint Kitts and Nevis,LATAM,2024-12-27
10113,Barr-Richards,Technology,Enterprise,Mali,APAC,2024-08-29
10114,Miller PLC,Retail,Enterprise,Montenegro,APAC,2024-08-02
10115,"Anderson, Webb and Doyle",Retail,Enterprise,Samoa,North America,2024-01-06
10116,Brown LLC,Manufacturing,SMB,Martinique,LATAM,2023-05-24
10117,"Hicks, Benjamin and Peters",Manufacturing,SMB,Turkey,LATAM,2024-07-17
10118,Thomas-Allen,Retail,Enterprise,Bermuda,Europe,2023-04-22
10119,Lane-Harris,Finance,Mid-Market,Saint Vincent and the Grenadines,Europe,2025-05-18
10120,"Weber, Hanson and Harris",Healthcare,SMB,Belize,Europe,2024-06-10
10121,Blackburn-Phelps,Healthcare,SMB,South Georgia and the South Sandwich Islands,LATAM,2025-11-19
10122,Turner-Hunt,Retail,Enterprise,United States Minor Outlying Islands,Europe,2025-01-13
10123,"Weaver, Alexander and Price",Manufacturing,Enterprise,Czech Republic,Europe,2024-08-21
10124,"Bennett, Green and Morris",Healthcare,SMB,Kyrgyz Republic,Europe,2025-10-25
10125,Bowen Inc,Technology,Mid-Market,Lesotho,LATAM,2022-09-10
10126,Clark-Patel,Healthcare,SMB,Mozambique,Europe,2023-07-09
10127,Dickson LLC,Retail,Enterprise,Christmas Island,APAC,2026-05-12
10128,"Long, Campbell and Gilbert",Healthcare,Enterprise,Namibia,LATAM,2022-07-17
10129,Bender Ltd,Manufacturing,Mid-Market,Burkina Faso,APAC,2025-01-02
10130,Dominguez-Moreno,Technology,Enterprise,El Salvador,LATAM,2023-01-07
10131,Matthews-Bernard,Healthcare,SMB,Cayman Islands,Europe,2023-05-07
10132,Chavez LLC,Technology,SMB,Guatemala,LATAM,2024-06-10
10133,Harris LLC,Finance,Mid-Market,Grenada,APAC,2023-04-09
10134,Bryant Group,Manufacturing,Enterprise,Bhutan,North America,2023-08-27
10135,"Smith, Chan and Mcdonald",Retail,Mid-Market,Mexico,LATAM,2023-05-19
10136,Perez-Larson,Healthcare,Mid-Market,Belgium,North America,2022-11-22
10137,Gonzales Ltd,Technology,Enterprise,Jamaica,North America,2024-11-07
10138,"Nelson, Gamble and Rose",Healthcare,SMB,United States Minor Outlying Islands,APAC,2024-01-07
10139,Webb-Harris,Technology,Mid-Market,Mauritania,APAC,2025-08-31
10140,Murphy LLC,Manufacturing,SMB,Mali,APAC,2025-04-27
10141,"Sullivan, Jacobs and Calderon",Technology,SMB,Vanuatu,North America,2023-10-03
10142,"Solis, Andrade and Gardner",Technology,Enterprise,Jersey,APAC,2024-02-26
10143,Perez LLC,Technology,Mid-Market,Luxembourg,LATAM,2025-04-19
10144,Flores LLC,Technology,Mid-Market,Saudi Arabia,North America,2025-01-17
10145,"Lee, Heath and Johnston",Technology,Enterprise,Montserrat,APAC,2022-11-23
10146,Davis LLC,Manufacturing,Mid-Market,Switzerland,Europe,2022-10-11
10147,"Rivas, Huff and Ali",Technology,Enterprise,Netherlands,Europe,2024-08-09
10148,Silva PLC,Manufacturing,Mid-Market,Mongolia,APAC,2022-09-28
10149,"Johnson, Prince and Barron",Finance,SMB,Congo,Europe,2025-11-18
10150,Mcdowell and Sons,Manufacturing,Enterprise,Ghana,North America,2025-03-05
10151,Crosby-Stanley,Retail,SMB,Bolivia,Europe,2023-09-24
10152,Jackson-Kramer,Finance,Enterprise,Gambia,APAC,2025-07-21
10153,Price-Gutierrez,Finance,Enterprise,Saint Lucia,APAC,2025-02-03
10154,Burton-Beck,Finance,Enterprise,Suriname,LATAM,2024-11-17
10155,Edwards-Ramsey,Manufacturing,Enterprise,Jamaica,North America,2023-02-13
10156,Kline-Baker,Retail,Mid-Market,Korea,North America,2023-02-14
10157,"Alexander, Taylor and Scott",Finance,Mid-Market,Ireland,LATAM,2023-12-03
10158,"Hall, Reynolds and Briggs",Manufacturing,Mid-Market,Oman,APAC,2022-12-09
10159,Olsen-Chang,Healthcare,Mid-Market,Guatemala,LATAM,2024-06-02
10160,Ross-Richardson,Technology,SMB,Jordan,North America,2024-06-30
10161,James-Guzman,Manufacturing,Enterprise,Slovakia (Slovak Republic),Europe,2024-09-08
10162,Hoffman-Thompson,Technology,Mid-Market,Western Sahara,Europe,2025-12-28
10163,"Young, Crawford and Roberts",Retail,SMB,Tunisia,APAC,2023-10-29
10164,Carter-Wilkins,Healthcare,SMB,Zambia,North America,2026-04-29
10165,Carter LLC,Technology,Mid-Market,Zambia,North America,2026-01-05
10166,Cook LLC,Finance,SMB,Canada,APAC,2023-09-24
10167,Gordon-Perez,Healthcare,Enterprise,Guyana,North America,2023-09-14
10168,Cowan Inc,Retail,Enterprise,Dominica,North America,2023-04-05
10169,"Boyd, Randolph and Adkins",Finance,Mid-Market,Lithuania,LATAM,2023-07-03
10170,"Jimenez, Williams and Phillips",Technology,Enterprise,Pakistan,North America,2024-07-19
10171,Mcneil Inc,Technology,Enterprise,Tanzania,North America,2022-09-12
10172,"Mcguire, Tyler and Contreras",Finance,Enterprise,Uruguay,LATAM,2023-12-05
10173,Sullivan PLC,Retail,Enterprise,Aruba,Europe,2023-08-15
10174,"Williams, Taylor and Wilson",Retail,SMB,Venezuela,APAC,2025-06-08
10175,"Rogers, Goodman and Mccoy",Technology,SMB,Iran,Europe,2026-05-03
10176,"Ward, Carter and Clark",Healthcare,Mid-Market,Antigua and Barbuda,North America,2023-02-10
10177,Roberson-Herrera,Finance,Mid-Market,Luxembourg,APAC,2024-10-25
10178,Farrell PLC,Healthcare,Enterprise,Bermuda,APAC,2025-09-16
10179,Cruz-Smith,Technology,SMB,Jersey,APAC,2023-10-15
10180,Lin Group,Finance,SMB,Tonga,North America,2023-10-02
10181,Carlson Group,Healthcare,Mid-Market,Niger,Europe,2022-12-08
10182,Adams-Larson,Finance,Enterprise,Greenland,LATAM,2025-06-08
10183,Nelson-Frye,Technology,Mid-Market,Saint Kitts and Nevis,North America,2024-09-04
10184,Black Group,Technology,Enterprise,Zambia,LATAM,2026-06-04
10185,"Fernandez, Brewer and Anderson",Retail,Mid-Market,Brunei Darussalam,APAC,2022-06-14
10186,Dominguez Inc,Manufacturing,Mid-Market,Hungary,North America,2025-02-16
10187,Ortega Inc,Healthcare,SMB,Oman,APAC,2022-11-20
10188,Lyons Ltd,Technology,Enterprise,Christmas Island,LATAM,2026-04-17
10189,"Cantu, Jones and Powell",Finance,Enterprise,Solomon Islands,APAC,2026-06-05
10190,Burns and Sons,Retail,SMB,Martinique,APAC,2025-09-13
10191,"Wilson, Guzman and Bond",Manufacturing,Mid-Market,Macao,North America,2026-01-13
10192,"Johnson, Powell and Moon",Manufacturing,SMB,Saint Barthelemy,APAC,2023-07-17
10193,Owens-Hebert,Technology,Mid-Market,Palau,APAC,2025-02-19
10194,Daniels-Smith,Manufacturing,Enterprise,Macao,Europe,2024-08-17
10195,"Weber, Mills and Adams",Retail,SMB,Nigeria,Europe,2025-04-23
10196,Rowe Inc,Healthcare,Enterprise,Burundi,LATAM,2025-02-09
10197,Ayala Group,Finance,SMB,Falkland Islands (Malvinas),LATAM,2024-04-06
10198,Gutierrez-Perry,Retail,Enterprise,Ireland,LATAM,2025-11-29
10199,Weber-Sanders,Healthcare,SMB,Kenya,APAC,2026-03-31
10200,Rodriguez-Ruiz,Manufacturing,Enterprise,Bermuda,Europe,2024-11-14
10201,Martinez-Bell,Technology,SMB,British Indian Ocean Territory (Chagos Archipelago),North America,2022-09-15
10202,"Melendez, Gonzalez and Baker",Technology,Enterprise,Greece,Europe,2025-11-28
10203,Miller-Dixon,Finance,Enterprise,Guatemala,Europe,2026-04-07
10204,Smith-Spencer,Technology,Mid-Market,Korea,Europe,2023-01-04
10205,Bruce Inc,Manufacturing,Mid-Market,Gabon,APAC,2025-02-08
10206,Washington and Sons,Technology,SMB,Niger,Europe,2025-11-02
10207,Chapman Group,Healthcare,Mid-Market,Montserrat,LATAM,2024-11-08
10208,Lawrence-James,Manufacturing,SMB,Saint Barthelemy,APAC,2023-08-26
10209,Webster Ltd,Manufacturing,SMB,Turks and Caicos Islands,North America,2023-02-22
10210,"Johnson, Martin and Moore",Healthcare,SMB,Solomon Islands,North America,2025-02-12
10211,Marquez Ltd,Technology,Enterprise,British Indian Ocean Territory (Chagos Archipelago),LATAM,2023-08-25
10212,Walker-Gonzales,Healthcare,SMB,Philippines,APAC,2022-07-24
10213,"Campos, Evans and Holt",Finance,Enterprise,Rwanda,Europe,2023-04-13
10214,"Cruz, Lee and Travis",Manufacturing,Enterprise,Kiribati,LATAM,2023-08-09
10215,Barber-Jones,Finance,Enterprise,San Marino,Europe,2024-12-27
10216,Arellano-Graves,Finance,Enterprise,Rwanda,LATAM,2025-01-12
10217,Stephens-Reed,Retail,Enterprise,Japan,LATAM,2024-10-28
10218,Winters-Rodriguez,Healthcare,Enterprise,Bhutan,LATAM,2026-04-12
10219,Mcclure-Graham,Technology,SMB,Sierra Leone,Europe,2024-12-11
10220,Waters-Turner,Technology,Enterprise,Timor-Leste,Europe,2025-10-22
10221,"Harrison, Garcia and Ryan",Technology,Enterprise,Marshall Islands,LATAM,2025-04-13
10222,Parks and Sons,Technology,SMB,Russian Federation,Europe,2024-04-22
10223,"Armstrong, Jordan and Hernandez",Retail,SMB,Bahamas,APAC,2025-09-14
10224,Hendricks-Woods,Retail,SMB,Syrian Arab Republic,North America,2023-11-03
10225,Hicks-Peterson,Finance,Enterprise,Malta,APAC,2023-02-25
10226,Campbell-Barnett,Retail,Enterprise,Latvia,LATAM,2023-01-13
10227,Evans-Davis,Manufacturing,Enterprise,Italy,Europe,2024-04-01
10228,"Garcia, Smith and Jones",Retail,Enterprise,Guernsey,APAC,2023-12-13
10229,Mills-Kline,Finance,SMB,Swaziland,APAC,2022-10-03
10230,"Black, James and Mccann",Technology,SMB,Solomon Islands,Europe,2024-11-22
10231,"Price, Clark and Lindsey",Healthcare,Mid-Market,Gambia,North America,2024-01-28
10232,"Gonzalez, Moon and Roth",Manufacturing,SMB,Iraq,North America,2022-08-28
10233,Johnson-Morgan,Manufacturing,SMB,Guatemala,North America,2022-08-20
10234,Smith-Smith,Retail,SMB,Cook Islands,APAC,2023-11-27
10235,Ray Inc,Manufacturing,Enterprise,Andorra,Europe,2022-07-26
10236,Spencer Group,Healthcare,Enterprise,Japan,LATAM,2024-11-10
10237,Rubio Inc,Retail,Enterprise,Guadeloupe,North America,2024-04-10
10238,"Garcia, Rosario and Henry",Retail,Enterprise,Niger,LATAM,2025-09-14
10239,Alvarez Ltd,Finance,Enterprise,Ireland,LATAM,2023-05-05
10240,Moreno PLC,Finance,SMB,Turks and Caicos Islands,North America,2023-10-14
10241,Mitchell-Watts,Finance,Mid-Market,Saint Martin,APAC,2026-01-04
10242,"Moran, Thomas and Cooper",Healthcare,Enterprise,Svalbard & Jan Mayen Islands,North America,2025-09-05
10243,Reyes LLC,Retail,Mid-Market,Guernsey,Europe,2025-04-02
10244,Hammond Ltd,Retail,SMB,Albania,Europe,2024-02-25
10245,"Allen, Russell and Wallace",Technology,Mid-Market,Seychelles,LATAM,2023-09-20
10246,"Schroeder, Rice and Barrett",Finance,SMB,Namibia,APAC,2023-10-09
10247,"Rhodes, Barnes and Collins",Healthcare,SMB,Egypt,APAC,2023-08-19
10248,"Brooks, Hawkins and Brown",Finance,SMB,Tunisia,LATAM,2024-09-10
10249,Castro-Lee,Finance,SMB,Sweden,North America,2025-06-28
10250,Duncan Ltd,Technology,Enterprise,Thailand,APAC,2022-10-30
10251,Brown Group,Finance,Mid-Market,Sudan,LATAM,2025-03-23
10252,"Wall, Shaffer and Martinez",Healthcare,Enterprise,Lesotho,LATAM,2023-11-16
10253,"Porter, Mcdonald and Bradley",Healthcare,Mid-Market,El Salvador,LATAM,2025-11-06
10254,Stephens LLC,Healthcare,Mid-Market,Lao People's Democratic Republic,Europe,2025-03-21
10255,Christian PLC,Healthcare,Mid-Market,Cote d'Ivoire,Europe,2026-03-18
10256,"Rivera, Ross and Weaver",Technology,Enterprise,Gambia,Europe,2024-05-30
10257,"Sanchez, Robinson and Williamson",Retail,SMB,Argentina,LATAM,2025-06-19
10258,"Williams, Leblanc and Hatfield",Technology,SMB,Korea,Europe,2025-04-27
10259,Melton-Crawford,Healthcare,SMB,Christmas Island,APAC,2024-03-30
10260,Garcia-Gonzalez,Retail,Mid-Market,Niger,North America,2025-10-15
10261,"Kelly, Norman and Rogers",Retail,SMB,Israel,North America,2024-07-24
10262,"Cook, Aguirre and Santos",Retail,Enterprise,Belize,LATAM,2025-08-26
10263,Wright-Doyle,Retail,Mid-Market,French Polynesia,North America,2024-09-14
10264,"Thomas, Rhodes and Holt",Retail,Enterprise,Cote d'Ivoire,Europe,2023-08-19
10265,Blake-Ramos,Healthcare,Mid-Market,Fiji,LATAM,2022-10-28
10266,Armstrong-Lee,Healthcare,SMB,Mozambique,LATAM,2023-06-23
10267,Cruz-English,Retail,Mid-Market,Bulgaria,APAC,2023-06-23
10268,Fisher Ltd,Technology,SMB,Comoros,Europe,2022-10-04
10269,"Thompson, Perez and Richardson",Manufacturing,Mid-Market,Guinea,APAC,2024-07-03
10270,Ryan-Perez,Manufacturing,SMB,Gabon,North America,2026-04-29
10271,Gordon Inc,Finance,SMB,Norfolk Island,LATAM,2024-07-14
10272,"Cox, Thompson and Bullock",Technology,Mid-Market,Ghana,Europe,2022-12-16
10273,"Evans, Crosby and Salazar",Technology,SMB,Antarctica (the territory South of 60 deg S),LATAM,2023-09-14
10274,"Collins, Brooks and Harvey",Retail,SMB,Tunisia,APAC,2024-09-02
10275,Parker PLC,Finance,Mid-Market,Netherlands Antilles,Europe,2024-08-23
10276,Stevens Inc,Retail,Mid-Market,Colombia,LATAM,2025-01-04
10277,Rhodes and Sons,Healthcare,Mid-Market,Congo,North America,2023-05-30
10278,Johnson-Johnson,Finance,Mid-Market,Italy,Europe,2023-08-25
10279,Johnson LLC,Finance,Enterprise,Tajikistan,APAC,2026-01-23
10280,Villanueva Inc,Technology,Enterprise,Isle of Man,Europe,2024-03-21
10281,Grant-Banks,Retail,SMB,Wallis and Futuna,LATAM,2023-01-15
10282,"Warren, Newman and Miller",Technology,SMB,South Georgia and the South Sandwich Islands,Europe,2023-01-12
10283,"Wood, Garza and Johnson",Retail,Mid-Market,Mongolia,APAC,2025-12-20
10284,"Dillon, Hull and Riley",Technology,Enterprise,Algeria,Europe,2023-07-15
10285,"Wu, Krause and Leon",Retail,Mid-Market,Mali,APAC,2024-03-08
10286,French Group,Finance,Mid-Market,Syrian Arab Republic,LATAM,2025-02-05
10287,Acevedo-Lawson,Manufacturing,Enterprise,Wallis and Futuna,North America,2026-05-07
10288,Allen Ltd,Technology,Mid-Market,China,LATAM,2023-08-20
10289,Henderson-Martinez,Retail,Mid-Market,Monaco,North America,2024-11-15
10290,Long-Vazquez,Healthcare,SMB,British Indian Ocean Territory (Chagos Archipelago),Europe,2023-05-15
10291,"Smith, Alvarado and Clarke",Retail,Enterprise,Saint Pierre and Miquelon,APAC,2026-06-01
10292,"Carter, Fowler and Braun",Manufacturing,Mid-Market,Sierra Leone,Europe,2023-09-07
10293,"Fisher, Jones and Cooper",Manufacturing,Enterprise,Hong Kong,Europe,2022-07-02
10294,"Yates, Reid and York",Technology,Mid-Market,Maldives,Europe,2022-07-02
10295,Romero LLC,Technology,Enterprise,Isle of Man,APAC,2023-10-17
10296,Odonnell-Peters,Manufacturing,SMB,Saint Martin,North America,2022-07-12
10297,"Reese, Nelson and Villarreal",Technology,Enterprise,Vietnam,Europe,2026-02-23
10298,"Cox, Jones and Gregory",Healthcare,Mid-Market,Costa Rica,APAC,2023-02-28
10299,"Wallace, Wood and Snow",Retail,Mid-Market,China,LATAM,2026-01-09
10300,"Johnson, Ingram and Watkins",Manufacturing,Enterprise,Vietnam,Europe,2024-04-23
10301,Carrillo-Rosario,Finance,Enterprise,Romania,North America,2026-03-20
10302,Brown PLC,Technology,Enterprise,Cape Verde,Europe,2022-12-03
10303,Moore and Sons,Finance,SMB,Sri Lanka,North America,2024-12-19
10304,Bates PLC,Technology,SMB,Cayman Islands,APAC,2025-12-07
10305,"Noble, Jennings and Fleming",Manufacturing,SMB,Saint Lucia,Europe,2023-09-20
10306,Perez-Taylor,Retail,Mid-Market,Reunion,LATAM,2025-12-22
10307,"Ramirez, Davis and Joseph",Retail,Enterprise,Falkland Islands (Malvinas),APAC,2026-03-23
10308,Hernandez PLC,Retail,SMB,Nigeria,APAC,2022-10-17
10309,Allen Ltd,Retail,Enterprise,Syrian Arab Republic,North America,2025-07-04
10310,Wade LLC,Technology,Mid-Market,Peru,Europe,2025-05-08
10311,"Montgomery, Crane and Perez",Manufacturing,Enterprise,Chad,LATAM,2025-07-12
10312,"Mcdonald, Medina and Chavez",Technology,Enterprise,South Africa,Europe,2022-12-12
10313,Thompson-Richardson,Healthcare,SMB,Saint Pierre and Miquelon,APAC,2025-07-18
10314,Singleton PLC,Manufacturing,Mid-Market,Burundi,Europe,2022-09-30
10315,"Weaver, Kelley and Taylor",Healthcare,SMB,Kuwait,APAC,2025-08-08
10316,"Jones, Cooper and Miller",Finance,Mid-Market,Germany,Europe,2023-12-20
10317,Ruiz-Clark,Technology,Mid-Market,Senegal,North America,2025-01-24
10318,Estrada LLC,Healthcare,SMB,Ecuador,Europe,2026-02-24
10319,Garcia Group,Manufacturing,SMB,Saint Kitts and Nevis,LATAM,2023-01-20
10320,Martin-Martin,Finance,SMB,Pitcairn Islands,North America,2025-03-23
10321,"Stevens, Fischer and Thomas",Retail,Enterprise,Kiribati,APAC,2024-09-21
10322,Stewart LLC,Healthcare,Enterprise,Mozambique,Europe,2024-05-30
10323,"Hughes, Vargas and Salas",Healthcare,Mid-Market,Canada,LATAM,2025-10-31
10324,"Romero, Sanchez and Martin",Technology,SMB,American Samoa,Europe,2024-03-24
10325,Johnson and Sons,Finance,Enterprise,Australia,North America,2025-11-24
10326,Farrell Group,Manufacturing,SMB,Guernsey,APAC,2023-12-30
10327,Eaton-Bush,Finance,SMB,Korea,Europe,2024-11-30
10328,"Morrison, Hodge and Lewis",Finance,Enterprise,Mayotte,LATAM,2026-01-12
10329,"Gray, Humphrey and Johnson",Finance,SMB,Fiji,Europe,2022-11-18
10330,"Gibson, Lewis and Brennan",Technology,SMB,Cambodia,Europe,2024-11-01
10331,Smith-Leach,Manufacturing,Enterprise,Peru,LATAM,2026-04-12
10332,Evans-Chan,Healthcare,Enterprise,Burkina Faso,APAC,2023-10-07
10333,Mendez-Wilson,Manufacturing,Mid-Market,United States Virgin Islands,Europe,2024-12-28
10334,Butler PLC,Manufacturing,Mid-Market,Switzerland,APAC,2023-03-19
10335,Carlson-Garrett,Healthcare,SMB,Sierra Leone,Europe,2022-11-08
10336,Hunter-Thomas,Manufacturing,Enterprise,Sri Lanka,North America,2022-11-06
10337,Garcia and Sons,Manufacturing,Enterprise,Netherlands,APAC,2026-04-20
10338,"Rasmussen, Richmond and Moore",Healthcare,Enterprise,Jamaica,Europe,2024-05-25
10339,Clark LLC,Manufacturing,Mid-Market,Armenia,LATAM,2022-12-20
10340,Stein-Duffy,Finance,SMB,Saint Kitts and Nevis,APAC,2023-08-26
10341,Clark LLC,Manufacturing,SMB,Tuvalu,North America,2025-08-22
10342,Mcguire-Thornton,Retail,SMB,Paraguay,LATAM,2024-04-30
10343,Nguyen-Perkins,Finance,Mid-Market,Wallis and Futuna,APAC,2025-07-15
10344,Hart and Sons,Technology,Mid-Market,Bermuda,North America,2024-06-30
10345,Reid-Clark,Manufacturing,SMB,United States Virgin Islands,North America,2024-06-21
10346,Lawrence-Chavez,Manufacturing,Mid-Market,Guatemala,APAC,2026-04-26
10347,Duncan-Brown,Manufacturing,SMB,Korea,LATAM,2023-12-20
10348,"Little, Baxter and Coleman",Finance,Mid-Market,Serbia,Europe,2024-10-27
10349,"Salazar, Schmitt and Carrillo",Manufacturing,SMB,Tajikistan,Europe,2022-07-29
10350,"Jones, Johnson and Anderson",Manufacturing,Mid-Market,Guernsey,APAC,2023-01-26
10351,Newman Inc,Healthcare,SMB,Aruba,Europe,2026-04-26
10352,"Jenkins, Brown and Powers",Healthcare,SMB,United Kingdom,APAC,2022-11-20
10353,"Sanchez, King and Williams",Healthcare,Enterprise,Nauru,APAC,2024-10-03
10354,"Bauer, Hurst and Elliott",Retail,Mid-Market,Northern Mariana Islands,LATAM,2022-08-14
10355,Fox Ltd,Finance,Enterprise,Palau,LATAM,2022-06-09
10356,Hahn-Scott,Retail,SMB,Barbados,Europe,2026-01-02
10357,Paul-Johnson,Manufacturing,SMB,Vanuatu,APAC,2022-09-01
10358,Richards Group,Retail,Enterprise,French Polynesia,LATAM,2025-01-17
10359,Blackburn Ltd,Retail,Mid-Market,Moldova,North America,2022-10-10
10360,Wilson LLC,Retail,Mid-Market,Honduras,Europe,2023-01-08
10361,Perry and Sons,Manufacturing,Mid-Market,Comoros,APAC,2024-11-18
10362,Miller-Richards,Technology,Mid-Market,United States Virgin Islands,Europe,2022-06-20
10363,Davila-Irwin,Healthcare,Mid-Market,China,Europe,2025-04-25
10364,Olson-Nichols,Healthcare,Mid-Market,United Kingdom,Europe,2025-04-05
10365,Parker and Sons,Finance,SMB,Uzbekistan,LATAM,2022-10-30
10366,Ayala-Thomas,Retail,SMB,Oman,Europe,2022-12-28
10367,Green-Phillips,Healthcare,Mid-Market,Iceland,APAC,2023-08-11
10368,Valentine-Garcia,Healthcare,Mid-Market,Tajikistan,LATAM,2024-08-19
10369,Leach-Perez,Healthcare,Mid-Market,Pakistan,Europe,2023-03-18
10370,Parker-Rice,Finance,Mid-Market,Monaco,APAC,2023-07-19
10371,"Ingram, Thompson and Walker",Manufacturing,SMB,South Georgia and the South Sandwich Islands,LATAM,2023-07-19
10372,Taylor Ltd,Healthcare,SMB,Marshall Islands,Europe,2023-11-13
10373,"Mendoza, Yoder and Hurst",Manufacturing,Enterprise,Marshall Islands,APAC,2025-06-12
10374,Thomas Inc,Finance,Enterprise,Moldova,APAC,2025-10-21
10375,Nguyen LLC,Manufacturing,Enterprise,Iceland,Europe,2023-02-20
10376,Parker-Smith,Retail,Mid-Market,Guyana,Europe,2023-10-07
10377,Robles-Kirby,Healthcare,Mid-Market,Slovenia,North America,2025-08-02
10378,Jenkins-Young,Technology,Enterprise,Mayotte,APAC,2025-12-01
10379,Burns PLC,Healthcare,Mid-Market,Solomon Islands,LATAM,2025-02-25
10380,"Thomas, Jackson and Newman",Manufacturing,SMB,Taiwan,LATAM,2023-10-28
10381,"Mejia, Li and Erickson",Retail,Mid-Market,Ghana,APAC,2024-04-02
10382,Hill-Harris,Technology,Mid-Market,Saint Helena,LATAM,2023-09-05
10383,"Miller, Herrera and Becker",Retail,SMB,Kiribati,APAC,2022-08-03
10384,Gomez LLC,Retail,Enterprise,Sierra Leone,Europe,2023-01-01
10385,Cohen-Barber,Technology,Enterprise,Svalbard & Jan Mayen Islands,North America,2025-12-20
10386,Moore-Park,Healthcare,Enterprise,Iceland,LATAM,2024-02-06
10387,Lewis and Sons,Finance,Mid-Market,Christmas Island,APAC,2024-01-19
10388,Rios Inc,Technology,Mid-Market,Canada,APAC,2024-07-18
10389,Kelley-Taylor,Manufacturing,Mid-Market,Dominica,Europe,2025-05-01
10390,Brown PLC,Finance,Enterprise,Bangladesh,North America,2024-08-22
10391,Spears-Stanley,Healthcare,Enterprise,Gibraltar,North America,2023-08-26
10392,Barrera Group,Technology,Enterprise,Saint Kitts and Nevis,APAC,2024-02-28
10393,"Thompson, Schwartz and Miller",Finance,Mid-Market,Korea,APAC,2025-06-18
10394,Sanchez and Sons,Healthcare,Enterprise,Seychelles,North America,2025-12-24
10395,Fernandez Inc,Healthcare,Enterprise,Nauru,APAC,2024-06-12
10396,Wallace-Hickman,Healthcare,SMB,New Zealand,North America,2023-11-26
10397,Payne LLC,Technology,Enterprise,New Caledonia,Europe,2025-05-24
10398,Flores PLC,Healthcare,Enterprise,Guatemala,North America,2022-09-28
10399,Young Inc,Finance,SMB,Lithuania,North America,2022-12-21
10400,"Dunn, Horn and Patrick",Manufacturing,SMB,Kazakhstan,North America,2024-02-06
10401,Larsen-Collins,Healthcare,Mid-Market,Svalbard & Jan Mayen Islands,APAC,2025-10-27
10402,Dixon-Murphy,Technology,Enterprise,Papua New Guinea,Europe,2025-06-25
10403,Carey LLC,Technology,Mid-Market,Greenland,LATAM,2023-09-15
10404,"Moody, Rivera and Johnson",Healthcare,Enterprise,Congo,LATAM,2025-11-13
10405,Douglas Group,Retail,Enterprise,Faroe Islands,LATAM,2024-12-24
10406,White and Sons,Manufacturing,SMB,Guinea-Bissau,North America,2025-08-21
10407,Burke and Sons,Retail,Enterprise,Uruguay,LATAM,2026-01-28
10408,Walker-Mcneil,Retail,Mid-Market,Vanuatu,APAC,2022-08-23
10409,"Knight, Harvey and Hayes",Finance,Enterprise,Uzbekistan,Europe,2024-03-30
10410,Bryan PLC,Retail,SMB,China,Europe,2023-12-17
10411,"Madden, Gray and Miranda",Finance,Enterprise,Panama,North America,2023-12-13
10412,Alvarez LLC,Retail,Enterprise,Kuwait,APAC,2025-02-04
10413,"Johnson, Ward and Hernandez",Healthcare,Mid-Market,Malta,Europe,2022-07-01
10414,Mcclain LLC,Technology,Mid-Market,Sweden,North America,2024-05-07
10415,Hicks Ltd,Manufacturing,SMB,Thailand,APAC,2023-04-29
10416,"Barr, White and Shepherd",Healthcare,Mid-Market,Singapore,LATAM,2024-09-15
10417,"Gonzalez, Morton and Moore",Manufacturing,Enterprise,Saint Barthelemy,APAC,2024-09-07
10418,Drake Ltd,Manufacturing,SMB,Latvia,LATAM,2026-05-09
10419,Odom-Ryan,Retail,Mid-Market,Egypt,LATAM,2025-04-29
10420,Smith-Lloyd,Retail,Mid-Market,Trinidad and Tobago,LATAM,2024-11-07
10421,"Gonzalez, Roberson and Hughes",Retail,Enterprise,Gambia,LATAM,2024-10-30
10422,Peterson-Garcia,Manufacturing,SMB,Iraq,LATAM,2026-01-15
10423,"Pierce, Lewis and Higgins",Technology,SMB,Central African Republic,APAC,2023-12-28
10424,"Bauer, Fuentes and Webster",Healthcare,Enterprise,Macao,LATAM,2023-07-04
10425,"Smith, Nelson and Jones",Retail,SMB,British Virgin Islands,North America,2024-12-06
10426,"Mcclain, Walton and Rasmussen",Manufacturing,Mid-Market,Papua New Guinea,LATAM,2023-11-03
10427,Taylor-Moore,Healthcare,Enterprise,Georgia,APAC,2024-01-31
10428,Sparks Inc,Technology,SMB,Guinea-Bissau,Europe,2024-08-23
10429,Zimmerman Inc,Healthcare,Mid-Market,Yemen,APAC,2024-03-31
10430,Ross-Williams,Technology,Mid-Market,Greece,APAC,2023-08-28
10431,Wilkerson-Oconnor,Finance,Enterprise,Colombia,Europe,2024-01-23
10432,Padilla Ltd,Retail,SMB,Greenland,LATAM,2023-07-07
10433,Reed-Charles,Finance,SMB,Switzerland,APAC,2025-07-11
10434,"Massey, Roberson and Hooper",Manufacturing,Enterprise,French Southern Territories,APAC,2023-09-17
10435,Ortega-Barber,Healthcare,SMB,Nicaragua,LATAM,2023-05-20
10436,Richards-Mitchell,Manufacturing,Enterprise,Bouvet Island (Bouvetoya),LATAM,2023-10-27
10437,"Barnes, Simpson and Fischer",Healthcare,Enterprise,Sri Lanka,APAC,2023-06-18
10438,Johnson Group,Manufacturing,Enterprise,Ukraine,North America,2023-02-12
10439,Lloyd-Taylor,Technology,Mid-Market,Saint Barthelemy,Europe,2022-11-23
10440,Pineda-Knight,Finance,Mid-Market,Italy,APAC,2023-11-23
10441,Ponce Ltd,Finance,SMB,French Polynesia,LATAM,2025-12-26
10442,Herrera Group,Technology,SMB,Sweden,APAC,2025-02-09
10443,Gonzales-Jimenez,Finance,SMB,Iran,North America,2025-02-10
10444,"Manning, Nguyen and Rivera",Technology,Enterprise,Gabon,North America,2023-11-15
10445,Wolfe Ltd,Finance,Enterprise,Timor-Leste,North America,2024-08-23
10446,Richardson-Alexander,Finance,Mid-Market,Latvia,Europe,2026-05-29
10447,Sullivan Group,Technology,Enterprise,Sri Lanka,North America,2025-04-16
10448,"Lopez, French and Brown",Finance,Enterprise,Saint Kitts and Nevis,LATAM,2022-12-15
10449,Brewer LLC,Finance,Mid-Market,Lithuania,North America,2023-09-27
10450,"Garrett, Navarro and Hall",Retail,Mid-Market,Antarctica (the territory South of 60 deg S),North America,2022-09-16
10451,"Hill, Cunningham and Ellison",Healthcare,Mid-Market,Jordan,LATAM,2023-01-07
10452,Mueller Inc,Technology,SMB,Serbia,APAC,2026-03-28
10453,Delgado-Rodriguez,Retail,SMB,Monaco,APAC,2025-01-18
10454,Taylor Group,Technology,Enterprise,Belize,LATAM,2024-09-04
10455,"Russell, Skinner and Cunningham",Manufacturing,Mid-Market,Singapore,APAC,2023-04-21
10456,"Jackson, Roberson and Rowland",Healthcare,SMB,New Caledonia,LATAM,2026-03-23
10457,Hunter PLC,Retail,Mid-Market,Ghana,Europe,2025-11-09
10458,Bell PLC,Finance,Enterprise,Uzbekistan,Europe,2025-11-26
10459,"Miller, Jacobs and Foley",Healthcare,Mid-Market,Jamaica,Europe,2023-08-28
10460,Hawkins PLC,Manufacturing,Mid-Market,Jordan,North America,2026-04-04
10461,Perez-Miller,Manufacturing,SMB,Ireland,Europe,2022-09-26
10462,Gonzalez-Lee,Technology,Enterprise,Cameroon,Europe,2026-04-30
10463,Wu-Reed,Technology,Mid-Market,Saint Lucia,Europe,2024-12-13
10464,Fields Group,Manufacturing,Mid-Market,Swaziland,North America,2025-06-20
10465,"Butler, Campbell and Miller",Technology,Mid-Market,Isle of Man,North America,2026-02-17
10466,"Patrick, Torres and Strickland",Finance,SMB,Congo,Europe,2026-05-24
10467,Gonzalez LLC,Retail,SMB,Bermuda,North America,2025-11-05
10468,Mckenzie-Shaw,Finance,SMB,Germany,APAC,2024-09-28
10469,Murray and Sons,Technology,Mid-Market,Mongolia,APAC,2026-02-26
10470,Esparza-Gordon,Retail,SMB,Nauru,North America,2025-08-08
10471,Rivera LLC,Retail,Enterprise,Israel,North America,2023-03-15
10472,Garcia LLC,Manufacturing,Mid-Market,Congo,APAC,2024-08-13
10473,"Vance, Reed and Thomas",Finance,SMB,Barbados,Europe,2022-07-01
10474,Davis and Sons,Manufacturing,Mid-Market,Guatemala,APAC,2024-03-08
10475,Ray PLC,Manufacturing,Mid-Market,Turkmenistan,APAC,2025-01-27
10476,"Johnson, Garcia and Palmer",Technology,Mid-Market,Saint Helena,Europe,2024-07-08
10477,Smith-Thomas,Technology,SMB,Saint Vincent and the Grenadines,LATAM,2025-05-23
10478,Odonnell-Larsen,Manufacturing,Enterprise,Moldova,APAC,2023-10-12
10479,Massey LLC,Healthcare,Mid-Market,Martinique,North America,2024-12-25
10480,Berry-Conley,Finance,Enterprise,Ukraine,Europe,2026-04-07
10481,"Arellano, Washington and Carpenter",Retail,Enterprise,Gibraltar,LATAM,2025-03-14
10482,Morrison-Carr,Retail,SMB,Turkey,North America,2023-09-10
10483,"Martinez, Caldwell and Michael",Finance,Mid-Market,Saint Barthelemy,APAC,2022-11-22
10484,"Frost, Ayers and Smith",Technology,Mid-Market,Rwanda,Europe,2024-11-07
10485,Williams and Sons,Finance,Mid-Market,Monaco,Europe,2022-09-01
10486,"Bowen, Becker and Warren",Manufacturing,SMB,Bulgaria,LATAM,2023-09-12
10487,Rodriguez-Mcintyre,Retail,Enterprise,Nepal,LATAM,2025-08-22
10488,"Johns, Hanson and Porter",Finance,Mid-Market,Hungary,North America,2024-10-21
10489,Bowen PLC,Retail,Mid-Market,Montserrat,APAC,2026-01-29
10490,Russell-Hanna,Finance,Enterprise,Wallis and Futuna,LATAM,2025-12-27
10491,Sanchez Inc,Retail,Mid-Market,Cambodia,APAC,2023-11-03
10492,"Williams, Russell and Bean",Finance,Enterprise,Lithuania,Europe,2024-07-07
10493,Stanley-Allen,Finance,SMB,Austria,LATAM,2025-08-09
10494,Yates-Morgan,Technology,Mid-Market,Croatia,APAC,2026-05-26
10495,Campbell Inc,Manufacturing,Mid-Market,China,APAC,2023-05-19
10496,"Santiago, Hamilton and Thompson",Finance,SMB,Central African Republic,North America,2024-01-25
10497,Bryant PLC,Manufacturing,Enterprise,Cape Verde,LATAM,2025-04-16
10498,"Vaughan, Haynes and Mccoy",Manufacturing,Enterprise,Mayotte,LATAM,2024-04-09
10499,Li and Sons,Technology,Mid-Market,Antarctica (the territory South of 60 deg S),APAC,2026-04-13
10500,"Reilly, Thomas and Patel",Manufacturing,SMB,Kazakhstan,Europe,2022-08-06
10501,Morales Ltd,Technology,SMB,British Indian Ocean Territory (Chagos Archipelago),APAC,2024-08-22
10502,"Diaz, Scott and Willis",Healthcare,Mid-Market,Cook Islands,Europe,2023-02-04
10503,Williams PLC,Healthcare,Mid-Market,Pakistan,APAC,2022-07-01
10504,Smith-Rowe,Finance,SMB,Senegal,North America,2023-12-26
10505,Neal Inc,Healthcare,Enterprise,Tokelau,APAC,2025-04-01
10506,Robinson and Sons,Technology,Mid-Market,Vanuatu,APAC,2023-09-12
10507,Allen and Sons,Retail,SMB,Yemen,APAC,2026-05-02
10508,Adams-Jones,Healthcare,SMB,China,Europe,2023-08-23
10509,Horton Group,Manufacturing,SMB,Mexico,North America,2025-10-21
10510,"Armstrong, Garcia and Williams",Technology,Mid-Market,Cote d'Ivoire,LATAM,2026-01-31
10511,"Ellis, Shah and Mora",Manufacturing,SMB,Palau,APAC,2026-03-16
10512,Franklin LLC,Finance,Mid-Market,Turks and Caicos Islands,Europe,2026-01-01
10513,"Holloway, Frederick and Davis",Technology,Mid-Market,Turks and Caicos Islands,APAC,2024-12-19
10514,Stevens-Duncan,Retail,SMB,Albania,APAC,2023-08-07
10515,Hickman-Burke,Finance,SMB,Netherlands Antilles,LATAM,2025-12-05
10516,Hammond-Lyons,Finance,SMB,Cameroon,APAC,2025-06-12
10517,Duran PLC,Finance,SMB,Mongolia,APAC,2025-09-03
10518,Thornton LLC,Retail,Enterprise,Bahamas,LATAM,2026-05-15
10519,"Smith, King and Lopez",Manufacturing,Enterprise,Iran,North America,2025-08-28
10520,Finley Inc,Retail,Mid-Market,Gibraltar,North America,2022-07-21
10521,"Harris, Coleman and Reid",Retail,SMB,Nepal,LATAM,2024-04-25
10522,Miller-Hall,Technology,Enterprise,Botswana,North America,2024-02-05
10523,"Gonzalez, Richardson and Kline",Technology,Mid-Market,Denmark,LATAM,2023-05-18
10524,Hernandez-Wilkerson,Finance,Mid-Market,Germany,LATAM,2025-05-23
10525,Cabrera PLC,Finance,Mid-Market,Colombia,LATAM,2023-11-05
10526,"Alexander, Ortiz and Figueroa",Finance,SMB,Sudan,North America,2024-11-25
10527,"Alvarez, Lawrence and Rivera",Healthcare,SMB,Guinea,North America,2022-07-22
10528,"Maldonado, Hoffman and Sharp",Healthcare,Mid-Market,Bermuda,Europe,2023-05-13
10529,"Weeks, Edwards and Moon",Manufacturing,Mid-Market,Qatar,LATAM,2023-12-04
10530,Smith-Harris,Healthcare,Enterprise,Namibia,APAC,2024-02-04
10531,"Moore, Robertson and Williams",Finance,Enterprise,Singapore,North America,2026-01-27
10532,"Crawford, White and Howe",Finance,Mid-Market,Guatemala,Europe,2023-12-04
10533,Davis Ltd,Finance,SMB,Cyprus,Europe,2023-06-10
10534,"Hampton, Jones and Oneill",Finance,SMB,Congo,APAC,2024-03-21
10535,"Knight, Norris and Combs",Manufacturing,SMB,Egypt,APAC,2023-03-16
10536,"Ibarra, Garrett and Meadows",Technology,Enterprise,Spain,Europe,2026-02-23
10537,Davidson-Frank,Technology,SMB,Venezuela,APAC,2025-10-09
10538,Johnson-Vega,Healthcare,SMB,Bahrain,APAC,2026-02-02
10539,Stone-Bryant,Technology,Enterprise,Tokelau,APAC,2022-11-13
10540,Hess-Williams,Retail,SMB,Svalbard & Jan Mayen Islands,Europe,2024-02-10
10541,Cook-Gilbert,Healthcare,Mid-Market,Antigua and Barbuda,APAC,2024-05-15
10542,Nelson Inc,Finance,Mid-Market,Bermuda,APAC,2026-02-28
10543,"Williams, Welch and Valencia",Manufacturing,SMB,Mexico,Europe,2026-01-25
10544,Evans-Johnson,Healthcare,Mid-Market,Greece,LATAM,2024-03-03
10545,"Brown, Wall and Rodriguez",Manufacturing,Mid-Market,Cocos (Keeling) Islands,LATAM,2024-11-21
10546,"Johnson, Hansen and Meyer",Finance,Enterprise,Ghana,North America,2025-04-22
10547,Miller-Jackson,Healthcare,Enterprise,Slovakia (Slovak Republic),LATAM,2022-12-14
10548,Robertson-Jones,Healthcare,Enterprise,Niger,Europe,2025-08-08
10549,Hanson Inc,Finance,Mid-Market,Libyan Arab Jamahiriya,Europe,2024-05-17
10550,Morrison PLC,Retail,Enterprise,Korea,Europe,2024-05-17
10551,Davis and Sons,Technology,Mid-Market,Cameroon,Europe,2022-10-14
10552,"Williams, Gomez and Perez",Healthcare,Enterprise,Tunisia,LATAM,2025-10-22
10553,"Velazquez, Clark and Jackson",Technology,Enterprise,Myanmar,North America,2024-05-21
10554,Thomas-Thompson,Manufacturing,Enterprise,Bermuda,North America,2025-08-31
10555,Wiggins Inc,Finance,Enterprise,Palau,North America,2026-04-20
10556,"Bridges, Brown and Rogers",Technology,Mid-Market,San Marino,Europe,2025-06-19
10557,"Schmidt, Delgado and Sawyer",Manufacturing,SMB,Taiwan,LATAM,2026-03-25
10558,"Bradley, Wade and Jennings",Retail,Enterprise,Philippines,North America,2023-12-04
10559,"Jones, Todd and Jimenez",Healthcare,SMB,Luxembourg,LATAM,2022-11-22
10560,White and Sons,Manufacturing,Enterprise,New Zealand,North America,2024-05-17
10561,"Martin, Richardson and Jones",Finance,Enterprise,Gabon,LATAM,2022-07-17
10562,Morris Group,Retail,Enterprise,Seychelles,Europe,2022-07-02
10563,Jackson-Peterson,Healthcare,SMB,France,APAC,2024-11-09
10564,Brown-Nicholson,Healthcare,Mid-Market,Nepal,APAC,2022-09-18
10565,Walker and Sons,Finance,Enterprise,Peru,LATAM,2023-02-28
10566,"Martin, Mayo and Weaver",Manufacturing,SMB,Russian Federation,Europe,2026-01-16
10567,Flores Ltd,Finance,SMB,Italy,LATAM,2025-07-03
10568,"Colon, Ritter and Henry",Healthcare,SMB,Anguilla,Europe,2023-10-14
10569,Smith-Martin,Retail,SMB,Tuvalu,LATAM,2023-07-21
10570,"Mcclure, Rodriguez and Scott",Finance,SMB,Belgium,Europe,2025-05-12
10571,Case-Potter,Finance,SMB,Uzbekistan,APAC,2026-02-19
10572,Brown Group,Retail,Enterprise,Russian Federation,APAC,2025-03-09
10573,"Blankenship, Ball and Thomas",Finance,SMB,Belarus,LATAM,2024-10-30
10574,Cook Ltd,Healthcare,Mid-Market,Zimbabwe,APAC,2025-12-28
10575,"Burton, Grant and Mullen",Retail,Enterprise,Antigua and Barbuda,APAC,2025-12-31
10576,"Marshall, Briggs and Ramsey",Retail,Enterprise,New Caledonia,North America,2023-09-17
10577,"Brooks, Stone and Mendoza",Retail,Mid-Market,Singapore,LATAM,2026-05-11
10578,Chan Ltd,Healthcare,SMB,Switzerland,Europe,2025-04-18
10579,Morton PLC,Retail,Mid-Market,Korea,Europe,2023-11-23
10580,Compton-Black,Technology,Mid-Market,Russian Federation,North America,2025-06-22
10581,Hahn Group,Technology,Enterprise,Armenia,Europe,2024-12-19
10582,Hahn and Sons,Finance,Mid-Market,Palestinian Territory,North America,2025-10-01
10583,Smith-Hayes,Technology,SMB,Nigeria,APAC,2025-06-14
10584,"Gregory, Logan and Mitchell",Finance,SMB,Mexico,LATAM,2022-09-03
10585,"Wood, Roberts and Armstrong",Manufacturing,SMB,Mali,LATAM,2024-12-28
10586,Ryan and Sons,Technology,SMB,Saint Lucia,Europe,2024-10-20
10587,"Matthews, Morton and Harrington",Technology,Enterprise,North Macedonia,LATAM,2024-05-28
10588,"Dunn, Glover and Holland",Technology,SMB,Estonia,North America,2026-05-08
10589,"Stevens, Shepherd and Brown",Technology,SMB,Jamaica,APAC,2025-07-01
10590,Underwood-Williams,Technology,SMB,Yemen,Europe,2025-01-14
10591,Morales Ltd,Finance,SMB,Burundi,North America,2023-12-28
10592,Franklin PLC,Finance,Mid-Market,Christmas Island,LATAM,2025-12-29
10593,"Thomas, Conway and Willis",Technology,SMB,Thailand,LATAM,2025-05-02
10594,Munoz-Watts,Healthcare,Mid-Market,Switzerland,Europe,2022-06-17
10595,White-Lopez,Healthcare,Enterprise,Cote d'Ivoire,APAC,2022-09-22
10596,Joyce PLC,Healthcare,Enterprise,Mexico,LATAM,2024-11-06
10597,"Shields, Howe and Baird",Retail,Mid-Market,Samoa,North America,2025-07-30
10598,"Neal, Davis and Ward",Healthcare,Enterprise,Anguilla,LATAM,2023-03-28
10599,Parker Inc,Retail,SMB,Kiribati,Europe,2022-08-26
10600,"Cook, Hall and Williams",Healthcare,Mid-Market,Saint Barthelemy,LATAM,2025-06-30
10601,"Hall, Grant and Garcia",Manufacturing,Enterprise,Netherlands,Europe,2026-03-27
10602,"Long, Odonnell and Chan",Manufacturing,Mid-Market,Christmas Island,APAC,2023-10-17
10603,Ramirez Ltd,Finance,Mid-Market,Saint Vincent and the Grenadines,LATAM,2025-08-18
10604,Norris-Bradley,Technology,Mid-Market,Senegal,North America,2025-08-28
10605,"White, Small and Weaver",Technology,SMB,Congo,APAC,2025-04-26
10606,Cunningham Ltd,Retail,Mid-Market,Myanmar,North America,2025-04-24
10607,Mahoney Group,Retail,Mid-Market,Palau,Europe,2024-05-15
10608,Davenport-Patterson,Retail,SMB,Turkey,APAC,2024-07-13
10609,"Yu, Johnson and Conley",Manufacturing,Mid-Market,Malaysia,Europe,2024-09-27
10610,"Kent, Carter and Brown",Healthcare,SMB,Myanmar,LATAM,2024-07-13
10611,"Hancock, Lee and Brown",Finance,Enterprise,Syrian Arab Republic,LATAM,2024-08-28
10612,Estrada-Gallegos,Finance,Enterprise,Madagascar,LATAM,2024-08-06
10613,"Brown, Morales and Taylor",Manufacturing,Enterprise,India,North America,2025-01-10
10614,Logan LLC,Manufacturing,SMB,Romania,Europe,2024-04-05
10615,Wyatt-Moore,Retail,Enterprise,Korea,North America,2026-03-14
10616,"Tanner, Fitzgerald and Henderson",Technology,Mid-Market,Saint Helena,North America,2023-03-18
10617,Carter-Williams,Healthcare,Mid-Market,Vietnam,North America,2024-06-28
10618,Gomez-Pena,Technology,Mid-Market,Niger,APAC,2022-11-29
10619,Sparks Ltd,Finance,Enterprise,Palestinian Territory,LATAM,2025-05-20
10620,"Mendoza, Oliver and Stephens",Healthcare,Mid-Market,Cote d'Ivoire,Europe,2026-03-10
10621,"Romero, Green and Chambers",Healthcare,Mid-Market,Angola,Europe,2024-09-17
10622,Montoya Ltd,Technology,Mid-Market,Tajikistan,North America,2023-02-07
10623,Velez-Jones,Finance,SMB,Faroe Islands,Europe,2026-05-15
10624,Owens PLC,Finance,SMB,Niger,Europe,2024-07-08
10625,"Harris, Ramirez and Webster",Finance,SMB,Panama,APAC,2025-06-23
10626,"Waller, Fitzgerald and Sanchez",Manufacturing,SMB,United Arab Emirates,Europe,2023-08-01
10627,"Finley, Wilson and Cole",Retail,Mid-Market,Tonga,Europe,2024-09-26
10628,Byrd PLC,Finance,SMB,Saint Lucia,LATAM,2024-11-09
10629,"Johnson, Bonilla and Johnston",Technology,Enterprise,Lebanon,Europe,2026-04-04
10630,"Riley, Moreno and Rodriguez",Healthcare,Mid-Market,Guinea,LATAM,2024-09-16
10631,Hamilton-Ayala,Finance,Enterprise,Croatia,Europe,2023-09-07
10632,Roth PLC,Retail,Enterprise,United Arab Emirates,Europe,2025-01-28
10633,"Burke, Anderson and Drake",Technology,SMB,Saint Helena,Europe,2024-07-02
10634,Hoffman Ltd,Manufacturing,Enterprise,Hong Kong,APAC,2022-08-27
10635,"Baldwin, Porter and Coleman",Healthcare,SMB,Germany,APAC,2022-12-15
10636,Huber Group,Retail,SMB,Madagascar,APAC,2025-11-22
10637,Bowman Inc,Retail,Mid-Market,South Africa,North America,2024-08-31
10638,Hayden PLC,Technology,SMB,Bosnia and Herzegovina,LATAM,2022-08-14
10639,Washington-Duncan,Technology,SMB,Timor-Leste,LATAM,2026-04-27
10640,"Rodriguez, Reed and Martin",Technology,SMB,Cote d'Ivoire,Europe,2026-06-04
10641,Evans-Dougherty,Healthcare,Mid-Market,Bolivia,LATAM,2024-10-26
10642,"Thompson, Andersen and Tucker",Retail,Mid-Market,Netherlands,LATAM,2023-11-09
10643,Collins-Hull,Manufacturing,Mid-Market,British Indian Ocean Territory (Chagos Archipelago),Europe,2025-11-20
10644,"Mayer, Hanson and Lawrence",Technology,Mid-Market,Paraguay,LATAM,2023-02-12
10645,Burke-Snow,Manufacturing,Enterprise,Isle of Man,APAC,2025-02-04
10646,"Lopez, Lee and Keller",Finance,SMB,Sudan,North America,2023-09-20
10647,Lewis-White,Healthcare,Enterprise,Iceland,Europe,2024-10-20
10648,Rogers-Bennett,Technology,Enterprise,Ghana,APAC,2025-10-25
10649,Brown-Lewis,Finance,SMB,Bolivia,North America,2024-05-06
10650,Blair LLC,Finance,Mid-Market,Malta,LATAM,2023-08-10
10651,Yoder-Stephens,Technology,SMB,Liechtenstein,North America,2022-12-27
10652,"Burns, Fuentes and Reid",Manufacturing,Enterprise,India,APAC,2022-06-29
10653,Pope LLC,Technology,Enterprise,Mayotte,North America,2025-07-16
10654,Jones LLC,Healthcare,Enterprise,Guinea-Bissau,LATAM,2024-04-02
10655,Ward-Shepherd,Manufacturing,Enterprise,Tanzania,North America,2024-05-30
10656,"Moyer, Harrison and Martinez",Manufacturing,Mid-Market,El Salvador,LATAM,2024-08-19
10657,Benson Ltd,Manufacturing,Mid-Market,Guatemala,APAC,2025-05-02
10658,"Graves, Wade and Diaz",Healthcare,Enterprise,Samoa,North America,2025-01-13
10659,Gaines LLC,Technology,SMB,Tonga,Europe,2022-10-08
10660,Garcia Group,Manufacturing,Mid-Market,Syrian Arab Republic,North America,2024-06-24
10661,Barnett-Rasmussen,Finance,Enterprise,Samoa,APAC,2022-12-31
10662,Ortega Ltd,Retail,Enterprise,Mali,APAC,2023-11-27
10663,Gray Inc,Technology,Enterprise,Niger,Europe,2023-09-10
10664,"Olsen, West and Wright",Retail,SMB,Saint Martin,Europe,2024-04-17
10665,Jones-Perkins,Healthcare,Enterprise,Anguilla,North America,2024-07-16
10666,Robbins Inc,Finance,Mid-Market,Ecuador,North America,2023-05-07
10667,Caldwell Ltd,Technology,SMB,Bosnia and Herzegovina,APAC,2024-06-08
10668,"Miller, Gutierrez and Hayes",Technology,Enterprise,Macao,LATAM,2024-05-23
10669,Smith Ltd,Technology,Mid-Market,Yemen,LATAM,2024-05-20
10670,Marshall-Ramirez,Finance,Mid-Market,Albania,Europe,2026-01-12
10671,Nielsen-Henson,Healthcare,Enterprise,Belgium,APAC,2023-08-18
10672,Weaver-Patterson,Manufacturing,Enterprise,British Indian Ocean Territory (Chagos Archipelago),LATAM,2025-03-11
10673,Collins LLC,Finance,Mid-Market,Eritrea,North America,2025-08-03
10674,"Chandler, Wallace and Morrison",Technology,Enterprise,Armenia,North America,2022-11-08
10675,Wallace and Sons,Retail,Enterprise,Mayotte,Europe,2023-09-24
10676,Andrade Inc,Finance,Mid-Market,Yemen,APAC,2022-10-17
10677,Fritz PLC,Technology,Enterprise,Barbados,Europe,2026-05-11
10678,Berry and Sons,Technology,SMB,Luxembourg,Europe,2024-07-21
10679,Williams-Holmes,Retail,SMB,Reunion,North America,2024-01-03
10680,"Stewart, Russell and Sheppard",Technology,Enterprise,Trinidad and Tobago,North America,2023-07-01
10681,Newman Group,Finance,SMB,Haiti,LATAM,2023-04-07
10682,Walker-Hurst,Manufacturing,SMB,Colombia,North America,2023-11-18
10683,Quinn Ltd,Technology,Enterprise,Dominican Republic,North America,2022-07-01
10684,Robinson Group,Manufacturing,Mid-Market,Maldives,APAC,2024-07-22
10685,Neal PLC,Manufacturing,Mid-Market,Moldova,APAC,2023-10-30
10686,Baldwin PLC,Healthcare,Mid-Market,Belgium,LATAM,2024-04-20
10687,"Taylor, Evans and Acosta",Retail,SMB,Hong Kong,Europe,2025-05-29
10688,Jensen-Elliott,Finance,Mid-Market,Malta,LATAM,2024-12-17
10689,"Frost, Reid and Alvarez",Healthcare,Enterprise,Somalia,Europe,2024-05-27
10690,Donovan Group,Technology,Enterprise,Russian Federation,APAC,2025-11-25
10691,Ruiz PLC,Finance,SMB,Falkland Islands (Malvinas),North America,2026-03-26
10692,Williams-Johnson,Healthcare,Mid-Market,Cyprus,APAC,2025-12-22
10693,Landry-Huynh,Retail,Mid-Market,Russian Federation,Europe,2022-07-23
10694,"Parker, Turner and Schmitt",Manufacturing,SMB,India,LATAM,2023-04-03
10695,Barrett-Hopkins,Manufacturing,SMB,Micronesia,APAC,2023-08-27
10696,"Odom, Cross and Richards",Healthcare,Enterprise,Egypt,Europe,2025-03-04
10697,"Ruiz, Davis and Terry",Retail,Mid-Market,Albania,LATAM,2024-05-21
10698,Hebert-Coffey,Technology,SMB,Botswana,LATAM,2025-08-19
10699,Schroeder Inc,Healthcare,SMB,Libyan Arab Jamahiriya,APAC,2025-01-15
10700,Petty-Rich,Retail,Mid-Market,Holy See (Vatican City State),LATAM,2026-03-17
10701,Mann PLC,Healthcare,SMB,Somalia,LATAM,2023-10-17
10702,Jones and Sons,Technology,SMB,Togo,Europe,2025-08-05
10703,Cooley-Thompson,Manufacturing,Enterprise,Myanmar,North America,2024-10-01
10704,White-Cole,Manufacturing,Enterprise,Puerto Rico,North America,2023-10-20
10705,Mendez-Davidson,Technology,Mid-Market,Guernsey,North America,2024-04-17
10706,Mckenzie Inc,Retail,SMB,Mauritania,Europe,2026-05-22
10707,Everett and Sons,Retail,Mid-Market,Austria,LATAM,2024-10-12
10708,Herring Ltd,Healthcare,Mid-Market,Trinidad and Tobago,APAC,2023-09-26
10709,"Howard, Porter and Flores",Manufacturing,SMB,American Samoa,North America,2025-11-12
10710,"Cabrera, Bryant and Webb",Finance,Mid-Market,Mongolia,LATAM,2024-04-13
10711,Blake Ltd,Technology,Enterprise,Mexico,Europe,2023-10-19
10712,Torres LLC,Finance,Mid-Market,Paraguay,Europe,2023-09-20
10713,Price LLC,Manufacturing,Enterprise,Czech Republic,Europe,2023-05-22
10714,Medina PLC,Technology,Enterprise,Palestinian Territory,North America,2023-04-02
10715,"Lindsey, Morales and Morris",Healthcare,SMB,Dominican Republic,LATAM,2025-01-27
10716,"Sawyer, Robinson and Robinson",Retail,SMB,Guam,LATAM,2025-11-26
10717,Wilson-Roman,Finance,Mid-Market,Serbia,North America,2023-08-05
10718,"Peterson, Gibson and Smith",Finance,Enterprise,Vanuatu,APAC,2023-05-19
10719,Peters-Valenzuela,Healthcare,Enterprise,Czech Republic,LATAM,2025-06-29
10720,Horne-Hill,Healthcare,Enterprise,Reunion,North America,2023-02-07
10721,Massey Group,Finance,Enterprise,Isle of Man,APAC,2024-08-03
10722,Hoffman and Sons,Technology,Enterprise,Guinea-Bissau,APAC,2025-12-29
10723,Tyler PLC,Manufacturing,Mid-Market,Barbados,LATAM,2026-03-16
10724,Cooper-Bell,Healthcare,Mid-Market,Bangladesh,Europe,2022-09-14
10725,Davis-Campbell,Finance,SMB,Barbados,Europe,2023-05-31
10726,"Hammond, Young and Phelps",Healthcare,Mid-Market,Tunisia,Europe,2023-11-26
10727,Anderson and Sons,Technology,SMB,Uganda,LATAM,2025-05-18
10728,Williams LLC,Retail,Mid-Market,Aruba,APAC,2024-04-27
10729,"Holland, Aguilar and Tran",Manufacturing,Enterprise,Solomon Islands,Europe,2023-02-08
10730,Mueller Ltd,Finance,Enterprise,Papua New Guinea,APAC,2023-09-02
10731,Lopez-Beck,Technology,Mid-Market,Costa Rica,North America,2025-03-26
10732,Rice Group,Technology,SMB,Eritrea,APAC,2024-01-18
10733,Wells-Lewis,Finance,SMB,Malta,North America,2023-04-02
10734,"Brown, Campbell and Haley",Technology,SMB,American Samoa,Europe,2026-01-07
10735,"Jones, Jones and Kemp",Finance,SMB,Bahamas,LATAM,2022-07-18
10736,Nguyen and Sons,Retail,SMB,Papua New Guinea,Europe,2026-04-14
10737,Hernandez-Davis,Technology,Enterprise,Sao Tome and Principe,APAC,2026-05-25
10738,"Anderson, Simmons and Wilson",Finance,Enterprise,French Southern Territories,North America,2022-06-14
10739,White Group,Manufacturing,SMB,Zambia,North America,2023-10-26
10740,Summers PLC,Retail,SMB,Angola,Europe,2022-07-06
10741,Contreras Group,Manufacturing,SMB,Pitcairn Islands,North America,2025-06-01
10742,"Smith, Stout and Mendoza",Retail,Mid-Market,Zambia,LATAM,2025-10-20
10743,Myers PLC,Manufacturing,Mid-Market,Japan,LATAM,2022-06-17
10744,"Greer, Fernandez and Mckinney",Manufacturing,SMB,Reunion,Europe,2024-08-23
10745,"Carter, Delgado and Fleming",Finance,Enterprise,Iceland,Europe,2025-03-07
10746,Watts Inc,Healthcare,Enterprise,Guam,APAC,2023-12-25
10747,Booth Ltd,Technology,Mid-Market,Morocco,Europe,2024-08-27
10748,Sanders Group,Manufacturing,Enterprise,Trinidad and Tobago,Europe,2023-11-28
10749,Rodriguez-Vargas,Healthcare,Mid-Market,Faroe Islands,Europe,2023-09-14
10750,Miles PLC,Healthcare,Enterprise,Azerbaijan,LATAM,2026-01-30
10751,Brooks-Rios,Healthcare,SMB,United States Minor Outlying Islands,North America,2024-04-03
10752,"Singh, Peck and Hunter",Healthcare,SMB,Saint Helena,Europe,2025-07-01
10753,Flynn Inc,Technology,Enterprise,El Salvador,North America,2024-04-14
10754,Kennedy-Ferguson,Retail,Enterprise,Germany,Europe,2023-08-02
10755,"Knight, Reed and Holt",Retail,Enterprise,Gibraltar,North America,2023-03-24
10756,Jimenez Inc,Retail,Enterprise,Cape Verde,North America,2026-03-21
10757,Wilson and Sons,Manufacturing,Mid-Market,Malta,APAC,2024-11-17
10758,Bowen LLC,Finance,Enterprise,Jordan,LATAM,2022-06-10
10759,"Murphy, Acosta and Green",Manufacturing,Mid-Market,Germany,North America,2025-03-12
10760,Brooks-Mccarthy,Retail,Mid-Market,Vanuatu,APAC,2023-05-17
10761,Hughes Ltd,Finance,Enterprise,Saint Pierre and Miquelon,Europe,2025-07-20
10762,"Morgan, Dyer and Walters",Manufacturing,Enterprise,Burundi,APAC,2024-01-31
10763,Peterson Ltd,Technology,SMB,Denmark,North America,2024-07-09
10764,Roth and Sons,Retail,Mid-Market,Tokelau,Europe,2023-01-18
10765,Mckee-Olson,Healthcare,SMB,Jersey,North America,2023-03-07
10766,"Johnson, Sparks and Morales",Retail,SMB,Eritrea,Europe,2023-06-15
10767,"Garcia, Sims and Cobb",Manufacturing,Mid-Market,Vanuatu,Europe,2025-11-04
10768,Hanson-Brady,Technology,Enterprise,Suriname,North America,2022-11-09
10769,"Hernandez, Burke and Campbell",Finance,SMB,Wallis and Futuna,North America,2023-12-31
10770,Walsh-Zimmerman,Technology,SMB,Lesotho,Europe,2023-03-23
10771,"Bennett, Fowler and Bennett",Finance,Mid-Market,Congo,APAC,2022-07-14
10772,"Herrera, Walker and Wall",Retail,Enterprise,Namibia,LATAM,2026-01-24
10773,Neal Group,Finance,Enterprise,Latvia,LATAM,2025-12-28
10774,Massey Group,Healthcare,SMB,Sierra Leone,LATAM,2025-07-23
10775,"Foster, Lewis and Carson",Technology,SMB,Central African Republic,North America,2025-08-25
10776,"Lopez, Hicks and Gomez",Technology,Mid-Market,Turkey,North America,2026-03-06
10777,"Turner, Woods and Warner",Finance,SMB,Antarctica (the territory South of 60 deg S),North America,2023-08-09
10778,"Jarvis, Nguyen and Marshall",Finance,SMB,Malaysia,North America,2022-10-23
10779,"Wells, Taylor and Cook",Healthcare,SMB,United States Virgin Islands,APAC,2023-05-31
10780,Brown Group,Manufacturing,Mid-Market,Tunisia,LATAM,2023-09-04
10781,Davenport PLC,Manufacturing,Mid-Market,Jordan,Europe,2022-12-16
10782,Perry Inc,Manufacturing,SMB,Romania,LATAM,2025-11-06
10783,"Bryant, Griffin and Marshall",Healthcare,Enterprise,Belarus,Europe,2023-01-28
10784,Clay-Baker,Healthcare,SMB,Tuvalu,APAC,2023-07-21
10785,Pratt-Caldwell,Healthcare,SMB,Ireland,Europe,2026-02-27
10786,"Carr, Yoder and Hendricks",Healthcare,Mid-Market,Mozambique,LATAM,2023-06-08
10787,Jackson Inc,Healthcare,SMB,Haiti,LATAM,2023-03-18
10788,"Clark, Warner and Short",Retail,Enterprise,Jordan,APAC,2025-09-19
10789,Zimmerman Ltd,Retail,SMB,American Samoa,North America,2024-03-21
10790,"Hayes, Jackson and Anderson",Technology,Mid-Market,Mauritania,North America,2023-09-06
10791,Bennett-Munoz,Manufacturing,Mid-Market,Moldova,APAC,2025-03-06
10792,Jackson and Sons,Manufacturing,Mid-Market,Australia,APAC,2023-03-06
10793,Gaines Ltd,Healthcare,SMB,Mauritius,LATAM,2026-04-04
10794,Cannon Ltd,Finance,SMB,Finland,LATAM,2023-04-21
10795,"Cardenas, Perry and Cordova",Manufacturing,Mid-Market,Comoros,Europe,2023-09-22
10796,Park PLC,Healthcare,SMB,Burundi,LATAM,2023-01-23
10797,"Terry, Washington and Peters",Technology,Mid-Market,Suriname,LATAM,2025-06-03
10798,Taylor-Martin,Technology,Enterprise,Portugal,APAC,2023-11-26
10799,Irwin and Sons,Healthcare,SMB,Bosnia and Herzegovina,LATAM,2024-03-12
10800,Fisher-Williams,Technology,Enterprise,Malta,LATAM,2022-07-29
10801,Savage-Williams,Retail,Enterprise,Zambia,LATAM,2024-04-09
10802,Fisher-Rowland,Finance,Enterprise,Kenya,APAC,2024-02-04
10803,"Lawson, Mcfarland and Steele",Technology,Mid-Market,American Samoa,LATAM,2025-06-25
10804,Douglas Ltd,Manufacturing,Enterprise,Belgium,North America,2025-05-31
10805,Conway-Perez,Technology,SMB,Liberia,Europe,2025-08-31
10806,"Brooks, Eaton and Navarro",Technology,SMB,Namibia,North America,2024-10-05
10807,Shea-Turner,Technology,Mid-Market,Paraguay,LATAM,2022-10-12
10808,Pittman-Rodriguez,Retail,Mid-Market,Germany,LATAM,2023-01-03
10809,Bond-Moore,Healthcare,Mid-Market,Senegal,Europe,2022-12-26
10810,Aguilar-Kim,Manufacturing,SMB,Saint Barthelemy,LATAM,2025-08-16
10811,Hall-Harris,Manufacturing,SMB,Kiribati,APAC,2022-11-28
10812,Summers Group,Retail,Enterprise,Luxembourg,APAC,2024-01-19
10813,"Mccoy, Wright and Howard",Technology,Mid-Market,Thailand,North America,2023-11-23
10814,Maxwell Inc,Healthcare,SMB,Jersey,Europe,2023-08-08
10815,Green and Sons,Manufacturing,Mid-Market,Dominica,APAC,2024-03-29
10816,Murray-James,Retail,SMB,Bulgaria,APAC,2025-03-31
10817,Fisher LLC,Manufacturing,Enterprise,French Southern Territories,LATAM,2024-09-01
10818,Roberts-Thornton,Retail,SMB,Vanuatu,Europe,2023-01-03
10819,Clark PLC,Finance,SMB,Ireland,North America,2026-05-12
10820,Schmidt Ltd,Retail,SMB,Chad,North America,2023-07-08
10821,Garcia-House,Technology,Mid-Market,Guam,LATAM,2023-12-21
10822,Franklin-Thomas,Retail,Enterprise,Kenya,LATAM,2024-12-12
10823,Clark-Watts,Manufacturing,Enterprise,Congo,Europe,2026-05-07
10824,"Johnson, James and Smith",Finance,SMB,Algeria,Europe,2023-08-26
10825,"Taylor, Middleton and Hoffman",Healthcare,SMB,Luxembourg,North America,2026-05-04
10826,"Simpson, Murphy and Brown",Retail,Enterprise,Dominica,North America,2023-07-13
10827,Baxter-Lane,Manufacturing,Enterprise,Canada,LATAM,2024-09-09
10828,"Michael, Jones and Miranda",Healthcare,Enterprise,Samoa,Europe,2025-08-16
10829,"Marshall, Jordan and Moore",Finance,SMB,Jersey,North America,2024-09-27
10830,Ortiz-Peck,Finance,Enterprise,Venezuela,LATAM,2023-01-16
10831,"Kirby, Tucker and Nash",Retail,SMB,Liberia,APAC,2024-04-14
10832,Davis-Wilson,Finance,Mid-Market,Mexico,APAC,2023-08-13
10833,Crawford Ltd,Retail,Enterprise,Armenia,LATAM,2025-10-11
10834,Hood Group,Manufacturing,SMB,Greenland,North America,2024-06-01
10835,Davis Inc,Healthcare,Enterprise,Albania,North America,2023-10-27
10836,Miller-Martinez,Retail,Enterprise,Guinea,North America,2024-06-22
10837,"Hughes, Ford and Wright",Manufacturing,Enterprise,Mauritius,LATAM,2026-05-28
10838,Martin and Sons,Technology,Enterprise,Switzerland,APAC,2023-03-18
10839,Hernandez-Waller,Retail,Enterprise,Korea,APAC,2024-05-11
10840,Brown-Edwards,Manufacturing,Enterprise,China,North America,2025-07-13
10841,"Davies, Richardson and Thomas",Finance,SMB,Estonia,Europe,2024-06-28
10842,Allison-Garcia,Retail,Enterprise,Netherlands Antilles,APAC,2024-09-07
10843,Long Inc,Technology,SMB,Micronesia,North America,2025-08-01
10844,Olsen-Christian,Retail,SMB,Sao Tome and Principe,LATAM,2023-09-06
10845,Armstrong-Merritt,Finance,Enterprise,Sri Lanka,Europe,2024-09-01
10846,Carroll Group,Technology,Mid-Market,Marshall Islands,LATAM,2024-08-18
10847,Hughes Group,Finance,Mid-Market,Svalbard & Jan Mayen Islands,LATAM,2025-06-17
10848,Jones-Shaw,Technology,SMB,Nicaragua,LATAM,2025-03-09
10849,Holland-Summers,Technology,Mid-Market,Cuba,North America,2024-08-19
10850,"Thomas, Jones and Walker",Healthcare,SMB,Tanzania,APAC,2025-10-31
10851,Sanders and Sons,Retail,Enterprise,Lithuania,Europe,2024-09-11
10852,Fitzpatrick-Nelson,Healthcare,SMB,Venezuela,North America,2024-02-16
10853,"Cunningham, Morales and Davidson",Finance,SMB,Martinique,LATAM,2025-02-23
10854,"Armstrong, Barnett and Hunter",Retail,SMB,Eritrea,APAC,2022-10-15
10855,"Martinez, Kent and Owens",Finance,Mid-Market,Bahrain,Europe,2026-02-14
10856,"Davis, Cannon and Riley",Finance,Mid-Market,Mongolia,APAC,2025-11-29
10857,"Sanders, Guzman and Brown",Technology,Enterprise,Cape Verde,Europe,2022-07-19
10858,Murphy-Thompson,Manufacturing,Mid-Market,Ecuador,North America,2024-05-12
10859,Ramsey-Petty,Retail,Mid-Market,Brunei Darussalam,LATAM,2024-12-26
10860,Castro-Cook,Healthcare,SMB,Djibouti,North America,2023-10-11
10861,Adams and Sons,Finance,SMB,Pitcairn Islands,Europe,2026-02-10
10862,Lucas Ltd,Finance,Enterprise,Armenia,LATAM,2024-01-29
10863,Chang Ltd,Retail,Enterprise,Suriname,APAC,2024-08-16
10864,"Perkins, Parker and Bass",Healthcare,SMB,Togo,Europe,2024-07-12
10865,"Delacruz, Becker and Mclaughlin",Technology,SMB,Micronesia,Europe,2026-03-16
10866,Sanchez Ltd,Healthcare,SMB,Belgium,APAC,2023-04-07
10867,Hood-Jimenez,Healthcare,Mid-Market,Pakistan,Europe,2025-01-29
10868,Sherman Inc,Retail,SMB,South Georgia and the South Sandwich Islands,LATAM,2023-03-10
10869,"Miller, Hampton and Galvan",Manufacturing,Mid-Market,Brazil,North America,2024-12-04
10870,Jennings Group,Finance,Mid-Market,Equatorial Guinea,LATAM,2025-09-14
10871,Stone-Jackson,Finance,Mid-Market,United Arab Emirates,Europe,2024-10-05
10872,"Padilla, Steele and Mcgrath",Finance,SMB,Andorra,APAC,2023-10-27
10873,Taylor PLC,Technology,SMB,New Caledonia,Europe,2025-02-07
10874,Beasley-Villegas,Retail,Enterprise,Burkina Faso,Europe,2025-06-03
10875,"Martinez, Wells and Martinez",Finance,Mid-Market,Macao,Europe,2022-11-10
10876,Ray-Jennings,Finance,SMB,Mongolia,Europe,2025-03-14
10877,Alexander-Graham,Retail,Enterprise,Saint Barthelemy,LATAM,2025-01-29
10878,Vazquez PLC,Retail,SMB,Djibouti,APAC,2025-01-28
10879,Miller Ltd,Technology,Mid-Market,Moldova,LATAM,2023-04-10
10880,"Juarez, Gaines and Collier",Healthcare,SMB,Israel,North America,2022-09-06
10881,Miller-Martin,Retail,SMB,Montenegro,North America,2024-04-20
10882,Vaughn Ltd,Technology,Mid-Market,Gabon,APAC,2024-10-30
10883,Smith-Jones,Retail,Enterprise,Niger,North America,2026-05-22
10884,"Fleming, Villanueva and Johnson",Retail,Mid-Market,Swaziland,LATAM,2024-10-25
10885,"Odonnell, Mays and Turner",Retail,Mid-Market,Slovenia,Europe,2022-10-29
10886,Hale-Harding,Finance,SMB,Belgium,APAC,2023-01-09
10887,"Morton, Moses and Cohen",Manufacturing,Enterprise,Eritrea,North America,2025-10-11
10888,Preston Ltd,Healthcare,Mid-Market,French Polynesia,North America,2026-02-15
10889,Blake Group,Technology,Mid-Market,Belarus,LATAM,2023-06-27
10890,"Ford, Gonzalez and Fleming",Finance,Enterprise,Palestinian Territory,APAC,2025-06-01
10891,Thompson and Sons,Manufacturing,Mid-Market,Togo,North America,2025-06-11
10892,"Ray, Payne and Schwartz",Technology,Mid-Market,Luxembourg,Europe,2025-01-13
10893,"Barker, King and Garcia",Technology,SMB,Guernsey,LATAM,2022-12-30
10894,Arnold-Campbell,Finance,Mid-Market,Iceland,Europe,2023-08-06
10895,"Martinez, Day and Brown",Technology,Mid-Market,Heard Island and McDonald Islands,LATAM,2024-03-23
10896,Donaldson-Cook,Finance,Mid-Market,Kuwait,North America,2023-11-28
10897,"Ali, Bell and Norman",Manufacturing,Enterprise,Nepal,North America,2023-02-26
10898,"Fox, Gonzalez and Cole",Manufacturing,SMB,Gambia,North America,2023-01-31
10899,Garcia and Sons,Manufacturing,SMB,Thailand,Europe,2023-09-14
10900,Johnson-Davis,Retail,Mid-Market,Mauritania,APAC,2025-03-27
10901,"Lopez, Frederick and Sims",Manufacturing,SMB,Costa Rica,APAC,2023-09-11
10902,"White, Nicholson and Skinner",Technology,Enterprise,Burundi,Europe,2024-04-23
10903,"Donovan, Griffin and Watkins",Retail,Mid-Market,Falkland Islands (Malvinas),APAC,2022-11-25
10904,Reilly-Compton,Manufacturing,Mid-Market,Lao People's Democratic Republic,North America,2022-09-18
10905,Barnes LLC,Retail,Mid-Market,Bolivia,North America,2023-11-21
10906,"Gonzalez, Alvarado and James",Healthcare,Mid-Market,Greece,North America,2023-12-13
10907,Roberts-Patterson,Retail,Enterprise,Dominica,Europe,2024-04-04
10908,"Montgomery, Rivera and Oneill",Healthcare,Mid-Market,Gambia,LATAM,2026-02-16
10909,Ford-Johns,Manufacturing,Enterprise,Myanmar,North America,2023-04-28
10910,"Jones, Berry and Collins",Manufacturing,Enterprise,Korea,Europe,2026-03-20
10911,Simon Ltd,Healthcare,Mid-Market,French Polynesia,APAC,2024-06-01
10912,"Chase, Hammond and Matthews",Technology,Mid-Market,Aruba,North America,2024-03-05
10913,"Allison, Bradley and Joseph",Manufacturing,Enterprise,Palestinian Territory,Europe,2024-10-15
10914,"Graves, Hill and Quinn",Technology,Enterprise,Nicaragua,APAC,2024-09-14
10915,Hernandez LLC,Technology,Enterprise,Mauritius,North America,2022-06-30
10916,Brown-Kelly,Manufacturing,Enterprise,Comoros,LATAM,2025-01-22
10917,Moore and Sons,Technology,Mid-Market,Japan,Europe,2023-12-18
10918,"Miller, Martinez and Anderson",Finance,Enterprise,Cyprus,Europe,2022-12-07
10919,Newman-Blake,Technology,SMB,Ukraine,APAC,2024-12-14
10920,Horton-Beck,Healthcare,SMB,Yemen,Europe,2024-05-30
10921,King and Sons,Retail,Mid-Market,Congo,North America,2024-11-07
10922,Trevino PLC,Retail,SMB,Nigeria,LATAM,2025-08-27
10923,Sampson and Sons,Finance,SMB,Japan,LATAM,2022-11-17
10924,Hunter-Chavez,Retail,Mid-Market,Saint Martin,Europe,2023-07-06
10925,Walter PLC,Technology,Mid-Market,Central African Republic,LATAM,2022-09-20
10926,Hubbard-Hall,Retail,Enterprise,Lao People's Democratic Republic,LATAM,2025-01-19
10927,Williams-Herrera,Manufacturing,Mid-Market,Israel,LATAM,2022-10-10
10928,Bailey-Smith,Finance,Mid-Market,American Samoa,North America,2024-01-19
10929,Lloyd Inc,Retail,SMB,Gabon,Europe,2025-01-08
10930,Smith LLC,Finance,Mid-Market,Indonesia,LATAM,2023-08-28
10931,"Chandler, Herrera and Hoffman",Retail,Mid-Market,Burundi,North America,2022-09-05
10932,Rangel-Gallegos,Healthcare,SMB,Azerbaijan,LATAM,2024-12-20
10933,"Joyce, Robertson and Baker",Healthcare,Enterprise,Canada,North America,2022-09-18
10934,"Berry, Romero and Roberts",Technology,Mid-Market,United States Virgin Islands,APAC,2025-09-16
10935,Johnson-Warren,Healthcare,Mid-Market,Guadeloupe,North America,2026-03-16
10936,"Obrien, Glover and Holmes",Manufacturing,SMB,Mauritius,APAC,2023-05-12
10937,"Hawkins, Ayers and Perez",Manufacturing,Mid-Market,Paraguay,North America,2026-05-11
10938,"Lopez, Owens and Rodriguez",Technology,Enterprise,Swaziland,Europe,2023-01-18
10939,Brady and Sons,Retail,Mid-Market,Burkina Faso,North America,2023-04-09
10940,"Johnson, Johnston and Smith",Retail,Mid-Market,Eritrea,APAC,2025-03-03
10941,Long LLC,Technology,SMB,Norway,LATAM,2023-11-30
10942,Romero-Cook,Retail,Enterprise,Sao Tome and Principe,LATAM,2022-07-16
10943,Baker-Harrison,Healthcare,SMB,Poland,LATAM,2023-08-17
10944,Williams and Sons,Manufacturing,SMB,Slovakia (Slovak Republic),APAC,2024-07-05
10945,Clayton-Ramos,Finance,SMB,Hong Kong,North America,2026-04-01
10946,Martin and Sons,Healthcare,Mid-Market,Solomon Islands,LATAM,2024-12-11
10947,Taylor PLC,Finance,Mid-Market,Albania,North America,2023-09-24
10948,"Hopkins, Parker and Dunn",Finance,SMB,United Arab Emirates,APAC,2026-03-01
10949,Young Inc,Manufacturing,SMB,Senegal,Europe,2026-02-26
10950,Berger PLC,Retail,Enterprise,Nepal,North America,2023-01-06
10951,"Sanchez, Johnson and Rojas",Technology,Enterprise,Barbados,North America,2025-11-17
10952,Martin-Walker,Manufacturing,Mid-Market,Australia,Europe,2022-10-22
10953,Soto-Hunt,Technology,SMB,Bahamas,North America,2023-04-05
10954,"Walker, Oconnor and Stewart",Manufacturing,Mid-Market,Timor-Leste,North America,2025-03-04
10955,Armstrong Inc,Technology,Enterprise,Greenland,APAC,2023-09-21
10956,Reed-Wang,Healthcare,Enterprise,Australia,North America,2022-07-25
10957,Brown Inc,Manufacturing,Enterprise,Cameroon,LATAM,2023-02-21
10958,Barnett LLC,Manufacturing,Mid-Market,Tuvalu,North America,2023-09-03
10959,Coleman Ltd,Retail,SMB,Panama,LATAM,2024-07-24
10960,"Morales, Davis and Smith",Finance,Mid-Market,Russian Federation,LATAM,2025-10-27
10961,Miller-Gates,Manufacturing,SMB,Mexico,North America,2025-07-22
10962,"Clark, Holland and Shaw",Retail,SMB,United States Virgin Islands,LATAM,2025-04-04
10963,Rhodes-Hernandez,Technology,Enterprise,Lao People's Democratic Republic,APAC,2022-07-17
10964,"Martin, Dorsey and Gilmore",Healthcare,SMB,Czech Republic,North America,2024-05-28
10965,"Washington, King and Nelson",Finance,Mid-Market,Brunei Darussalam,North America,2023-01-09
10966,"Ritter, Kramer and Mason",Technology,Mid-Market,Kiribati,North America,2023-05-11
10967,"Turner, Ramirez and Hicks",Technology,Mid-Market,Congo,Europe,2022-10-03
10968,"Thomas, Robinson and Anderson",Healthcare,Mid-Market,Central African Republic,Europe,2022-09-07
10969,"Sandoval, Park and Odom",Manufacturing,Mid-Market,Sudan,North America,2023-09-14
10970,Best and Sons,Finance,Mid-Market,Argentina,APAC,2024-04-11
10971,"Ross, Thompson and Watson",Technology,Mid-Market,Bahrain,Europe,2023-05-10
10972,"Riggs, Cox and Garcia",Technology,Mid-Market,French Polynesia,LATAM,2023-11-15
10973,Jacobs-Fowler,Technology,Mid-Market,Martinique,Europe,2025-12-22
10974,"Coleman, Henry and Ochoa",Manufacturing,Mid-Market,Hong Kong,APAC,2025-07-14
10975,"Young, Cohen and Stewart",Finance,Enterprise,Rwanda,Europe,2024-08-08
10976,"Evans, Knight and Franklin",Technology,Enterprise,United States Minor Outlying Islands,LATAM,2022-12-29
10977,"Evans, Wright and Cunningham",Technology,Mid-Market,French Guiana,North America,2025-06-23
10978,Sanchez-Abbott,Manufacturing,Enterprise,Netherlands,LATAM,2023-10-01
10979,"Solis, Maldonado and Mckay",Healthcare,SMB,Zambia,LATAM,2024-12-26
10980,"Lynch, Lyons and Hendrix",Manufacturing,Mid-Market,Western Sahara,LATAM,2022-08-09
10981,Bowen PLC,Technology,SMB,Kazakhstan,North America,2026-05-15
10982,Valencia Inc,Technology,Mid-Market,United States Minor Outlying Islands,North America,2026-03-23
10983,Murphy Ltd,Technology,Mid-Market,Papua New Guinea,Europe,2024-12-21
10984,"Lawson, Maynard and Hawkins",Technology,SMB,Singapore,North America,2023-06-04
10985,Lawson and Sons,Manufacturing,Enterprise,Turkmenistan,North America,2026-03-22
10986,Rowe-Pierce,Healthcare,Enterprise,Albania,Europe,2024-06-07
10987,"Valdez, Williams and Schwartz",Technology,Enterprise,Tonga,North America,2025-05-08
10988,"Griffin, Gonzales and Pitts",Manufacturing,Enterprise,Turkey,LATAM,2023-02-17
10989,"Turner, Dickerson and Mcclure",Technology,Enterprise,Iran,North America,2022-11-03
10990,"Davis, Young and Ortega",Healthcare,Enterprise,Chile,APAC,2023-10-31
10991,Hebert-Arias,Manufacturing,Mid-Market,Congo,Europe,2024-08-16
10992,"Rivas, Mckinney and Hess",Healthcare,Mid-Market,Mexico,Europe,2025-11-23
10993,"Wells, Johnson and Medina",Retail,Enterprise,French Southern Territories,North America,2024-06-05
10994,Williams-Carrillo,Healthcare,Enterprise,Paraguay,North America,2023-04-26
10995,Fitzgerald-Martinez,Healthcare,SMB,Gabon,North America,2025-06-10
10996,"Tanner, Guzman and Jones",Finance,Enterprise,Jordan,APAC,2023-12-21
10997,Hudson-Nelson,Retail,Mid-Market,Trinidad and Tobago,APAC,2022-11-14
10998,Tucker Group,Retail,Mid-Market,Armenia,Europe,2024-09-20
10999,Torres Ltd,Technology,Enterprise,Guinea-Bissau,APAC,2024-12-20
11000,Molina Group,Healthcare,Enterprise,Antigua and Barbuda,LATAM,2025-12-13
11001,Smith-Davila,Technology,SMB,Mauritania,Europe,2024-09-03
11002,Marshall-Smith,Retail,SMB,Fiji,LATAM,2023-01-07
11003,Sanders-Ryan,Manufacturing,Enterprise,Saint Martin,APAC,2025-12-23
11004,Jackson-James,Manufacturing,SMB,Rwanda,LATAM,2024-12-09
11005,"Hall, Jimenez and Richardson",Retail,SMB,Georgia,LATAM,2026-05-17
11006,Klein-Watson,Finance,Mid-Market,Zambia,Europe,2023-04-21
11007,Johnson PLC,Finance,Mid-Market,Thailand,LATAM,2023-05-17
11008,Jacobs-Shaw,Healthcare,SMB,Micronesia,North America,2023-09-11
11009,Morris PLC,Finance,Enterprise,Lao People's Democratic Republic,APAC,2024-09-21
11010,Baker Group,Technology,Mid-Market,United States Minor Outlying Islands,Europe,2024-03-21
11011,"Oneill, Arnold and Davis",Retail,Enterprise,Saint Kitts and Nevis,APAC,2024-07-24
11012,Coleman Group,Healthcare,SMB,Isle of Man,LATAM,2025-01-13
11013,"Hughes, Doyle and Moore",Manufacturing,Enterprise,Puerto Rico,North America,2025-12-10
11014,Zimmerman-Bush,Retail,Enterprise,Cameroon,LATAM,2026-03-20
11015,Coleman-Evans,Technology,Enterprise,Angola,Europe,2025-01-07
11016,"Peterson, Jones and Lane",Retail,Mid-Market,Kazakhstan,North America,2024-09-08
11017,Brown and Sons,Retail,Enterprise,Taiwan,Europe,2023-05-02
11018,"Payne, Barrett and Fuentes",Manufacturing,SMB,Malta,North America,2023-11-30
11019,Williams and Sons,Manufacturing,Enterprise,Hungary,North America,2025-04-11
11020,"Mills, Jackson and Hartman",Retail,Enterprise,Nauru,Europe,2024-11-03
11021,Townsend Inc,Healthcare,Mid-Market,Poland,Europe,2022-09-07
11022,Howell-Mcmillan,Finance,SMB,Togo,LATAM,2024-04-16
11023,Garcia and Sons,Finance,Enterprise,Bulgaria,APAC,2026-04-29
11024,Meyers-Carter,Retail,SMB,Estonia,LATAM,2026-03-06
11025,Padilla Inc,Manufacturing,SMB,Taiwan,North America,2024-03-27
11026,Haynes Inc,Retail,SMB,Montserrat,Europe,2023-06-30
11027,Smith Group,Retail,SMB,Guinea-Bissau,North America,2026-05-14
11028,Martin-Romero,Finance,SMB,Liberia,APAC,2023-04-04
11029,"Adkins, Townsend and Sanchez",Retail,Mid-Market,Guatemala,North America,2025-12-01
11030,Peters-Hudson,Technology,SMB,Iran,APAC,2022-11-23
11031,Hicks-Harris,Technology,SMB,Poland,North America,2024-07-10
11032,Scott-Welch,Manufacturing,Mid-Market,Mauritania,Europe,2024-11-24
11033,White Group,Healthcare,Mid-Market,Saint Lucia,LATAM,2023-06-15
11034,Wilson-Chang,Retail,SMB,British Virgin Islands,APAC,2023-07-07
11035,Lee-White,Retail,Mid-Market,Guatemala,North America,2022-10-08
11036,Walker and Sons,Healthcare,SMB,Western Sahara,LATAM,2023-06-11
11037,"Miller, Doyle and Barron",Technology,Enterprise,Liberia,APAC,2023-05-12
11038,Patton Group,Manufacturing,Mid-Market,Croatia,Europe,2025-01-29
11039,"French, Bailey and Peterson",Manufacturing,Enterprise,Yemen,North America,2024-11-09
11040,"Jones, Wells and Barnes",Finance,Mid-Market,Paraguay,APAC,2023-05-01
11041,Smith-Johnston,Finance,Mid-Market,Papua New Guinea,APAC,2024-04-02
11042,"Mason, Johnson and Hawkins",Technology,SMB,Guatemala,North America,2025-04-15
11043,Kelly Group,Healthcare,SMB,Lithuania,LATAM,2025-05-29
11044,"Mccoy, Avila and Boyer",Finance,Enterprise,Bangladesh,APAC,2025-10-15
11045,"Klein, Smith and Morris",Healthcare,Enterprise,Guinea-Bissau,APAC,2022-07-16
11046,"Chapman, Green and Brown",Manufacturing,Mid-Market,Barbados,LATAM,2025-04-25
11047,Harris and Sons,Healthcare,Enterprise,Rwanda,LATAM,2023-06-11
11048,Ramirez Inc,Technology,Enterprise,Singapore,LATAM,2024-09-06
11049,Norman Ltd,Healthcare,SMB,Netherlands Antilles,LATAM,2026-04-19
11050,"Casey, Green and Molina",Technology,Enterprise,Australia,APAC,2023-06-22
11051,Hernandez-Barr,Technology,Enterprise,Wallis and Futuna,Europe,2024-10-31
11052,"Carroll, Mendoza and Fitzpatrick",Manufacturing,Enterprise,Belarus,North America,2024-02-09
11053,Cooper LLC,Healthcare,SMB,Syrian Arab Republic,Europe,2023-12-10
11054,Huynh-Small,Manufacturing,SMB,Sudan,North America,2025-04-30
11055,Wright-Hensley,Technology,Enterprise,Libyan Arab Jamahiriya,Europe,2024-11-16
11056,"Wilson, Adkins and Keller",Retail,Enterprise,Tonga,Europe,2022-12-07
11057,"Pope, Johnson and Lawrence",Finance,SMB,Finland,LATAM,2024-11-21
11058,Reynolds PLC,Technology,SMB,Kazakhstan,APAC,2024-10-20
11059,"Jones, Martin and Avery",Retail,Mid-Market,Guam,North America,2023-01-10
11060,Meadows-Smith,Manufacturing,SMB,Lebanon,Europe,2025-11-22
11061,"Reed, Schroeder and Gutierrez",Healthcare,Enterprise,Tokelau,LATAM,2025-09-26
11062,Phillips Group,Manufacturing,Mid-Market,Congo,North America,2024-04-19
11063,"Walker, Mills and Martinez",Healthcare,Mid-Market,Micronesia,APAC,2024-04-03
11064,"Morales, Johnson and Marsh",Technology,SMB,Gambia,LATAM,2022-11-04
11065,Gonzalez-Barber,Retail,Enterprise,French Southern Territories,APAC,2024-04-10
11066,King-Parker,Manufacturing,SMB,Sweden,LATAM,2023-06-20
11067,"Perez, Miller and Holmes",Retail,Mid-Market,Moldova,North America,2022-09-08
11068,Flynn-Spence,Healthcare,Mid-Market,Bhutan,LATAM,2023-04-18
11069,"Smith, Carter and Suarez",Finance,Mid-Market,Cameroon,Europe,2023-01-30
11070,"Santiago, Wiggins and Thompson",Manufacturing,SMB,Micronesia,Europe,2022-10-23
11071,Williams-Sims,Healthcare,Enterprise,Venezuela,APAC,2022-12-19
11072,Romero PLC,Retail,Enterprise,Colombia,LATAM,2024-03-06
11073,"Alvarez, Castillo and Miller",Finance,Enterprise,Myanmar,LATAM,2023-02-23
11074,Flynn-Scott,Manufacturing,SMB,Algeria,LATAM,2023-01-30
11075,Dudley Inc,Finance,Enterprise,Hong Kong,APAC,2025-01-23
11076,Evans LLC,Finance,Enterprise,Belarus,LATAM,2024-06-20
11077,"Roman, Roman and Frye",Healthcare,Mid-Market,Serbia,Europe,2023-03-09
11078,Maddox-Peters,Finance,Enterprise,Mayotte,North America,2025-07-22
11079,Miller-Jackson,Retail,Enterprise,Cameroon,Europe,2022-10-12
11080,Lewis-Turner,Healthcare,Mid-Market,Marshall Islands,APAC,2025-07-11
11081,Pugh-Knight,Manufacturing,Enterprise,Niue,LATAM,2022-08-06
11082,Brooks-Barron,Retail,SMB,Bahamas,North America,2025-09-01
11083,"Clark, Mitchell and Fernandez",Finance,SMB,Greece,LATAM,2023-09-15
11084,"Baker, Johnson and Mann",Manufacturing,SMB,Gabon,Europe,2023-05-21
11085,Horne and Sons,Finance,SMB,Iran,APAC,2023-01-26
11086,Mann-Griffith,Healthcare,Mid-Market,Haiti,Europe,2024-06-18
11087,"Foster, Blake and Cook",Retail,SMB,Luxembourg,APAC,2024-05-21
11088,Nixon-Dixon,Technology,Enterprise,Northern Mariana Islands,APAC,2024-05-26
11089,Bailey Ltd,Retail,Enterprise,Lithuania,Europe,2022-11-26
11090,"Contreras, Hogan and Jackson",Retail,Mid-Market,Nicaragua,LATAM,2022-06-25
11091,Sanders-Navarro,Retail,SMB,Taiwan,North America,2025-05-15
11092,"Austin, Ward and Stevens",Manufacturing,Mid-Market,Serbia,Europe,2025-01-26
11093,Garcia PLC,Finance,SMB,Gibraltar,North America,2024-12-24
11094,"Hunt, Mckinney and Ward",Healthcare,Enterprise,Saint Barthelemy,LATAM,2024-05-24
11095,George-Taylor,Retail,Enterprise,Rwanda,Europe,2023-11-14
11096,Sims PLC,Healthcare,SMB,Monaco,APAC,2024-07-14
11097,Schultz-Parrish,Finance,Mid-Market,French Southern Territories,APAC,2024-12-26
11098,Hanson-Cox,Finance,SMB,Puerto Rico,APAC,2025-05-27
11099,Williams Inc,Technology,Enterprise,Germany,Europe,2023-10-09
11100,Williams Group,Finance,Mid-Market,Micronesia,North America,2023-10-23
11101,Williams-Spencer,Manufacturing,Enterprise,Congo,LATAM,2025-05-08
11102,King PLC,Healthcare,Mid-Market,British Indian Ocean Territory (Chagos Archipelago),Europe,2026-01-01
11103,Stuart LLC,Manufacturing,Enterprise,Tanzania,Europe,2024-02-18
11104,Simmons-Baldwin,Technology,SMB,Thailand,North America,2024-09-19
11105,Weber Group,Finance,Enterprise,Philippines,LATAM,2025-10-12
11106,"Lee, Montgomery and Williams",Technology,Enterprise,Zimbabwe,Europe,2025-06-05
11107,"Taylor, Walls and Zuniga",Manufacturing,Enterprise,Belgium,Europe,2024-10-25
11108,Gomez Ltd,Technology,SMB,Serbia,APAC,2023-12-07
11109,Vincent PLC,Finance,Enterprise,Greenland,Europe,2024-02-05
11110,Smith PLC,Healthcare,SMB,Palestinian Territory,APAC,2025-04-01
11111,"Scott, Andrews and Howard",Healthcare,Enterprise,Honduras,Europe,2022-11-04
11112,Green-Baker,Technology,Mid-Market,Macao,North America,2024-07-04
11113,"Weber, Jones and Collins",Finance,SMB,Finland,LATAM,2024-11-25
11114,Heath Ltd,Healthcare,Enterprise,Uruguay,LATAM,2025-10-07
11115,Faulkner and Sons,Healthcare,Enterprise,Guernsey,LATAM,2024-04-19
11116,Adams-Gamble,Technology,SMB,Monaco,LATAM,2023-07-01
11117,Cook-Castro,Retail,Mid-Market,Iraq,LATAM,2022-09-03
11118,"Osborne, Johnston and Strong",Healthcare,Mid-Market,Niger,APAC,2024-01-13
11119,Lambert-Bowen,Finance,Enterprise,Suriname,LATAM,2025-07-16
11120,"Tanner, Marquez and Fields",Manufacturing,Enterprise,Gambia,APAC,2023-08-21
11121,Bailey-Rodriguez,Technology,SMB,Russian Federation,North America,2024-10-27
11122,"Griffin, Welch and Williams",Technology,Enterprise,Japan,APAC,2022-10-13
11123,"Rhodes, Gomez and Garner",Finance,Mid-Market,Lesotho,North America,2025-01-19
11124,"Moore, Campbell and Burgess",Healthcare,Enterprise,Botswana,LATAM,2024-05-08
11125,Bond-Bauer,Retail,Enterprise,Cambodia,Europe,2025-11-01
11126,Lewis-Rivera,Technology,Mid-Market,Solomon Islands,APAC,2024-04-29
11127,Walters Inc,Finance,Mid-Market,Korea,North America,2024-08-04
11128,Bruce Group,Healthcare,Mid-Market,Equatorial Guinea,North America,2025-04-12
11129,Todd PLC,Manufacturing,SMB,Gibraltar,North America,2023-05-03
11130,Davis LLC,Healthcare,Enterprise,Palau,LATAM,2025-06-06
11131,"Daniel, Williams and Snow",Manufacturing,Mid-Market,Benin,LATAM,2025-07-25
11132,"Moody, Case and King",Retail,Mid-Market,Sweden,APAC,2022-10-30
11133,Stafford and Sons,Healthcare,SMB,Togo,LATAM,2024-05-31
11134,"Blankenship, Cox and Elliott",Retail,Enterprise,Lebanon,Europe,2023-10-14
11135,Castillo Inc,Retail,Mid-Market,Guinea-Bissau,Europe,2024-06-19
11136,Campbell Inc,Retail,Mid-Market,Northern Mariana Islands,LATAM,2025-08-14
11137,Jackson-Willis,Finance,SMB,Dominica,APAC,2024-11-01
11138,"Carey, Moreno and Freeman",Manufacturing,SMB,Comoros,North America,2024-01-21
11139,"Lara, Salazar and Pratt",Finance,Enterprise,Marshall Islands,LATAM,2023-05-16
11140,"Hayes, Young and Morrison",Retail,Enterprise,Saint Barthelemy,Europe,2023-03-22
11141,"Farrell, Brown and Patel",Retail,Mid-Market,Argentina,APAC,2024-06-18
11142,"Mcdonald, Hopkins and Smith",Technology,Mid-Market,United States Virgin Islands,APAC,2024-05-25
11143,Johnson Group,Retail,Enterprise,Barbados,APAC,2025-12-20
11144,Baker-Ferguson,Technology,SMB,Guinea,APAC,2023-01-12
11145,"Fisher, Travis and Becker",Manufacturing,Mid-Market,Norway,North America,2025-07-02
11146,Singleton-Scott,Healthcare,Mid-Market,Christmas Island,APAC,2026-04-19
11147,Mcpherson Ltd,Finance,SMB,Belarus,Europe,2024-12-23
11148,Moore-Flores,Finance,Enterprise,Azerbaijan,Europe,2026-03-25
11149,"King, Sanders and Carter",Healthcare,Mid-Market,France,North America,2023-01-08
11150,Grant-Brandt,Finance,SMB,Switzerland,LATAM,2023-10-13
11151,Anderson-Rodriguez,Finance,Mid-Market,Netherlands Antilles,LATAM,2026-02-24
11152,Taylor and Sons,Technology,Mid-Market,Guinea,North America,2022-12-31
11153,Jenkins PLC,Manufacturing,Mid-Market,Jersey,North America,2025-10-15
11154,Jackson-Swanson,Manufacturing,Enterprise,Georgia,North America,2024-07-24
11155,"Leach, Garcia and Black",Manufacturing,Mid-Market,Slovenia,LATAM,2024-10-23
11156,"Hernandez, Herrera and Lambert",Healthcare,Mid-Market,Bangladesh,Europe,2026-02-15
11157,Terry LLC,Finance,SMB,Tanzania,LATAM,2022-12-02
11158,House Inc,Technology,Mid-Market,Georgia,APAC,2024-05-07
11159,Obrien-Campbell,Healthcare,Enterprise,Serbia,APAC,2023-01-16
11160,Sullivan-Garcia,Healthcare,SMB,South Africa,North America,2025-04-10
11161,Larson and Sons,Manufacturing,SMB,Tanzania,North America,2024-03-16
11162,Hull LLC,Manufacturing,SMB,Bahrain,LATAM,2023-03-09
11163,"Villanueva, Williams and Harris",Manufacturing,Mid-Market,Nauru,LATAM,2023-09-27
11164,Garcia-Turner,Manufacturing,Enterprise,Colombia,North America,2022-12-24
11165,"Mitchell, Simmons and Allen",Manufacturing,Enterprise,Saint Kitts and Nevis,APAC,2023-05-13
11166,Leon-Knight,Healthcare,Mid-Market,Lao People's Democratic Republic,APAC,2025-01-22
11167,Rogers PLC,Technology,SMB,Panama,LATAM,2025-06-26
11168,Herman Inc,Healthcare,Mid-Market,Myanmar,Europe,2025-07-04
11169,Daniel-Ferguson,Technology,SMB,Jersey,North America,2023-06-25
11170,"Nguyen, Nelson and Mccall",Healthcare,Enterprise,Kyrgyz Republic,APAC,2025-10-22
11171,Smith-Reyes,Healthcare,Mid-Market,Anguilla,Europe,2024-09-13
11172,Kim-Trevino,Manufacturing,SMB,Greece,LATAM,2025-04-11
11173,"Zuniga, Garrett and Miller",Technology,Enterprise,Fiji,Europe,2022-11-13
11174,Castro and Sons,Retail,Enterprise,Guinea-Bissau,LATAM,2022-06-28
11175,Mercer-Jenkins,Finance,Mid-Market,Finland,APAC,2025-12-16
11176,"Austin, Little and Barnes",Finance,Enterprise,Korea,LATAM,2022-09-20
11177,Blackwell PLC,Retail,Mid-Market,Estonia,APAC,2023-08-17
11178,Price Inc,Healthcare,Mid-Market,British Indian Ocean Territory (Chagos Archipelago),Europe,2026-03-01
11179,"Lamb, Smith and Jackson",Manufacturing,SMB,Saint Martin,APAC,2023-06-26
11180,Johnson-Kennedy,Retail,Enterprise,New Caledonia,Europe,2022-08-27
11181,Ware and Sons,Technology,SMB,Timor-Leste,North America,2024-01-29
11182,"Yates, Patterson and Alvarado",Retail,Mid-Market,Qatar,APAC,2024-04-02
11183,Harris-Tran,Retail,Enterprise,Comoros,Europe,2024-11-29
11184,Thomas and Sons,Retail,Enterprise,Slovakia (Slovak Republic),Europe,2023-06-26
11185,"Gilmore, Hood and Delacruz",Technology,SMB,Yemen,LATAM,2025-01-16
11186,Bautista PLC,Technology,Mid-Market,Malta,APAC,2023-07-09
11187,Rangel-Tran,Manufacturing,Enterprise,Denmark,LATAM,2025-06-22
11188,"Calderon, Campos and Morales",Manufacturing,Mid-Market,Liberia,LATAM,2024-12-30
11189,Morgan PLC,Technology,Enterprise,Saint Helena,Europe,2023-10-01
11190,"Kirby, Gonzalez and Nichols",Healthcare,SMB,Haiti,APAC,2024-07-25
11191,Berry-Rasmussen,Retail,Mid-Market,Cote d'Ivoire,North America,2023-11-25
11192,Todd Inc,Finance,SMB,Czech Republic,North America,2023-06-02
11193,Lee Ltd,Finance,SMB,Vanuatu,Europe,2023-01-20
11194,"Jimenez, Hardy and Smith",Technology,SMB,Spain,Europe,2023-05-23
11195,Lane-Edwards,Manufacturing,SMB,Malta,North America,2025-09-02
11196,"Silva, Chavez and King",Technology,SMB,Tuvalu,APAC,2025-04-26
11197,Green LLC,Healthcare,SMB,Romania,APAC,2026-04-30
11198,"Rodriguez, Lewis and Williams",Finance,Mid-Market,South Africa,North America,2024-10-27
11199,Clarke LLC,Healthcare,SMB,Sweden,North America,2024-01-02
11200,Harris Ltd,Manufacturing,Mid-Market,Peru,North America,2024-07-26
11201,"Barajas, Day and Smith",Technology,Mid-Market,Congo,APAC,2025-07-26
11202,Bryant-Gilbert,Retail,SMB,Bouvet Island (Bouvetoya),APAC,2023-03-03
11203,Parker Inc,Finance,SMB,Haiti,Europe,2025-12-06
11204,"Higgins, Edwards and Grant",Retail,Mid-Market,Pakistan,North America,2024-06-12
11205,Maddox Inc,Technology,SMB,Holy See (Vatican City State),Europe,2023-02-16
11206,Edwards-Moran,Technology,Mid-Market,Bermuda,APAC,2025-11-28
11207,Perkins Inc,Retail,Mid-Market,Korea,North America,2025-08-11
11208,Cordova-Fleming,Retail,SMB,Botswana,LATAM,2024-10-25
11209,Montes Group,Finance,Mid-Market,Haiti,APAC,2025-02-28
11210,Brewer Group,Finance,SMB,Norfolk Island,APAC,2025-11-26
11211,"Knight, Frazier and Ramirez",Retail,Mid-Market,Ghana,Europe,2026-05-21
11212,"Valdez, Mathews and Clark",Healthcare,SMB,Saint Martin,APAC,2025-02-06
11213,"Fields, Curtis and Davis",Healthcare,Enterprise,Costa Rica,North America,2023-11-26
11214,"Smith, Jordan and Harrison",Healthcare,Enterprise,United States Minor Outlying Islands,North America,2024-12-25
11215,"Rosales, Norris and Perkins",Finance,Enterprise,Belize,North America,2025-10-08
11216,"Roberson, Burgess and Copeland",Technology,SMB,Haiti,LATAM,2024-08-21
11217,Richardson Inc,Healthcare,SMB,Bhutan,North America,2026-05-28
11218,Gonzalez LLC,Technology,Mid-Market,Saint Lucia,APAC,2024-04-19
11219,"Vance, Watkins and Jones",Retail,Mid-Market,Aruba,LATAM,2025-08-07
11220,Johnson Group,Technology,Mid-Market,Cayman Islands,APAC,2026-01-28
11221,Hoffman Inc,Manufacturing,SMB,Italy,Europe,2023-12-22
11222,"Tucker, Barajas and Kim",Finance,Enterprise,North Macedonia,APAC,2024-08-23
11223,"Pierce, Garcia and Salas",Finance,Mid-Market,Madagascar,North America,2023-10-17
11224,Reyes-Burns,Finance,Mid-Market,Grenada,North America,2023-08-30
11225,Jones Ltd,Technology,Mid-Market,South Africa,APAC,2023-08-05
11226,Woods-Webb,Retail,SMB,Portugal,Europe,2026-03-29
11227,"Carter, Adkins and Ellis",Retail,SMB,Benin,LATAM,2025-04-28
11228,Rivera-Lewis,Finance,SMB,Morocco,Europe,2022-10-02
11229,York Inc,Manufacturing,Mid-Market,Gabon,North America,2026-06-06
11230,Morrow Inc,Finance,SMB,Niger,APAC,2025-03-16
11231,"Lawson, Chan and Burton",Healthcare,SMB,Sudan,North America,2022-11-15
11232,Long-Ford,Finance,Mid-Market,Marshall Islands,Europe,2025-08-24
11233,Schneider Ltd,Manufacturing,Mid-Market,Saint Kitts and Nevis,North America,2023-08-24
11234,Murray-Berry,Technology,Enterprise,Mexico,APAC,2025-06-11
11235,Kelly-Blackburn,Manufacturing,Mid-Market,China,APAC,2025-08-02
11236,"Elliott, Ortiz and Houston",Technology,Enterprise,Guam,Europe,2024-05-30
11237,Frank-Osborn,Retail,Enterprise,Australia,North America,2025-04-07
11238,Walls-Hunter,Finance,Enterprise,British Indian Ocean Territory (Chagos Archipelago),LATAM,2025-02-21
11239,Diaz PLC,Healthcare,SMB,Western Sahara,APAC,2026-02-20
11240,Wheeler-Lambert,Manufacturing,Enterprise,Haiti,LATAM,2023-09-06
11241,"Obrien, Thornton and Bryant",Technology,SMB,Bosnia and Herzegovina,APAC,2026-01-17
11242,Shaw Ltd,Manufacturing,SMB,Puerto Rico,North America,2023-04-23
11243,Wilson Group,Manufacturing,SMB,Serbia,LATAM,2026-05-06
11244,Benson Ltd,Healthcare,Mid-Market,Norfolk Island,APAC,2023-05-01
11245,"Bush, Jones and Welch",Finance,SMB,Mexico,Europe,2024-05-26
11246,Soto-Jones,Finance,Mid-Market,Mozambique,North America,2026-03-07
11247,Payne-Edwards,Finance,Mid-Market,Norfolk Island,LATAM,2023-07-30
11248,Rios Inc,Finance,SMB,Indonesia,Europe,2023-12-16
11249,"Norman, Curry and Stokes",Healthcare,SMB,Kyrgyz Republic,North America,2023-03-02
11250,Sanchez-Rogers,Healthcare,SMB,Nigeria,Europe,2022-09-15
11251,"Davis, Riley and Morton",Finance,Mid-Market,Trinidad and Tobago,LATAM,2022-11-29
11252,Craig PLC,Manufacturing,Mid-Market,Cyprus,North America,2024-01-24
11253,"George, Patterson and Myers",Technology,SMB,Falkland Islands (Malvinas),APAC,2025-08-25
11254,"Baker, Wiggins and Ryan",Healthcare,SMB,Nauru,Europe,2024-06-01
11255,White-Lindsey,Finance,Enterprise,Reunion,APAC,2024-03-02
11256,Smith-Braun,Finance,Enterprise,Lesotho,LATAM,2024-05-30
11257,Ellis-Marquez,Retail,Enterprise,Azerbaijan,APAC,2023-09-02
11258,"Evans, Summers and Burke",Manufacturing,Mid-Market,Kiribati,Europe,2026-04-21
11259,"Garner, Houston and Krause",Finance,Mid-Market,Sao Tome and Principe,LATAM,2026-01-10
11260,Baker and Sons,Technology,Mid-Market,Denmark,Europe,2023-03-28
11261,Brandt Ltd,Manufacturing,Enterprise,Luxembourg,Europe,2025-01-14
11262,Berry Group,Retail,Mid-Market,Ethiopia,APAC,2025-10-20
11263,Nelson-Smith,Retail,SMB,Nauru,North America,2023-10-03
11264,Bowman-Sanders,Retail,Mid-Market,Austria,Europe,2025-09-16
11265,Mueller-Mullins,Finance,SMB,Mongolia,LATAM,2025-12-17
11266,Blair-Rasmussen,Manufacturing,SMB,Saint Kitts and Nevis,North America,2023-03-27
11267,Alvarez LLC,Healthcare,Mid-Market,Lithuania,Europe,2026-03-09
11268,"Wheeler, Smith and Thomas",Manufacturing,Mid-Market,Marshall Islands,North America,2025-02-18
11269,Vargas-Brown,Manufacturing,SMB,Burkina Faso,LATAM,2024-07-31
11270,Ray Inc,Retail,SMB,Sudan,APAC,2024-05-22
11271,Barker Ltd,Technology,Enterprise,Central African Republic,APAC,2023-01-19
11272,Harper and Sons,Finance,Mid-Market,Nigeria,North America,2024-02-27
11273,Alvarez-Riley,Healthcare,SMB,Liechtenstein,North America,2023-05-31
11274,Davis Group,Healthcare,Mid-Market,Cameroon,LATAM,2024-10-09
11275,"Stewart, King and Walker",Finance,SMB,Italy,APAC,2025-04-20
11276,"Richardson, Walls and Smith",Technology,SMB,Kenya,Europe,2025-07-13
11277,Lozano-Jackson,Technology,Enterprise,Iraq,LATAM,2025-08-22
11278,Walsh-Todd,Healthcare,SMB,Mauritania,LATAM,2025-04-18
11279,Bowman PLC,Manufacturing,SMB,Pitcairn Islands,APAC,2024-01-18
11280,Hughes PLC,Technology,Enterprise,Spain,North America,2023-07-27
11281,Todd Group,Finance,SMB,Tuvalu,North America,2026-05-25
11282,Riggs LLC,Finance,SMB,Cape Verde,North America,2024-12-11
11283,Wagner Ltd,Retail,Mid-Market,Marshall Islands,APAC,2022-07-12
11284,Monroe-Benitez,Finance,Mid-Market,American Samoa,Europe,2025-02-18
11285,"Williams, Hodge and Valdez",Finance,Enterprise,Belarus,North America,2023-11-07
11286,Cruz Inc,Finance,Enterprise,Anguilla,APAC,2025-09-01
11287,"Padilla, Rubio and Stewart",Retail,Enterprise,Malta,Europe,2023-03-14
11288,Nelson-Smith,Finance,Mid-Market,Turkey,Europe,2022-06-12
11289,Cooper Group,Retail,SMB,United Kingdom,LATAM,2022-07-05
11290,"Hebert, Johnson and Jones",Finance,Enterprise,Tanzania,LATAM,2023-01-16
11291,Church LLC,Technology,Mid-Market,Bermuda,Europe,2025-08-01
11292,Foster-Mclaughlin,Technology,Mid-Market,Colombia,North America,2022-09-23
11293,"Jones, Becker and Patterson",Technology,Enterprise,El Salvador,Europe,2022-07-11
11294,"Prince, Lowe and Walsh",Finance,Mid-Market,Oman,APAC,2026-04-14
11295,"Stephens, Lee and Brown",Healthcare,Mid-Market,Cuba,APAC,2024-08-13
11296,Wilson-Santos,Healthcare,Mid-Market,Croatia,North America,2025-10-01
11297,Thomas-Flores,Finance,Mid-Market,Bosnia and Herzegovina,APAC,2023-08-10
11298,Douglas-Blackwell,Healthcare,Mid-Market,Maldives,North America,2023-09-25
11299,Thomas-Lee,Manufacturing,Mid-Market,Monaco,North America,2024-12-18
11300,Perez PLC,Technology,Enterprise,Cape Verde,APAC,2022-11-12
11301,James-Manning,Technology,Enterprise,Belgium,Europe,2024-01-12
11302,Brown-Williams,Retail,Mid-Market,Chad,Europe,2026-06-03
11303,Jennings LLC,Retail,Enterprise,Zimbabwe,APAC,2022-08-18
11304,Strickland-Watkins,Manufacturing,SMB,Libyan Arab Jamahiriya,APAC,2024-06-22
11305,Monroe Group,Healthcare,SMB,Kiribati,North America,2024-01-18
11306,Coleman and Sons,Finance,Mid-Market,Yemen,APAC,2023-05-23
11307,Hendricks PLC,Healthcare,Enterprise,Botswana,North America,2023-02-27
11308,Rivers Group,Manufacturing,Enterprise,Congo,APAC,2024-12-23
11309,Lucas-Marshall,Manufacturing,Mid-Market,Algeria,APAC,2023-11-19
11310,Ortega Ltd,Finance,Enterprise,Christmas Island,APAC,2022-08-05
11311,Bennett PLC,Retail,Mid-Market,Yemen,LATAM,2024-04-19
11312,"Lewis, Spence and Zamora",Technology,Mid-Market,Germany,LATAM,2026-01-11
11313,"Miller, Calhoun and Thompson",Retail,Enterprise,Guam,North America,2022-12-04
11314,"Gonzalez, Smith and Miller",Finance,Mid-Market,Cuba,LATAM,2025-02-01
11315,"Gibson, Schwartz and Sampson",Manufacturing,Mid-Market,Montenegro,LATAM,2023-06-11
11316,Vaughn Group,Healthcare,Mid-Market,Afghanistan,North America,2025-04-13
11317,"Nash, Sanders and Morgan",Retail,Enterprise,Oman,North America,2024-02-29
11318,"Wells, Ponce and Green",Healthcare,Enterprise,Russian Federation,Europe,2025-07-08
11319,Garcia-Schmidt,Technology,SMB,Czech Republic,Europe,2024-02-23
11320,Barton-Davidson,Healthcare,SMB,Andorra,APAC,2024-07-27
11321,Larson Ltd,Manufacturing,Mid-Market,Finland,Europe,2022-07-30
11322,Franklin Inc,Manufacturing,Enterprise,Croatia,Europe,2026-04-29
11323,Preston Group,Technology,Enterprise,Bahrain,LATAM,2025-05-18
11324,"Huerta, Day and Palmer",Retail,Mid-Market,Syrian Arab Republic,APAC,2024-10-15
11325,"Wright, Mendez and Estrada",Finance,SMB,United States Minor Outlying Islands,North America,2025-06-08
11326,Bailey PLC,Manufacturing,SMB,Philippines,Europe,2025-12-24
11327,Myers Group,Manufacturing,SMB,Honduras,APAC,2026-01-24
11328,Landry Inc,Healthcare,SMB,Vietnam,North America,2022-10-25
11329,Thomas-Ingram,Retail,SMB,Madagascar,Europe,2023-11-06
11330,Davis and Sons,Technology,SMB,Jordan,LATAM,2025-10-04
11331,Kerr and Sons,Finance,SMB,Sudan,North America,2022-10-09
11332,Richardson Group,Finance,SMB,Guinea,North America,2025-06-23
11333,Gaines Group,Technology,Enterprise,Solomon Islands,LATAM,2022-06-23
11334,Miller Group,Manufacturing,Mid-Market,Azerbaijan,LATAM,2023-05-17
11335,Farrell-Potts,Retail,Enterprise,Zambia,Europe,2023-08-19
11336,"Hernandez, Reed and Maddox",Healthcare,SMB,Seychelles,Europe,2023-10-26
11337,"Stevens, Hansen and Lowe",Retail,Mid-Market,Macao,APAC,2026-05-22
11338,"Owens, Shea and Davis",Manufacturing,SMB,Iceland,Europe,2024-05-01
11339,"Dunlap, Hernandez and Higgins",Manufacturing,Enterprise,Martinique,APAC,2024-07-19
11340,"Brooks, Gallagher and Porter",Technology,Enterprise,Bhutan,LATAM,2022-12-29
11341,"Jensen, Martinez and Allen",Finance,Mid-Market,Tunisia,Europe,2024-09-12
11342,"Sanchez, Yang and Costa",Finance,SMB,Svalbard & Jan Mayen Islands,APAC,2024-08-26
11343,"Norris, Hicks and Morrow",Manufacturing,SMB,Cuba,APAC,2025-11-07
11344,"Riley, David and Davis",Retail,SMB,Belize,Europe,2026-04-12
11345,Norton PLC,Technology,SMB,Greece,APAC,2024-10-01
11346,Gallagher Group,Healthcare,SMB,Malaysia,Europe,2024-01-12
11347,"Morris, Everett and Barajas",Healthcare,SMB,Namibia,LATAM,2026-02-26
11348,Ramos PLC,Manufacturing,SMB,San Marino,Europe,2022-12-04
11349,Andrade-Cabrera,Healthcare,Mid-Market,Rwanda,Europe,2022-11-23
11350,"Morrison, Herrera and Smith",Technology,Mid-Market,Luxembourg,Europe,2023-12-24
11351,"Norris, Parker and Fowler",Technology,Enterprise,Mayotte,North America,2023-04-09
11352,Hardy Ltd,Finance,SMB,Chad,APAC,2025-04-17
11353,Stephenson-Brown,Finance,Enterprise,Cuba,LATAM,2025-04-25
11354,Anderson and Sons,Healthcare,Mid-Market,United States of America,North America,2025-05-12
11355,"Bell, Miller and Mitchell",Manufacturing,SMB,United Kingdom,Europe,2026-03-14
11356,"Arnold, Long and Booth",Technology,SMB,Madagascar,LATAM,2025-02-12
11357,Wagner Inc,Finance,Enterprise,Grenada,Europe,2025-10-22
11358,Parker Ltd,Retail,Enterprise,Venezuela,North America,2024-03-27
11359,Walker-Duarte,Healthcare,SMB,Belize,LATAM,2023-03-12
11360,Chang-Reese,Manufacturing,Enterprise,Western Sahara,North America,2026-02-26
11361,Walker-Cisneros,Technology,SMB,Bahrain,LATAM,2023-01-12
11362,Morales Ltd,Retail,Enterprise,British Virgin Islands,Europe,2026-01-15
11363,"Washington, Ramirez and Ramsey",Retail,SMB,Guatemala,LATAM,2025-12-22
11364,"Lopez, Watts and Walsh",Healthcare,Enterprise,Palestinian Territory,LATAM,2025-05-17
11365,"Howard, Anderson and Hall",Technology,Mid-Market,Guatemala,APAC,2023-07-07
11366,Harris-James,Retail,Enterprise,Slovakia (Slovak Republic),APAC,2023-08-30
11367,Holt-Palmer,Healthcare,Enterprise,Cook Islands,LATAM,2022-06-11
11368,Smith LLC,Technology,SMB,Dominican Republic,LATAM,2024-05-03
11369,Thornton LLC,Retail,SMB,Guernsey,APAC,2025-10-12
11370,Lewis Group,Manufacturing,SMB,Nepal,LATAM,2024-12-03
11371,"Hunt, Gomez and Schmitt",Retail,Mid-Market,Macao,Europe,2022-11-15
11372,Bradley-Whitaker,Retail,Enterprise,Tajikistan,Europe,2024-07-12
11373,"Atkins, Ward and Lang",Technology,Mid-Market,Korea,North America,2023-11-08
11374,Ford Ltd,Manufacturing,Mid-Market,Tuvalu,Europe,2023-09-15
11375,Leonard PLC,Manufacturing,SMB,Tuvalu,LATAM,2023-02-13
11376,Harris Inc,Retail,Enterprise,Palau,Europe,2025-06-12
11377,"Snyder, Jones and Anderson",Technology,Enterprise,French Polynesia,North America,2024-02-20
11378,Boyd Inc,Finance,Enterprise,Jersey,APAC,2023-11-07
11379,"Lang, Miller and Jones",Finance,Enterprise,Tajikistan,North America,2022-07-12
11380,Lee PLC,Finance,SMB,Hungary,Europe,2025-01-24
11381,Nolan-Price,Healthcare,Enterprise,Cook Islands,APAC,2024-04-08
11382,Freeman-Reed,Technology,Mid-Market,Qatar,LATAM,2025-11-24
11383,"Dawson, King and Mcdaniel",Technology,Enterprise,Denmark,Europe,2026-05-28
11384,Martin-Phillips,Technology,Enterprise,South Africa,LATAM,2025-08-03
11385,Caldwell-Norman,Healthcare,Mid-Market,Namibia,Europe,2023-07-11
11386,Castillo PLC,Healthcare,Enterprise,Nepal,APAC,2024-02-25
11387,Bowen Group,Finance,Mid-Market,Jamaica,Europe,2023-07-26
11388,Griffith Group,Retail,SMB,Saint Barthelemy,Europe,2026-03-02
11389,Thompson-Benjamin,Technology,SMB,Uzbekistan,LATAM,2023-05-11
11390,Camacho Group,Manufacturing,SMB,Uzbekistan,APAC,2024-10-16
11391,Martinez and Sons,Retail,SMB,Singapore,APAC,2025-05-13
11392,"Wells, Martin and Clark",Manufacturing,SMB,Gambia,LATAM,2024-04-08
11393,Turner-Howard,Technology,SMB,Barbados,North America,2025-05-13
11394,Lynch-Foster,Finance,Mid-Market,Cape Verde,Europe,2025-05-23
11395,"Salinas, Mcbride and Brown",Technology,SMB,Georgia,APAC,2022-10-28
11396,Erickson Ltd,Finance,Enterprise,Jersey,APAC,2022-08-10
11397,"Hodge, Schneider and Matthews",Finance,SMB,Eritrea,North America,2026-01-29
11398,Moore Inc,Manufacturing,Mid-Market,Guam,LATAM,2025-01-18
11399,Fischer Group,Finance,Mid-Market,Turkey,APAC,2024-06-11
11400,Roberts LLC,Healthcare,Mid-Market,Mongolia,North America,2024-04-30
11401,Brown-Miller,Finance,SMB,Costa Rica,Europe,2022-12-21
11402,"Compton, Garza and Wallace",Technology,Mid-Market,South Africa,North America,2025-08-31
11403,Joyce PLC,Finance,Enterprise,Luxembourg,North America,2022-12-21
11404,Ortiz Ltd,Finance,Enterprise,Malaysia,APAC,2025-09-22
11405,"Wallace, Burnett and Greene",Finance,SMB,Czech Republic,Europe,2025-12-31
11406,"Collins, Thompson and Turner",Healthcare,Mid-Market,Mozambique,North America,2025-10-26
11407,Ward Inc,Manufacturing,SMB,British Indian Ocean Territory (Chagos Archipelago),Europe,2024-07-09
11408,Jackson Ltd,Retail,Mid-Market,Holy See (Vatican City State),Europe,2022-12-25
11409,Anderson-Sanchez,Manufacturing,Mid-Market,Italy,LATAM,2025-03-14
11410,"Harvey, Manning and Baker",Finance,SMB,Anguilla,North America,2023-01-30
11411,Watkins LLC,Finance,Mid-Market,Saint Barthelemy,Europe,2022-07-08
11412,"Hernandez, Evans and Carroll",Retail,Mid-Market,Latvia,North America,2025-12-02
11413,"Irwin, Snyder and Padilla",Finance,Mid-Market,Oman,APAC,2022-11-05
11414,Thomas Group,Manufacturing,Enterprise,Sweden,North America,2023-11-23
11415,Stone PLC,Healthcare,SMB,Svalbard & Jan Mayen Islands,North America,2026-01-09
11416,"Watts, Stone and Santana",Retail,SMB,Morocco,APAC,2022-10-14
11417,Jones PLC,Manufacturing,SMB,Swaziland,APAC,2024-05-01
11418,Garcia-Robinson,Healthcare,Enterprise,Equatorial Guinea,North America,2022-12-29
11419,"Oconnor, Blankenship and Smith",Healthcare,SMB,Benin,North America,2023-04-07
11420,Clements LLC,Technology,SMB,Haiti,North America,2022-11-27
11421,Vargas-Hampton,Manufacturing,Enterprise,Chile,Europe,2024-12-17
11422,"Lewis, Harper and Melton",Retail,Enterprise,Korea,APAC,2026-02-13
11423,Weber LLC,Finance,Enterprise,British Virgin Islands,Europe,2024-01-18
11424,Ross-Pearson,Manufacturing,Mid-Market,North Macedonia,North America,2023-08-14
11425,Jones Ltd,Healthcare,SMB,Croatia,LATAM,2025-12-05
11426,"Hill, Walker and Wood",Technology,Enterprise,Malta,APAC,2025-08-15
11427,"Wright, Roman and Allen",Manufacturing,SMB,Zambia,Europe,2025-11-29
11428,"Lewis, Murphy and Norris",Healthcare,SMB,Croatia,Europe,2023-05-03
11429,Garcia Ltd,Retail,Enterprise,Paraguay,North America,2025-03-17
11430,"Wright, Scott and Wise",Retail,Mid-Market,Vietnam,APAC,2023-09-10
11431,Mckenzie-Evans,Healthcare,Mid-Market,Saint Martin,APAC,2023-07-23
11432,Trevino-Hoffman,Healthcare,Mid-Market,Croatia,Europe,2023-08-19
11433,"Brown, Walsh and Larson",Healthcare,SMB,San Marino,Europe,2022-12-11
11434,Jackson-Perkins,Retail,SMB,Eritrea,Europe,2023-11-23
11435,"Stark, Cooper and Miller",Technology,Mid-Market,Saint Pierre and Miquelon,LATAM,2024-06-19
11436,"White, Hodges and Cobb",Technology,Mid-Market,Norway,APAC,2025-03-30
11437,Riley-Green,Technology,Enterprise,Lesotho,Europe,2023-11-12
11438,"Lawrence, Young and Compton",Technology,SMB,Gabon,Europe,2026-05-23
11439,"Campbell, Henderson and Ramsey",Manufacturing,Enterprise,Senegal,APAC,2026-05-09
11440,Schmidt-Sims,Manufacturing,Enterprise,Svalbard & Jan Mayen Islands,LATAM,2023-01-30
11441,Browning LLC,Manufacturing,Enterprise,Syrian Arab Republic,Europe,2022-12-05
11442,Tucker-Smith,Technology,Mid-Market,Italy,LATAM,2022-10-29
11443,Cox-Davis,Manufacturing,Enterprise,Reunion,Europe,2023-12-22
11444,"Baker, Krause and Wall",Manufacturing,Enterprise,Isle of Man,APAC,2025-02-10
11445,Sherman-Rogers,Healthcare,SMB,Cambodia,APAC,2023-12-14
11446,Wilson-Smith,Technology,Mid-Market,Cocos (Keeling) Islands,APAC,2024-05-19
11447,Cooper-Castaneda,Technology,Mid-Market,Montserrat,LATAM,2024-03-29
11448,"Travis, Shaw and Dunn",Technology,Enterprise,El Salvador,North America,2025-11-04
11449,Davis Ltd,Retail,SMB,Kuwait,Europe,2023-01-13
11450,"Grant, Anderson and Nelson",Finance,Mid-Market,French Guiana,Europe,2024-11-05
11451,Doyle PLC,Healthcare,Mid-Market,Chile,Europe,2025-04-25
11452,Bell-Davis,Finance,Mid-Market,British Indian Ocean Territory (Chagos Archipelago),LATAM,2022-08-18
11453,Henson Ltd,Manufacturing,SMB,Sweden,APAC,2023-08-19
11454,Hernandez and Sons,Healthcare,Mid-Market,United States of America,North America,2023-07-24
11455,"Scott, Stevens and Castillo",Healthcare,Enterprise,Benin,LATAM,2024-07-17
11456,Austin-Mcgrath,Retail,Enterprise,Portugal,Europe,2026-03-19
11457,"Lozano, Casey and Dudley",Retail,Enterprise,British Virgin Islands,APAC,2024-02-15
11458,Anderson Group,Retail,Mid-Market,Nigeria,Europe,2025-05-31
11459,"Johnson, Cole and White",Retail,SMB,Denmark,LATAM,2024-05-04
11460,Dorsey-Garcia,Retail,SMB,South Africa,LATAM,2024-01-07
11461,"Cain, Townsend and Frey",Finance,Enterprise,Brunei Darussalam,APAC,2023-05-25
11462,Whitehead-Thomas,Healthcare,Mid-Market,Saint Kitts and Nevis,LATAM,2022-10-27
11463,Taylor PLC,Retail,Mid-Market,Paraguay,LATAM,2025-08-03
11464,Wood Ltd,Technology,Mid-Market,Aruba,LATAM,2024-12-26
11465,Ibarra-Suarez,Manufacturing,Enterprise,Kenya,LATAM,2025-12-01
11466,Lee Inc,Healthcare,Enterprise,Lesotho,North America,2025-03-17
11467,Brown Inc,Finance,SMB,Bouvet Island (Bouvetoya),APAC,2024-01-11
11468,Roy LLC,Healthcare,Mid-Market,Burkina Faso,LATAM,2026-03-29
11469,Williams-Foster,Healthcare,Mid-Market,Falkland Islands (Malvinas),APAC,2024-02-12
11470,Odonnell PLC,Finance,Enterprise,Saint Vincent and the Grenadines,North America,2024-09-23
11471,Gonzalez-Jones,Manufacturing,Mid-Market,Malawi,LATAM,2022-08-13
11472,Newman-Holder,Retail,SMB,Germany,North America,2024-12-10
11473,Levine Inc,Technology,Enterprise,Turkmenistan,LATAM,2022-12-07
11474,Fitzpatrick Inc,Healthcare,Mid-Market,Palestinian Territory,Europe,2024-08-06
11475,Baker and Sons,Manufacturing,Mid-Market,Albania,APAC,2026-03-21
11476,"Garcia, Lane and Price",Manufacturing,Mid-Market,Grenada,Europe,2025-09-29
11477,"Sloan, Allen and Aguirre",Retail,Mid-Market,Holy See (Vatican City State),North America,2024-03-02
11478,"Richardson, Brown and Goodwin",Finance,Mid-Market,Anguilla,North America,2023-02-10
11479,Wilson LLC,Technology,Enterprise,Libyan Arab Jamahiriya,North America,2025-10-02
11480,Perry-Warren,Healthcare,SMB,Botswana,APAC,2023-09-08
11481,Roberts and Sons,Retail,Mid-Market,Aruba,Europe,2023-11-07
11482,Lawson-Mitchell,Retail,Mid-Market,Congo,APAC,2026-04-12
11483,Phillips-Mcintosh,Manufacturing,SMB,British Virgin Islands,APAC,2022-11-08
11484,"Bautista, Thomas and Carney",Technology,Mid-Market,Poland,APAC,2026-04-28
11485,Martin Ltd,Finance,SMB,Sweden,LATAM,2023-02-05
11486,White Inc,Retail,SMB,Guyana,Europe,2024-11-07
11487,"Gilmore, Strickland and Morrison",Finance,SMB,Uruguay,LATAM,2023-07-05
11488,"Espinoza, Gutierrez and Richardson",Manufacturing,Enterprise,Bulgaria,APAC,2022-11-29
11489,"Brewer, Gardner and Simon",Technology,SMB,Zimbabwe,LATAM,2024-03-07
11490,Williams PLC,Manufacturing,SMB,Cambodia,North America,2025-10-29
11491,"Oconnor, Adkins and Howard",Manufacturing,Mid-Market,South Africa,North America,2023-10-14
11492,Medina-Clark,Retail,Mid-Market,Maldives,LATAM,2024-07-06
11493,"Chase, Terrell and Morris",Technology,Enterprise,Armenia,Europe,2023-03-15
11494,Keller LLC,Technology,Enterprise,Estonia,APAC,2023-02-12
11495,"Turner, Moore and Spencer",Finance,Mid-Market,Israel,APAC,2025-07-15
11496,Morris Ltd,Healthcare,Mid-Market,Solomon Islands,North America,2025-03-18
11497,Wall PLC,Manufacturing,SMB,Ireland,LATAM,2025-10-06
11498,Freeman Group,Retail,Mid-Market,Montserrat,LATAM,2024-12-28
11499,Harris-Mueller,Technology,Enterprise,Indonesia,North America,2025-09-14
11500,Ryan and Sons,Healthcare,SMB,Iraq,North America,2023-09-04
11501,Thomas Ltd,Technology,Enterprise,Zimbabwe,LATAM,2024-10-08
11502,"Wilson, Santos and Morrison",Manufacturing,Mid-Market,Mauritania,North America,2025-10-18
11503,"Keller, Shah and Powell",Healthcare,Mid-Market,South Africa,APAC,2022-07-27
11504,"Mosley, Carey and Andrews",Retail,Enterprise,Zambia,Europe,2024-01-16
11505,Vega Ltd,Finance,Enterprise,Faroe Islands,APAC,2023-02-26
11506,Tapia Ltd,Finance,Enterprise,Mali,North America,2024-12-01
11507,Callahan Group,Healthcare,SMB,United Kingdom,APAC,2023-12-01
11508,Braun-Hess,Finance,SMB,Montserrat,North America,2025-06-22
11509,"Moore, Brown and Davis",Healthcare,Enterprise,Iran,APAC,2022-07-02
11510,Brooks Ltd,Technology,Enterprise,Switzerland,APAC,2023-08-30
11511,Terry Ltd,Technology,Enterprise,Belgium,LATAM,2023-10-14
11512,Watkins PLC,Manufacturing,Mid-Market,Lithuania,APAC,2023-02-16
11513,Gonzalez-Pierce,Technology,SMB,Philippines,LATAM,2022-09-25
11514,Padilla-Richard,Technology,Mid-Market,Nicaragua,APAC,2025-07-24
11515,"Vance, Sweeney and Hodge",Healthcare,Enterprise,French Polynesia,LATAM,2024-11-02
11516,Ward Ltd,Finance,Enterprise,Somalia,Europe,2025-03-23
11517,Sanders-West,Technology,SMB,El Salvador,APAC,2026-06-05
11518,Rivera-Andrews,Retail,SMB,Thailand,North America,2025-07-07
11519,Davis-Stevens,Manufacturing,Enterprise,Luxembourg,Europe,2024-08-14
11520,"Tucker, Miranda and Rodriguez",Manufacturing,Enterprise,Czech Republic,Europe,2026-04-18
11521,Alvarez PLC,Manufacturing,Enterprise,India,Europe,2024-12-20
11522,"Martinez, Walton and Spence",Retail,Enterprise,Tuvalu,Europe,2024-12-29
11523,Brown Group,Healthcare,Enterprise,Russian Federation,LATAM,2024-06-11
11524,"Smith, Hoffman and Perez",Manufacturing,SMB,Comoros,LATAM,2026-02-10
11525,"Butler, Johnson and Lee",Manufacturing,Enterprise,Austria,APAC,2023-03-05
11526,Olsen-Torres,Healthcare,SMB,Belarus,LATAM,2024-06-14
11527,Jones-Johnson,Finance,Mid-Market,Madagascar,Europe,2025-01-07
11528,Williams and Sons,Manufacturing,Mid-Market,Dominica,North America,2025-10-05
11529,Davenport-Davis,Manufacturing,Mid-Market,Montenegro,APAC,2023-08-06
11530,"Brown, Medina and Davidson",Finance,SMB,Turks and Caicos Islands,LATAM,2026-05-09
11531,Long PLC,Manufacturing,SMB,American Samoa,LATAM,2026-02-09
11532,Peck-Banks,Healthcare,SMB,Cote d'Ivoire,Europe,2022-06-13
11533,Matthews-Maddox,Technology,Mid-Market,British Indian Ocean Territory (Chagos Archipelago),North America,2025-03-11
11534,Copeland-Clark,Retail,Enterprise,Puerto Rico,LATAM,2024-09-03
11535,White LLC,Retail,Mid-Market,Finland,North America,2024-01-07
11536,Little and Sons,Finance,SMB,Algeria,APAC,2023-10-20
11537,Duncan Inc,Finance,Enterprise,New Caledonia,North America,2026-04-30
11538,Martinez PLC,Manufacturing,Enterprise,Bouvet Island (Bouvetoya),LATAM,2025-02-21
11539,"Patterson, Torres and Porter",Healthcare,Mid-Market,Palau,APAC,2025-02-10
11540,Burnett-Gardner,Retail,SMB,Nauru,North America,2025-09-16
11541,Wong Ltd,Healthcare,SMB,Faroe Islands,APAC,2025-05-25
11542,Mckinney and Sons,Technology,Enterprise,Hungary,APAC,2024-01-26
11543,Obrien and Sons,Healthcare,Enterprise,Switzerland,LATAM,2025-11-12
11544,Young-King,Retail,Mid-Market,Marshall Islands,Europe,2025-07-06
11545,Butler-Daniels,Finance,Mid-Market,Micronesia,Europe,2023-05-11
11546,Huber Group,Retail,Enterprise,Congo,North America,2024-05-06
11547,Hamilton-Gray,Technology,SMB,Congo,APAC,2024-06-04
11548,"Nguyen, Jimenez and Cooper",Finance,SMB,Cameroon,North America,2024-03-11
11549,Phillips Group,Finance,Enterprise,Pitcairn Islands,North America,2023-05-13
11550,"Summers, Johnston and Wallace",Finance,SMB,Sao Tome and Principe,North America,2026-02-26
11551,Spencer PLC,Manufacturing,Enterprise,Spain,North America,2025-08-22
11552,Hill-Mercado,Technology,Mid-Market,South Africa,North America,2026-01-02
11553,"Smith, Newton and Campbell",Technology,Mid-Market,Bolivia,LATAM,2025-08-08
11554,Ryan-Acosta,Finance,Mid-Market,French Southern Territories,LATAM,2024-01-08
11555,"Johnson, Steele and Allen",Finance,SMB,Liberia,North America,2026-04-04
11556,"Hansen, Weiss and Estes",Technology,SMB,Ghana,Europe,2024-01-24
11557,Cherry-Ward,Finance,Mid-Market,Turks and Caicos Islands,APAC,2024-10-31
11558,"Lang, Thomas and Barajas",Retail,Mid-Market,Nauru,North America,2022-06-18
11559,Gutierrez and Sons,Healthcare,Enterprise,United States Minor Outlying Islands,APAC,2022-10-08
11560,Garcia-Richards,Manufacturing,SMB,Croatia,Europe,2025-04-12
11561,Davis-Robinson,Technology,Mid-Market,Isle of Man,LATAM,2023-06-09
11562,Fox Group,Healthcare,SMB,Uruguay,North America,2023-02-02
11563,Watson-Butler,Retail,Mid-Market,Faroe Islands,North America,2023-05-04
11564,Macias-Davis,Manufacturing,Enterprise,Tuvalu,North America,2023-07-28
11565,"Delgado, Martin and Young",Retail,Mid-Market,Oman,LATAM,2023-06-12
11566,"Vega, Dunlap and Jackson",Manufacturing,Enterprise,Solomon Islands,LATAM,2022-11-01
11567,Bailey Ltd,Finance,Enterprise,Syrian Arab Republic,Europe,2023-11-24
11568,Anderson PLC,Manufacturing,Mid-Market,Indonesia,Europe,2024-12-06
11569,Aguilar-Stafford,Technology,Mid-Market,Antigua and Barbuda,APAC,2023-02-05
11570,"Case, Payne and Dunlap",Healthcare,Enterprise,Turkmenistan,North America,2023-04-01
11571,Bauer-Johnson,Technology,SMB,Bahrain,Europe,2023-07-09
11572,Hill PLC,Manufacturing,SMB,Solomon Islands,North America,2024-07-31
11573,"Walls, Williams and Carey",Technology,SMB,Nauru,LATAM,2024-02-02
11574,"Walters, Wright and Webb",Finance,Mid-Market,Portugal,North America,2023-04-03
11575,Dean Ltd,Manufacturing,Enterprise,Bulgaria,North America,2025-03-21
11576,Dawson and Sons,Retail,Enterprise,Monaco,LATAM,2024-10-29
11577,"Doyle, Hebert and James",Manufacturing,SMB,South Georgia and the South Sandwich Islands,LATAM,2024-06-01
11578,"Woodard, Stewart and Murray",Retail,Enterprise,Kuwait,Europe,2023-05-17
11579,Howe-Davis,Healthcare,Mid-Market,Hong Kong,North America,2025-01-19
11580,Harris and Sons,Retail,SMB,Tonga,North America,2023-06-12
11581,"Thompson, Kelley and Garcia",Manufacturing,Enterprise,Micronesia,APAC,2025-08-19
11582,Shields-Taylor,Finance,Enterprise,Cayman Islands,Europe,2023-07-12
11583,Gates Group,Finance,Mid-Market,Austria,Europe,2022-07-31
11584,Miranda PLC,Technology,Enterprise,Pitcairn Islands,Europe,2022-07-15
11585,Burns Inc,Finance,Mid-Market,Kyrgyz Republic,LATAM,2025-10-06
11586,"Young, Chapman and Turner",Finance,Enterprise,Finland,LATAM,2025-05-10
11587,"Lee, Powell and Austin",Healthcare,SMB,Saint Martin,North America,2024-10-17
11588,"Henderson, Williamson and Moon",Finance,Mid-Market,Syrian Arab Republic,APAC,2022-08-03
11589,Gutierrez-Riley,Finance,Mid-Market,Namibia,North America,2022-06-23
11590,"Beard, Davis and Morgan",Healthcare,Mid-Market,Ecuador,LATAM,2026-02-14
11591,Hines Ltd,Retail,Enterprise,Burundi,North America,2023-03-13
11592,"Myers, Harris and Washington",Technology,Mid-Market,Turkmenistan,LATAM,2026-06-03
11593,Christensen-Curtis,Technology,Enterprise,Saint Helena,Europe,2025-01-12
11594,Kent PLC,Manufacturing,SMB,Panama,North America,2025-09-11
11595,Tran-Blair,Manufacturing,Mid-Market,Congo,Europe,2025-11-30
11596,Perez-Norris,Retail,SMB,Bahamas,Europe,2024-08-04
11597,"Nelson, Elliott and Harris",Finance,Enterprise,Saint Barthelemy,APAC,2025-02-25
11598,"Lee, George and Rice",Manufacturing,Enterprise,Switzerland,Europe,2024-09-03
11599,Reynolds Group,Technology,SMB,Korea,North America,2024-05-21
11600,Gomez LLC,Retail,SMB,Monaco,North America,2026-03-19
11601,Garcia Ltd,Healthcare,SMB,Martinique,LATAM,2025-04-25
11602,Davis-Manning,Retail,Enterprise,Estonia,LATAM,2022-10-24
11603,Gonzalez Inc,Finance,SMB,Singapore,LATAM,2022-09-10
11604,"Mcfarland, Bush and Benjamin",Healthcare,Enterprise,Saint Vincent and the Grenadines,APAC,2024-06-03
11605,"Gaines, Brooks and Johnson",Technology,Mid-Market,Saint Pierre and Miquelon,North America,2022-07-01
11606,Gomez-Cooley,Retail,Mid-Market,Netherlands,APAC,2026-01-13
11607,Mcdonald and Sons,Technology,Mid-Market,Egypt,LATAM,2024-09-07
11608,Bailey-Martin,Healthcare,Mid-Market,Tunisia,LATAM,2022-11-04
11609,"Holder, Nelson and Stein",Finance,Enterprise,Gambia,Europe,2026-03-18
11610,Baker Group,Manufacturing,Enterprise,Burkina Faso,North America,2023-05-06
11611,Anderson-Elliott,Healthcare,SMB,Slovenia,North America,2022-07-25
11612,Jackson-Munoz,Retail,Mid-Market,Turks and Caicos Islands,Europe,2023-12-20
11613,Ellis-Thompson,Retail,Mid-Market,Slovakia (Slovak Republic),APAC,2022-08-06
11614,"Beasley, Johnson and Hess",Finance,SMB,Lesotho,Europe,2025-11-30
11615,"Green, Green and White",Technology,SMB,Malta,Europe,2023-11-04
11616,"Banks, Smith and Martin",Technology,Enterprise,French Guiana,APAC,2026-04-18
11617,Kelly LLC,Retail,SMB,Nicaragua,APAC,2026-03-26
11618,Williams-Lyons,Retail,Enterprise,Senegal,North America,2024-05-22
11619,Shepherd-Savage,Finance,Enterprise,Monaco,APAC,2022-10-10
11620,Miller LLC,Technology,Mid-Market,Guinea,APAC,2025-11-21
11621,Gilbert Inc,Manufacturing,Mid-Market,Denmark,APAC,2023-02-10
11622,Ryan Inc,Finance,Enterprise,Belize,North America,2025-04-27
11623,Serrano Inc,Finance,SMB,Seychelles,North America,2025-05-10
11624,"Bennett, Johnson and Garza",Healthcare,Enterprise,Peru,North America,2026-04-19
11625,"Peters, King and Brooks",Retail,Enterprise,El Salvador,Europe,2025-10-28
11626,Dunlap PLC,Retail,Enterprise,Qatar,LATAM,2025-12-22
11627,Cochran-Choi,Technology,SMB,Morocco,APAC,2023-11-20
11628,Baker-Miller,Healthcare,SMB,Eritrea,Europe,2022-11-08
11629,Perez PLC,Finance,Mid-Market,Niger,North America,2026-06-04
11630,"Small, Joyce and Russo",Retail,SMB,Timor-Leste,Europe,2025-06-01
11631,Duncan-Cobb,Healthcare,Enterprise,Madagascar,North America,2023-03-09
11632,Horton-Williams,Finance,Enterprise,Tajikistan,LATAM,2022-07-10
11633,"Grant, Moore and Day",Technology,Mid-Market,Chad,North America,2024-09-10
11634,"Miller, Mccullough and Morales",Technology,Mid-Market,Svalbard & Jan Mayen Islands,North America,2026-05-15
11635,Sanders-James,Finance,Mid-Market,Iran,North America,2026-03-30
11636,Peterson-Jenkins,Finance,Mid-Market,Suriname,North America,2023-11-11
11637,Mejia Group,Finance,SMB,Greece,Europe,2026-02-19
11638,Hebert Inc,Retail,SMB,Madagascar,APAC,2023-09-24
11639,"Miller, Glenn and Murray",Healthcare,Mid-Market,American Samoa,Europe,2025-06-21
11640,"Jones, Morgan and Wilson",Technology,Enterprise,Antigua and Barbuda,Europe,2024-03-12
11641,Martinez and Sons,Technology,SMB,Greenland,North America,2026-04-27
11642,Shaw-Carson,Healthcare,SMB,Maldives,Europe,2026-03-06
11643,Garza and Sons,Retail,SMB,Papua New Guinea,APAC,2025-06-26
11644,Stevens-Johnson,Retail,SMB,French Polynesia,APAC,2023-12-27
11645,Holloway-Blevins,Technology,SMB,Angola,LATAM,2023-11-07
11646,Gillespie LLC,Technology,SMB,Uganda,LATAM,2024-04-09
11647,Wong Ltd,Technology,Mid-Market,Monaco,APAC,2022-06-28
11648,Taylor Group,Healthcare,SMB,Samoa,North America,2022-11-10
11649,"Bailey, Villanueva and Mckay",Manufacturing,SMB,Hong Kong,Europe,2025-11-12
11650,Ramos-Sheppard,Retail,Mid-Market,Latvia,North America,2025-05-14
11651,Schmidt-Ramirez,Manufacturing,SMB,Bouvet Island (Bouvetoya),Europe,2022-12-25
11652,"Foley, Love and Vega",Technology,SMB,Pakistan,Europe,2022-10-22
11653,"Sanders, Kerr and Carroll",Retail,Mid-Market,Guernsey,LATAM,2025-11-05
11654,Taylor-Blevins,Technology,Enterprise,Cayman Islands,APAC,2025-09-10
11655,Martinez-Fitzgerald,Finance,Enterprise,French Polynesia,Europe,2024-11-10
11656,Evans LLC,Healthcare,Enterprise,Saint Lucia,LATAM,2024-10-19
11657,Miller-Crawford,Finance,Enterprise,Bahamas,APAC,2025-05-31
11658,Lucero Ltd,Manufacturing,SMB,Taiwan,Europe,2022-11-19
11659,"Woods, Parks and Shaw",Technology,Mid-Market,Heard Island and McDonald Islands,LATAM,2022-06-29
11660,Lawson-Bennett,Healthcare,Enterprise,Niue,North America,2023-03-26
11661,Dixon-Taylor,Manufacturing,SMB,Turkmenistan,North America,2024-05-20
11662,Morton-Chase,Healthcare,Enterprise,Chad,Europe,2022-09-13
11663,Walker PLC,Manufacturing,SMB,Gibraltar,APAC,2022-12-03
11664,Cunningham-Thomas,Retail,SMB,France,North America,2024-12-11
11665,"Castillo, Frank and Whitaker",Manufacturing,SMB,Jamaica,North America,2023-11-08
11666,"Davis, Henderson and Patterson",Finance,SMB,Hong Kong,LATAM,2025-11-10
11667,"Tran, Byrd and Garza",Retail,SMB,Marshall Islands,North America,2024-06-14
11668,Strong Ltd,Technology,Mid-Market,Nicaragua,APAC,2023-07-13
11669,Davis and Sons,Retail,SMB,New Caledonia,North America,2026-04-02
11670,Payne-Gonzalez,Retail,SMB,Azerbaijan,LATAM,2023-09-26
11671,Shepherd Inc,Retail,Enterprise,Isle of Man,APAC,2024-02-22
11672,"Petty, Williams and Garcia",Healthcare,Mid-Market,Mali,LATAM,2023-12-19
11673,"Burgess, Rowland and Wade",Finance,Enterprise,Burkina Faso,LATAM,2024-12-26
11674,"Rodriguez, Waller and Brown",Retail,Mid-Market,Heard Island and McDonald Islands,Europe,2022-09-20
11675,Martinez-Bailey,Finance,Enterprise,Azerbaijan,North America,2024-02-20
11676,"Cooper, Smith and Ballard",Technology,Enterprise,Puerto Rico,LATAM,2023-03-15
11677,"Barnett, Harris and Lyons",Manufacturing,Mid-Market,Honduras,APAC,2023-05-04
11678,Owen and Sons,Technology,Mid-Market,Turkey,Europe,2023-07-03
11679,"Bush, Wang and Smith",Manufacturing,SMB,Marshall Islands,North America,2025-06-18
11680,Henderson-Buck,Technology,Mid-Market,Gibraltar,APAC,2025-08-18
11681,Taylor Inc,Finance,SMB,Jersey,LATAM,2024-01-02
11682,Wood-Graham,Retail,Enterprise,Christmas Island,LATAM,2023-12-08
11683,Brown and Sons,Finance,Mid-Market,Cuba,Europe,2024-07-09
11684,Lang PLC,Technology,SMB,Netherlands Antilles,LATAM,2024-02-27
11685,Allen PLC,Healthcare,SMB,Gambia,North America,2023-08-27
11686,Warren Inc,Finance,SMB,Romania,North America,2024-02-14
11687,"Parks, Medina and Jones",Technology,Enterprise,British Indian Ocean Territory (Chagos Archipelago),North America,2023-04-10
11688,Bray Group,Healthcare,Mid-Market,Saint Martin,North America,2026-06-04
11689,White Inc,Healthcare,SMB,San Marino,LATAM,2025-07-18
11690,Love Group,Finance,SMB,Togo,APAC,2024-06-18
11691,"Hernandez, Avila and Howell",Healthcare,SMB,Colombia,Europe,2026-02-22
11692,"Lopez, Thompson and Banks",Technology,SMB,Bhutan,Europe,2023-04-01
11693,Cruz-Smith,Finance,Enterprise,Turkey,North America,2025-11-17
11694,Bates Inc,Finance,SMB,Paraguay,LATAM,2024-07-01
11695,"Campbell, Baker and Conley",Finance,SMB,Isle of Man,LATAM,2023-05-15
11696,"Hayes, Case and Bautista",Technology,SMB,Niue,Europe,2025-06-08
11697,"Hoover, Tucker and Miller",Manufacturing,SMB,Fiji,APAC,2025-01-04
11698,Reed Ltd,Retail,Mid-Market,Mozambique,LATAM,2024-12-28
11699,Martinez-Nichols,Manufacturing,Enterprise,Jordan,LATAM,2024-10-25
11700,"Kim, Mann and Sexton",Retail,SMB,Hungary,Europe,2025-04-12
11701,Hernandez-Walker,Retail,Enterprise,Brazil,LATAM,2023-10-21
11702,Weaver and Sons,Manufacturing,Enterprise,Azerbaijan,APAC,2025-03-27
11703,"Gonzales, Mcdaniel and Allen",Technology,SMB,China,North America,2024-12-18
11704,Dixon LLC,Retail,Mid-Market,India,APAC,2024-01-17
11705,Cooper-Rogers,Technology,Mid-Market,Philippines,North America,2025-10-16
11706,Wiggins PLC,Manufacturing,Enterprise,San Marino,LATAM,2024-04-07
11707,Kelley and Sons,Technology,SMB,American Samoa,LATAM,2023-09-11
11708,Jackson PLC,Finance,SMB,Gibraltar,Europe,2026-02-28
11709,Rangel-Keller,Manufacturing,Mid-Market,Iceland,LATAM,2026-03-03
11710,Lopez-Sosa,Healthcare,Mid-Market,Malawi,Europe,2024-12-28
11711,"Washington, Avery and Wells",Healthcare,SMB,Lao People's Democratic Republic,Europe,2024-04-25
11712,Mosley-Warner,Healthcare,Enterprise,Cameroon,Europe,2024-05-11
11713,Salinas Ltd,Technology,SMB,American Samoa,Europe,2023-07-17
11714,Mcknight LLC,Technology,Mid-Market,Puerto Rico,APAC,2024-07-06
11715,Frederick-Frazier,Technology,Enterprise,Vanuatu,APAC,2022-07-06
11716,Norton-Hopkins,Finance,Mid-Market,Gabon,Europe,2024-09-20
11717,Martinez and Sons,Finance,SMB,Samoa,North America,2026-05-07
11718,Smith-Smith,Technology,Enterprise,Cameroon,Europe,2025-07-16
11719,Nelson-Villanueva,Retail,Enterprise,United Kingdom,APAC,2024-09-21
11720,Jordan and Sons,Manufacturing,SMB,French Polynesia,Europe,2024-05-06
11721,"Bass, Matthews and Holmes",Retail,Mid-Market,Austria,APAC,2025-05-02
11722,Stevens PLC,Retail,SMB,Micronesia,Europe,2026-02-15
11723,Knight-Phelps,Retail,SMB,Benin,Europe,2023-08-31
11724,Smith-Hernandez,Retail,Enterprise,Timor-Leste,APAC,2023-09-19
11725,"Smith, Arias and Guzman",Manufacturing,Enterprise,Solomon Islands,Europe,2023-11-24
11726,Brown-Taylor,Technology,SMB,Heard Island and McDonald Islands,North America,2024-05-19
11727,Burch-Ramirez,Finance,Enterprise,Taiwan,Europe,2023-03-29
11728,"Carroll, Dixon and Garcia",Technology,Enterprise,Mongolia,North America,2024-06-09
11729,Little LLC,Retail,Enterprise,Zimbabwe,North America,2022-07-28
11730,Peterson PLC,Manufacturing,Enterprise,Isle of Man,North America,2026-02-06
11731,"Gross, Miller and Green",Retail,Enterprise,France,Europe,2025-06-08
11732,Butler Ltd,Technology,SMB,Mayotte,APAC,2024-01-15
11733,"Anderson, Salazar and Munoz",Technology,Enterprise,United Kingdom,APAC,2024-05-06
11734,Gibson-Warren,Healthcare,Enterprise,Luxembourg,LATAM,2025-06-09
11735,"Martinez, Walter and Robbins",Healthcare,Enterprise,Bermuda,North America,2024-03-23
11736,Schaefer-Carter,Finance,SMB,Mayotte,North America,2025-12-09
11737,Coleman PLC,Retail,Mid-Market,Mauritius,Europe,2025-04-18
11738,Lee-Williams,Healthcare,Enterprise,Hungary,Europe,2026-04-28
11739,"Wagner, Murray and Austin",Technology,Enterprise,Slovakia (Slovak Republic),LATAM,2024-11-04
11740,Mendoza Group,Technology,Enterprise,Germany,LATAM,2022-09-16
11741,"Hansen, Munoz and James",Healthcare,SMB,Cape Verde,North America,2025-12-01
11742,"Brown, Rodriguez and Costa",Healthcare,SMB,Germany,LATAM,2023-11-10
11743,"Stanley, Skinner and Porter",Healthcare,Enterprise,Zimbabwe,LATAM,2025-04-01
11744,"Gutierrez, Wright and Coleman",Technology,SMB,San Marino,North America,2024-04-01
11745,"West, Hill and Martinez",Retail,Enterprise,Belize,APAC,2023-07-16
11746,"Aguilar, Ballard and Mitchell",Healthcare,Enterprise,Pitcairn Islands,North America,2025-10-29
11747,"Stephens, Warren and Benton",Healthcare,Enterprise,Turks and Caicos Islands,North America,2025-02-14
11748,Reyes LLC,Retail,Enterprise,Algeria,APAC,2022-07-22
11749,"Glover, Mccann and Mitchell",Manufacturing,SMB,Ethiopia,APAC,2024-08-19
11750,"Carroll, Erickson and Thomas",Manufacturing,SMB,Seychelles,LATAM,2023-03-03
11751,Mills PLC,Manufacturing,Enterprise,Luxembourg,APAC,2024-01-23
11752,Huff-Hawkins,Technology,SMB,Cocos (Keeling) Islands,APAC,2025-09-07
11753,Hammond Inc,Healthcare,SMB,Spain,APAC,2022-06-17
11754,Watts Ltd,Finance,Enterprise,Uganda,North America,2023-12-02
11755,"Mccoy, Oconnor and Collins",Manufacturing,SMB,Oman,LATAM,2024-11-01
11756,Rogers and Sons,Technology,SMB,Vietnam,APAC,2023-06-19
11757,"Turner, Smith and Ruiz",Healthcare,Mid-Market,New Zealand,LATAM,2022-09-16
11758,Tapia-Baker,Manufacturing,SMB,Jamaica,LATAM,2022-10-17
11759,Banks and Sons,Manufacturing,Mid-Market,Bahrain,LATAM,2024-09-28
11760,Doyle-Proctor,Finance,Enterprise,Belgium,APAC,2022-10-26
11761,"Simpson, Contreras and Fleming",Healthcare,Mid-Market,Samoa,APAC,2025-05-02
11762,Hawkins-Hill,Finance,SMB,Mauritania,APAC,2024-03-28
11763,Williams Ltd,Manufacturing,Enterprise,Kyrgyz Republic,North America,2024-06-07
11764,Key-Marshall,Manufacturing,SMB,Oman,LATAM,2025-02-24
11765,"Gilbert, Campbell and Hicks",Technology,SMB,Pitcairn Islands,Europe,2022-08-10
11766,Lewis Group,Manufacturing,Enterprise,Belarus,APAC,2023-08-13
11767,Cortez Ltd,Finance,Enterprise,Guatemala,APAC,2023-12-18
11768,Moore-Leach,Finance,Mid-Market,Indonesia,LATAM,2024-03-22
11769,"Garcia, Kelly and Marsh",Retail,SMB,Burundi,APAC,2024-02-23
11770,"Rodriguez, Ward and Forbes",Finance,Enterprise,Moldova,Europe,2023-03-06
11771,Carroll Group,Technology,Mid-Market,New Zealand,Europe,2024-04-25
11772,Hernandez-Stokes,Technology,Enterprise,Brazil,Europe,2025-02-24
11773,Mora-Thomas,Technology,Enterprise,Iran,North America,2024-08-22
11774,Moss-Hobbs,Technology,SMB,Belarus,Europe,2025-02-06
11775,Sullivan-Jones,Finance,Mid-Market,Jersey,Europe,2024-11-17
11776,Huang LLC,Technology,Enterprise,Paraguay,APAC,2024-02-07
11777,Nichols-Lambert,Finance,Mid-Market,Central African Republic,APAC,2023-06-11
11778,George LLC,Finance,SMB,Turkey,LATAM,2024-02-20
11779,Daniel and Sons,Manufacturing,Mid-Market,Greenland,North America,2022-12-28
11780,Mcintosh-Mason,Technology,Enterprise,Hungary,North America,2024-02-11
11781,"Le, Smith and Martin",Manufacturing,Enterprise,Maldives,LATAM,2023-03-28
11782,Sanders PLC,Technology,SMB,Luxembourg,LATAM,2025-11-27
11783,Hudson-Bautista,Manufacturing,SMB,Malaysia,LATAM,2022-07-27
11784,"Montgomery, Yu and Thompson",Manufacturing,Enterprise,Libyan Arab Jamahiriya,North America,2024-11-06
11785,Barrett-Warren,Retail,SMB,New Zealand,Europe,2024-06-18
11786,Miller Group,Healthcare,SMB,Swaziland,APAC,2024-03-04
11787,Johnson-Obrien,Technology,Mid-Market,Libyan Arab Jamahiriya,Europe,2024-03-31
11788,"Stevens, Berg and Taylor",Manufacturing,SMB,Bermuda,Europe,2025-03-16
11789,Young Ltd,Retail,Enterprise,Grenada,LATAM,2022-06-30
11790,Taylor-Singh,Finance,Enterprise,Antigua and Barbuda,APAC,2025-03-03
11791,"Chavez, Fernandez and Williams",Technology,Mid-Market,Kenya,North America,2025-07-30
11792,Phillips Group,Retail,Enterprise,Montserrat,LATAM,2025-04-05
11793,Sampson PLC,Healthcare,SMB,Saint Barthelemy,APAC,2023-04-30
11794,"Lee, Blackburn and Farrell",Manufacturing,Enterprise,Vietnam,LATAM,2025-02-27
11795,"Johnson, Sanchez and Williams",Finance,Enterprise,Korea,APAC,2023-04-18
11796,Harper LLC,Technology,SMB,Monaco,North America,2023-11-28
11797,"Carson, Camacho and Ray",Finance,Enterprise,Netherlands,APAC,2024-01-09
11798,"Stevenson, Gamble and Edwards",Technology,Mid-Market,Palestinian Territory,North America,2022-09-10
11799,Wheeler-Roberts,Retail,Mid-Market,Bermuda,North America,2023-12-18
11800,Luna-Anderson,Healthcare,Mid-Market,Madagascar,Europe,2024-12-26
11801,Hendricks and Sons,Finance,SMB,Central African Republic,APAC,2022-11-06
11802,Edwards Ltd,Manufacturing,SMB,Luxembourg,Europe,2024-02-25
11803,Wilson Ltd,Technology,Enterprise,Moldova,APAC,2025-01-10
11804,"Sullivan, Brooks and Lee",Finance,Mid-Market,Hong Kong,North America,2025-08-28
11805,Baker PLC,Finance,Enterprise,Falkland Islands (Malvinas),North America,2024-03-14
11806,Soto-Santos,Manufacturing,SMB,Isle of Man,LATAM,2023-04-26
11807,Robbins-Alexander,Finance,SMB,Monaco,APAC,2023-06-14
11808,Murphy and Sons,Finance,SMB,Lebanon,LATAM,2022-11-27
11809,King-Harris,Manufacturing,Enterprise,Austria,North America,2024-01-17
11810,"Jones, Tate and Powell",Healthcare,Enterprise,Dominica,Europe,2023-05-14
11811,"Travis, Foster and Francis",Retail,Mid-Market,Christmas Island,LATAM,2026-01-26
11812,Nguyen-Little,Retail,SMB,Malawi,Europe,2024-04-11
11813,"Lamb, Jimenez and Robinson",Technology,SMB,Marshall Islands,North America,2023-06-14
11814,"Simpson, Smith and Bennett",Healthcare,SMB,Argentina,North America,2024-04-27
11815,"Williams, Wright and Williams",Retail,SMB,Jersey,North America,2024-12-13
11816,"Hill, Griffin and Barnes",Healthcare,Enterprise,Monaco,North America,2023-07-14
11817,"Bates, Gonzalez and Parker",Finance,Mid-Market,Azerbaijan,LATAM,2022-10-25
11818,"Miller, Reyes and Sullivan",Retail,Enterprise,Cayman Islands,Europe,2025-10-13
11819,"Hickman, Robinson and Phillips",Finance,Mid-Market,Guyana,North America,2026-04-08
11820,Nielsen Inc,Retail,Enterprise,Bermuda,LATAM,2025-02-26
11821,Alvarado and Sons,Technology,SMB,Martinique,LATAM,2023-03-06
11822,"Norman, Stewart and Duncan",Manufacturing,Enterprise,Samoa,LATAM,2025-12-08
11823,Guzman-Walker,Technology,Mid-Market,Cook Islands,North America,2024-07-03
11824,Ramos-Horton,Manufacturing,Enterprise,Guinea,Europe,2025-07-07
11825,"Holloway, Cortez and Fields",Finance,Enterprise,Wallis and Futuna,APAC,2025-03-29
11826,"Brooks, Hernandez and Moses",Manufacturing,Enterprise,Cambodia,North America,2024-07-14
11827,"White, Jenkins and Becker",Retail,Mid-Market,American Samoa,North America,2025-02-06
11828,Fields Group,Healthcare,Mid-Market,Vietnam,North America,2024-05-28
11829,"Barker, Herman and Page",Healthcare,Mid-Market,Burundi,Europe,2023-05-26
11830,Stanley Ltd,Technology,Enterprise,Moldova,APAC,2026-04-10
11831,Stone and Sons,Healthcare,Mid-Market,Gibraltar,North America,2025-10-25
11832,Molina-Howell,Technology,SMB,Bermuda,Europe,2026-05-21
11833,"Williams, Richardson and Quinn",Retail,SMB,Philippines,APAC,2025-02-18
11834,Howard-Livingston,Finance,Mid-Market,Sri Lanka,LATAM,2023-08-22
11835,Gutierrez-Davis,Healthcare,Enterprise,Saint Helena,APAC,2023-06-23
11836,Garcia LLC,Finance,Mid-Market,Serbia,North America,2024-07-29
11837,Villarreal PLC,Manufacturing,SMB,Saint Lucia,APAC,2023-10-27
11838,Washington-Rodriguez,Technology,SMB,Bosnia and Herzegovina,Europe,2025-05-15
11839,"Barker, Cross and Suarez",Manufacturing,Enterprise,Yemen,LATAM,2022-11-27
11840,"Davenport, Chandler and Acosta",Retail,SMB,Sierra Leone,APAC,2023-10-29
11841,Oliver PLC,Retail,SMB,Holy See (Vatican City State),North America,2026-03-26
11842,Jones-Anderson,Retail,Mid-Market,Singapore,LATAM,2023-02-07
11843,Campbell LLC,Technology,Mid-Market,Congo,Europe,2025-05-19
11844,"Gutierrez, Anderson and Johnson",Healthcare,Mid-Market,Svalbard & Jan Mayen Islands,Europe,2022-12-18
11845,Smith Ltd,Manufacturing,SMB,Australia,APAC,2022-10-20
11846,Stewart PLC,Healthcare,Enterprise,San Marino,North America,2023-05-04
11847,"Reyes, Salas and Cain",Finance,SMB,Zambia,APAC,2024-11-12
11848,"Miller, Taylor and Gilbert",Finance,Mid-Market,Czech Republic,LATAM,2023-06-26
11849,"Bradford, Grimes and Henderson",Manufacturing,SMB,Slovakia (Slovak Republic),Europe,2022-07-09
11850,"Dyer, Francis and Sanchez",Retail,Enterprise,Equatorial Guinea,North America,2024-05-30
11851,Clark Inc,Technology,Mid-Market,Nigeria,APAC,2023-04-15
11852,Jones LLC,Retail,Mid-Market,Belarus,APAC,2022-08-28
11853,Mccall-Chapman,Manufacturing,Mid-Market,Cayman Islands,North America,2024-11-30
11854,Yoder-Garcia,Healthcare,SMB,North Macedonia,LATAM,2025-01-23
11855,Sullivan-Woods,Technology,Enterprise,Barbados,LATAM,2022-08-09
11856,"Allen, Rhodes and Reynolds",Finance,SMB,Israel,Europe,2022-06-09
11857,Obrien-Adkins,Manufacturing,Enterprise,Guatemala,APAC,2025-01-29
11858,"Fisher, Alvarez and Webb",Finance,Mid-Market,Central African Republic,LATAM,2025-12-31
11859,Trevino-Prince,Healthcare,Mid-Market,Panama,Europe,2024-06-22
11860,Adkins PLC,Technology,Enterprise,Botswana,APAC,2023-07-17
11861,Walker Ltd,Retail,Mid-Market,Niue,APAC,2023-01-12
11862,"Rich, Randall and Best",Finance,Mid-Market,Timor-Leste,LATAM,2024-01-26
11863,"Joseph, Rodriguez and Ferguson",Retail,Mid-Market,Northern Mariana Islands,LATAM,2025-10-12
11864,Caldwell-Johnson,Technology,Mid-Market,Ecuador,LATAM,2024-10-21
11865,"Holland, Fernandez and Green",Manufacturing,Mid-Market,Slovakia (Slovak Republic),North America,2026-01-29
11866,"Jacobs, Hill and Williams",Manufacturing,Enterprise,Rwanda,LATAM,2024-04-28
11867,"Morgan, Williams and Lamb",Healthcare,SMB,Israel,Europe,2026-05-22
11868,"Goodwin, Simpson and Wilson",Healthcare,Mid-Market,Solomon Islands,APAC,2022-06-12
11869,"Martinez, Martin and Tran",Technology,Mid-Market,French Southern Territories,LATAM,2026-03-28
11870,Sims Inc,Finance,Mid-Market,Portugal,APAC,2025-03-13
11871,Poole-Griffin,Healthcare,Mid-Market,Timor-Leste,LATAM,2025-05-29
11872,Gamble-Smith,Manufacturing,SMB,Afghanistan,Europe,2022-10-24
11873,Bray-Cruz,Finance,SMB,Senegal,APAC,2026-01-10
11874,"Bridges, Carr and Brown",Healthcare,Mid-Market,Dominican Republic,APAC,2025-03-24
11875,Osborne-Guzman,Retail,Mid-Market,Mongolia,North America,2025-03-24
11876,"Mendoza, Murphy and Adkins",Technology,Enterprise,Palau,APAC,2025-02-22
11877,Thomas LLC,Healthcare,Enterprise,Togo,Europe,2025-12-01
11878,Wall-Church,Technology,SMB,Venezuela,APAC,2024-07-14
11879,Graham and Sons,Retail,Enterprise,Papua New Guinea,Europe,2024-09-21
11880,Silva-Dean,Finance,SMB,Jamaica,North America,2024-10-26
11881,"Alvarez, Boyle and Higgins",Healthcare,Enterprise,Congo,APAC,2025-11-21
11882,Davidson-Reed,Retail,Mid-Market,Niue,APAC,2025-03-27
11883,"Anderson, Williams and Foster",Retail,Mid-Market,Grenada,LATAM,2024-07-20
11884,Curtis-Nicholson,Finance,SMB,Netherlands,North America,2024-08-11
11885,Howell-Ray,Manufacturing,Mid-Market,Rwanda,North America,2022-12-17
11886,"Brown, Hicks and Sharp",Healthcare,Enterprise,Andorra,APAC,2025-10-24
11887,Mckenzie-Garner,Finance,SMB,Andorra,LATAM,2023-04-20
11888,Jones Ltd,Finance,SMB,Eritrea,North America,2025-10-27
11889,"Joseph, Matthews and Nguyen",Healthcare,Mid-Market,Timor-Leste,Europe,2024-01-19
11890,"Thompson, Young and Ramirez",Healthcare,Enterprise,Argentina,Europe,2024-06-21
11891,Marshall LLC,Finance,Enterprise,American Samoa,Europe,2025-10-28
11892,Sandoval PLC,Healthcare,Mid-Market,Germany,LATAM,2023-02-18
11893,"Maldonado, Thompson and Watson",Retail,Enterprise,United States Virgin Islands,LATAM,2025-07-17
11894,Daniel and Sons,Finance,Enterprise,Brazil,APAC,2024-04-24
11895,Valdez LLC,Technology,Mid-Market,Palau,LATAM,2023-06-23
11896,Lee LLC,Technology,Mid-Market,Belize,APAC,2025-06-22
11897,Hernandez-Brown,Technology,Mid-Market,Guinea,Europe,2025-01-18
11898,Burke Inc,Retail,Enterprise,San Marino,North America,2026-02-23
11899,Adams-Hall,Retail,SMB,Martinique,North America,2022-09-18
11900,Sharp-Bates,Finance,SMB,Brunei Darussalam,North America,2023-08-14
11901,Smith LLC,Retail,SMB,Anguilla,APAC,2024-11-02
11902,"Pena, Nelson and Blake",Technology,Enterprise,Cyprus,North America,2026-01-05
11903,"Edwards, Watson and Hamilton",Retail,Enterprise,Jersey,LATAM,2023-01-29
11904,Wood Inc,Retail,SMB,Bhutan,APAC,2024-03-18
11905,Stanley-Sanchez,Manufacturing,SMB,Bahamas,LATAM,2025-03-06
11906,Pratt Group,Technology,Enterprise,Croatia,North America,2025-11-12
11907,Wilson and Sons,Finance,SMB,Latvia,Europe,2025-06-03
11908,Jones-Cohen,Technology,Mid-Market,Peru,North America,2025-07-13
11909,Shaw Ltd,Technology,Mid-Market,Mongolia,LATAM,2025-09-30
11910,Hendrix and Sons,Finance,Enterprise,Indonesia,APAC,2025-03-09
11911,Russell-Meyer,Technology,SMB,Qatar,APAC,2024-10-10
11912,"Kaiser, Todd and Miles",Finance,Mid-Market,Singapore,APAC,2023-09-30
11913,Williams and Sons,Finance,Enterprise,Honduras,APAC,2024-01-26
11914,Brady-Hughes,Manufacturing,SMB,Antarctica (the territory South of 60 deg S),APAC,2025-01-17
11915,"Morales, Sherman and Myers",Healthcare,SMB,Montserrat,Europe,2023-01-05
11916,Hernandez Group,Healthcare,SMB,Holy See (Vatican City State),LATAM,2022-10-11
11917,"Nguyen, Jackson and Ramirez",Technology,Enterprise,Switzerland,APAC,2025-06-14
11918,Jenkins Group,Finance,Mid-Market,Ethiopia,APAC,2022-09-09
11919,Campbell PLC,Healthcare,Enterprise,Guam,Europe,2024-10-01
11920,Walker and Sons,Healthcare,Enterprise,Bahamas,LATAM,2024-07-18
11921,Day PLC,Technology,Enterprise,South Africa,LATAM,2023-11-23
11922,"Johnson, Montoya and Roberts",Manufacturing,Enterprise,South Africa,Europe,2025-07-02
11923,Hodges and Sons,Retail,SMB,Philippines,APAC,2022-09-20
11924,Church PLC,Manufacturing,Enterprise,Ghana,APAC,2022-10-16
11925,Stevens Ltd,Manufacturing,SMB,Togo,North America,2022-09-17
11926,Davis Group,Retail,Enterprise,Philippines,North America,2024-05-17
11927,Boyd-Abbott,Healthcare,Mid-Market,Kiribati,North America,2025-02-14
11928,"Evans, Molina and Hamilton",Healthcare,SMB,Sweden,Europe,2023-08-01
11929,Booth-Watkins,Manufacturing,Mid-Market,Eritrea,APAC,2023-02-22
11930,Wilson-Miller,Technology,Enterprise,Turkmenistan,North America,2026-03-01
11931,Smith-Navarro,Healthcare,SMB,South Georgia and the South Sandwich Islands,APAC,2024-11-19
11932,"Gonzalez, Davis and Hansen",Finance,SMB,Guam,Europe,2024-03-03
11933,Anderson Ltd,Healthcare,Enterprise,Micronesia,LATAM,2026-02-03
11934,Davenport-Ho,Technology,Enterprise,Belgium,North America,2024-11-13
11935,Baker-Mitchell,Manufacturing,Mid-Market,Niger,North America,2023-04-07
11936,"Jackson, Kelly and Nguyen",Finance,SMB,Romania,LATAM,2025-11-25
11937,"Rice, Turner and Smith",Manufacturing,SMB,Bahrain,LATAM,2025-10-05
11938,Johnson-Davis,Retail,Mid-Market,United Kingdom,Europe,2024-05-20
11939,"Knight, Rivas and Wallace",Finance,Mid-Market,Timor-Leste,Europe,2026-02-12
11940,"Stein, Obrien and Miller",Healthcare,Enterprise,Mauritania,North America,2026-03-02
11941,"Brown, Warner and Lucas",Retail,Enterprise,Azerbaijan,APAC,2024-04-16
11942,Flores PLC,Retail,Mid-Market,Grenada,North America,2026-03-04
11943,Williams-Gonzales,Retail,SMB,British Indian Ocean Territory (Chagos Archipelago),Europe,2022-09-12
11944,Morgan Ltd,Technology,Mid-Market,Pakistan,LATAM,2025-09-16
11945,Williams-Smith,Healthcare,Enterprise,Dominican Republic,APAC,2025-03-17
11946,Petty-Lambert,Manufacturing,Enterprise,Guadeloupe,LATAM,2024-08-19
11947,Rivas-Durham,Technology,SMB,Russian Federation,North America,2024-05-26
11948,James-Warner,Healthcare,SMB,Honduras,North America,2023-09-20
11949,Farley Group,Technology,SMB,South Georgia and the South Sandwich Islands,LATAM,2022-06-24
11950,Berry LLC,Manufacturing,Enterprise,San Marino,LATAM,2023-05-21
11951,"Gomez, Oneill and Whitaker",Manufacturing,SMB,Malawi,North America,2026-02-19
11952,Myers-Lynn,Retail,Mid-Market,Congo,North America,2024-07-13
11953,"Jones, Taylor and Spencer",Finance,SMB,Namibia,LATAM,2024-10-23
11954,"Fox, Patterson and Williamson",Manufacturing,Enterprise,India,North America,2024-05-03
11955,Mercado Ltd,Finance,SMB,Jamaica,LATAM,2024-01-10
11956,Long-Mccann,Technology,SMB,Sri Lanka,LATAM,2022-12-11
11957,"Mosley, Schroeder and Saunders",Manufacturing,Mid-Market,Pitcairn Islands,LATAM,2026-04-27
11958,Neal-Brooks,Technology,SMB,Pakistan,LATAM,2023-08-11
11959,Nichols-Becker,Technology,SMB,Ukraine,APAC,2025-08-14
11960,Klein LLC,Healthcare,SMB,Saint Pierre and Miquelon,North America,2024-04-07
11961,"Carter, Young and Schmidt",Retail,Mid-Market,United Kingdom,Europe,2023-11-09
11962,Wood-Solomon,Technology,Mid-Market,Ireland,Europe,2025-10-21
11963,"Hayes, Stephenson and Oneal",Retail,SMB,United Arab Emirates,Europe,2023-01-11
11964,"Murphy, Kelley and Myers",Healthcare,Mid-Market,Palau,Europe,2024-01-09
11965,"Williams, Tucker and Cardenas",Retail,Enterprise,Micronesia,Europe,2023-03-09
11966,Tucker-Austin,Manufacturing,Enterprise,Costa Rica,Europe,2023-07-01
11967,Cooper LLC,Healthcare,SMB,Finland,LATAM,2023-08-07
11968,Alvarez Inc,Healthcare,SMB,Oman,LATAM,2023-01-16
11969,Gates LLC,Healthcare,Mid-Market,Iceland,LATAM,2024-05-02
11970,Edwards-Watson,Retail,Mid-Market,Mayotte,APAC,2025-10-13
11971,Duran LLC,Retail,Mid-Market,Equatorial Guinea,Europe,2025-10-27
11972,Jones LLC,Manufacturing,SMB,Cambodia,Europe,2024-01-22
11973,"Griffith, Thompson and Peters",Technology,Mid-Market,Cyprus,North America,2023-11-10
11974,"Chapman, Jones and Goodman",Retail,Mid-Market,Netherlands,APAC,2024-03-25
11975,"Foster, Deleon and Strickland",Technology,Mid-Market,India,LATAM,2024-01-26
11976,"Stone, Herrera and Torres",Healthcare,Mid-Market,Antarctica (the territory South of 60 deg S),North America,2026-02-11
11977,Dodson-Jones,Retail,SMB,Vietnam,LATAM,2025-02-27
11978,Ali-Jones,Technology,Mid-Market,Nigeria,APAC,2025-11-07
11979,"Mcclain, Wilson and Allen",Healthcare,Enterprise,Sri Lanka,APAC,2022-07-31
11980,Davis LLC,Technology,SMB,Antarctica (the territory South of 60 deg S),Europe,2026-04-17
11981,"Aguilar, Salinas and Ramirez",Retail,Mid-Market,Antarctica (the territory South of 60 deg S),Europe,2024-03-02
11982,Flowers Inc,Healthcare,SMB,Barbados,LATAM,2024-12-03
11983,Stevenson-Diaz,Manufacturing,Mid-Market,Georgia,APAC,2022-11-06
11984,Grant-Everett,Healthcare,Mid-Market,Haiti,APAC,2025-12-19
11985,Hall Group,Finance,Enterprise,Paraguay,APAC,2024-07-31
11986,Kelly Group,Finance,Mid-Market,Gibraltar,APAC,2024-08-19
11987,"Short, Mason and Wagner",Finance,SMB,Czech Republic,North America,2023-06-12
11988,"Harvey, Jackson and Collins",Technology,Mid-Market,Mauritius,North America,2022-10-19
11989,Patel-Everett,Healthcare,Enterprise,Gambia,LATAM,2023-12-07
11990,Long-Young,Technology,SMB,Solomon Islands,APAC,2025-03-12
11991,Morris-Brown,Healthcare,Mid-Market,Brazil,APAC,2026-03-22
11992,Miller LLC,Technology,SMB,South Africa,Europe,2023-09-18
11993,"Wilson, Campbell and Moore",Healthcare,Mid-Market,Syrian Arab Republic,North America,2026-03-03
11994,Gibbs and Sons,Healthcare,SMB,Poland,LATAM,2025-11-08
11995,"Warren, Adams and Perez",Retail,Mid-Market,Netherlands Antilles,Europe,2024-03-29
11996,Jefferson LLC,Retail,SMB,Vietnam,North America,2023-01-25
11997,Hardy-Adams,Finance,SMB,United States of America,LATAM,2025-09-27
11998,Ferguson Ltd,Technology,Mid-Market,Sao Tome and Principe,LATAM,2022-09-17
11999,Braun Inc,Healthcare,SMB,Philippines,North America,2026-01-11
12000,Gonzales-Brown,Technology,Mid-Market,Barbados,APAC,2024-12-05
12001,Watkins-Callahan,Retail,Enterprise,Japan,North America,2024-08-03
12002,Glenn Group,Finance,SMB,Saint Vincent and the Grenadines,North America,2023-02-08
12003,Jackson-Cross,Retail,Enterprise,Rwanda,APAC,2022-12-07
12004,Johnson LLC,Healthcare,Enterprise,Gibraltar,North America,2023-10-17
12005,Baker Ltd,Finance,Enterprise,Tanzania,North America,2022-11-21
12006,Alexander-Bauer,Finance,SMB,Croatia,APAC,2023-11-21
12007,Hodge LLC,Retail,Mid-Market,Pitcairn Islands,APAC,2024-10-28
12008,Hatfield Inc,Retail,SMB,Taiwan,LATAM,2022-08-04
12009,"Lucas, Watts and Rich",Technology,SMB,Bahrain,Europe,2023-01-23
12010,"Davis, Bautista and Medina",Retail,Enterprise,Armenia,LATAM,2026-05-10
12011,Fisher-Johns,Finance,SMB,Canada,North America,2023-12-15
12012,Contreras-Morris,Healthcare,Enterprise,Gabon,APAC,2025-08-14
12013,"Hughes, Dean and Miller",Healthcare,Mid-Market,Barbados,APAC,2026-01-27
12014,Morris and Sons,Healthcare,Enterprise,Malawi,LATAM,2022-07-15
12015,Marsh PLC,Manufacturing,Enterprise,Liberia,LATAM,2023-07-12
12016,Patel-Leonard,Retail,Mid-Market,Burundi,North America,2024-05-02
12017,Hernandez and Sons,Retail,Mid-Market,Grenada,LATAM,2026-05-12
12018,Mathis PLC,Finance,SMB,United Kingdom,Europe,2023-11-12
12019,Lynch-Gonzalez,Technology,Mid-Market,San Marino,Europe,2024-05-20
12020,"Brown, Becker and Hughes",Healthcare,Enterprise,Sudan,North America,2025-03-18
12021,"Rhodes, Oneill and Ramirez",Technology,SMB,Svalbard & Jan Mayen Islands,Europe,2026-04-24
12022,Espinoza-Wilson,Technology,Enterprise,Philippines,North America,2025-07-03
12023,Buck LLC,Finance,Enterprise,Holy See (Vatican City State),Europe,2025-04-24
12024,Smith-Munoz,Healthcare,SMB,Northern Mariana Islands,North America,2026-03-03
12025,"Grant, Sutton and Woods",Manufacturing,Enterprise,Tuvalu,North America,2023-08-08
12026,"Mercado, Oconnor and Cruz",Technology,Enterprise,United States Minor Outlying Islands,North America,2025-03-28
12027,Kennedy-Fleming,Finance,Mid-Market,Saint Kitts and Nevis,Europe,2025-09-28
12028,"Chapman, Wise and Weber",Manufacturing,SMB,Iran,LATAM,2024-06-05
12029,Garrett-Kelly,Finance,Mid-Market,Burundi,APAC,2024-02-20
12030,May Ltd,Retail,Enterprise,Andorra,LATAM,2025-05-19
12031,Stevens PLC,Finance,SMB,Korea,Europe,2022-12-15
12032,Fry-Wilson,Technology,Enterprise,Guinea,LATAM,2023-09-09
12033,Johnson PLC,Technology,Mid-Market,Belgium,North America,2024-06-29
12034,Bruce-Barton,Healthcare,SMB,Algeria,APAC,2023-12-15
12035,Jensen PLC,Finance,SMB,Antigua and Barbuda,APAC,2025-06-29
12036,"Camacho, Burns and Watson",Technology,Mid-Market,Kyrgyz Republic,Europe,2022-07-04
12037,"Smith, Herrera and Reese",Manufacturing,SMB,Bahrain,APAC,2022-08-13
12038,"Mckenzie, Allen and Johnson",Manufacturing,Mid-Market,Korea,LATAM,2025-01-26
12039,Rodgers-Garcia,Finance,Enterprise,Cocos (Keeling) Islands,APAC,2024-05-10
12040,"Gomez, Sherman and Love",Technology,Enterprise,Malta,Europe,2024-09-14
12041,Griffin-Banks,Retail,Mid-Market,Namibia,North America,2026-01-11
12042,Ross-Becker,Retail,Enterprise,Falkland Islands (Malvinas),North America,2022-08-24
12043,Ellis Group,Technology,Mid-Market,Reunion,LATAM,2025-12-07
12044,Thomas-Lynn,Manufacturing,SMB,Estonia,APAC,2024-03-08
12045,Bonilla Ltd,Manufacturing,Enterprise,Comoros,APAC,2024-01-23
12046,"Huff, Garcia and Williamson",Retail,Enterprise,Venezuela,LATAM,2022-06-28
12047,Stephens and Sons,Manufacturing,Mid-Market,Guadeloupe,APAC,2023-02-05
12048,Bailey-Russell,Finance,Mid-Market,Pitcairn Islands,Europe,2025-10-01
12049,"Andersen, Morse and Roy",Technology,Mid-Market,Kazakhstan,LATAM,2026-05-02
12050,"Stevenson, Tate and Hahn",Healthcare,Enterprise,Antarctica (the territory South of 60 deg S),Europe,2024-09-13
12051,Wheeler Group,Retail,SMB,Turkmenistan,LATAM,2024-05-28
12052,Ramos PLC,Finance,Mid-Market,Greece,LATAM,2025-06-02
12053,"Gibbs, Gordon and Chandler",Technology,SMB,Reunion,APAC,2022-06-09
12054,Johnson-Hinton,Manufacturing,SMB,Jersey,LATAM,2023-02-02
12055,Carter and Sons,Manufacturing,Enterprise,Djibouti,North America,2022-10-07
12056,"Gibbs, Brennan and Kennedy",Retail,Enterprise,Saint Barthelemy,APAC,2023-04-11
12057,Banks-Blankenship,Technology,Mid-Market,Antigua and Barbuda,Europe,2025-05-21
12058,Howard PLC,Technology,Mid-Market,Bosnia and Herzegovina,LATAM,2026-02-01
12059,"Smith, Chavez and Reed",Retail,SMB,Guadeloupe,North America,2023-08-29
12060,Cochran-Patterson,Manufacturing,SMB,Martinique,LATAM,2023-02-14
12061,"Ramos, Fox and Roberson",Manufacturing,SMB,Myanmar,APAC,2025-02-19
12062,Kennedy-Marquez,Manufacturing,Enterprise,Indonesia,Europe,2022-11-03
12063,Mathis-Hill,Healthcare,SMB,Puerto Rico,Europe,2023-03-31
12064,"Macdonald, Burnett and Mcneil",Finance,Mid-Market,Serbia,North America,2023-01-27
12065,Lara-Rodriguez,Retail,SMB,Cocos (Keeling) Islands,Europe,2023-02-26
12066,"Bailey, Blevins and Johnson",Manufacturing,Mid-Market,Liberia,North America,2023-12-26
12067,"Williams, Reyes and Smith",Manufacturing,Mid-Market,Bosnia and Herzegovina,APAC,2024-07-25
12068,Aguilar-Bryan,Technology,Enterprise,Mali,LATAM,2022-07-10
12069,Larson Group,Healthcare,Mid-Market,Sao Tome and Principe,North America,2023-04-13
12070,Anderson Group,Healthcare,SMB,Tokelau,APAC,2025-08-20
12071,"Gonzales, Foster and Williams",Healthcare,Mid-Market,Romania,Europe,2024-09-13
12072,Munoz PLC,Finance,SMB,French Polynesia,LATAM,2025-10-17
12073,Stewart LLC,Healthcare,SMB,Cyprus,APAC,2024-01-19
12074,"Sanchez, Horton and Kim",Healthcare,SMB,Saint Kitts and Nevis,LATAM,2025-02-09
12075,Navarro Group,Retail,Enterprise,Uzbekistan,LATAM,2026-04-21
12076,Hall Ltd,Healthcare,Enterprise,Ghana,North America,2022-07-14
12077,"Bauer, Ruiz and Wilson",Technology,Enterprise,United States Minor Outlying Islands,North America,2025-03-08
12078,Barnes Ltd,Retail,Enterprise,San Marino,North America,2024-02-08
12079,Brown PLC,Technology,Enterprise,Chile,Europe,2022-10-06
12080,Lee-Arnold,Finance,Mid-Market,Sweden,LATAM,2022-08-07
12081,"Sandoval, West and Stone",Healthcare,Enterprise,Madagascar,North America,2022-08-16
12082,"Morse, Stanley and Williams",Manufacturing,Enterprise,Haiti,LATAM,2026-05-16
12083,"Rice, Haley and Carlson",Finance,Enterprise,Azerbaijan,APAC,2025-03-11
12084,Dennis and Sons,Manufacturing,Mid-Market,United Arab Emirates,North America,2024-10-09
12085,Taylor PLC,Healthcare,Mid-Market,Holy See (Vatican City State),North America,2025-11-03
12086,Johnson PLC,Technology,Mid-Market,Finland,APAC,2024-03-06
12087,Anderson Group,Healthcare,Enterprise,Australia,APAC,2025-12-27
12088,Henry-Ramirez,Technology,Enterprise,Macao,North America,2022-09-02
12089,"Osborne, Taylor and Haas",Technology,Mid-Market,Qatar,North America,2022-07-01
12090,Richards-Kennedy,Retail,SMB,South Georgia and the South Sandwich Islands,Europe,2025-04-23
12091,"Anderson, Wells and Howard",Healthcare,Mid-Market,Slovenia,APAC,2025-03-07
12092,"Thompson, Bonilla and Clark",Finance,SMB,Gabon,APAC,2022-09-09
12093,"Walsh, Hudson and Hunter",Healthcare,SMB,Benin,APAC,2023-11-05
12094,"Carlson, Lucas and Spears",Healthcare,Mid-Market,Fiji,LATAM,2023-01-26
12095,Turner-Vincent,Healthcare,SMB,Bulgaria,LATAM,2025-01-26
12096,Chan-Torres,Manufacturing,Enterprise,Bolivia,LATAM,2025-07-13
12097,"Sandoval, Garza and Chambers",Manufacturing,Enterprise,Faroe Islands,North America,2023-07-28
12098,"Allen, Barnes and Flores",Technology,Mid-Market,Liechtenstein,North America,2023-10-20
12099,"Lopez, Perry and Scott",Healthcare,SMB,Somalia,APAC,2023-04-25
12100,Adams-Fischer,Healthcare,SMB,Guatemala,LATAM,2023-09-15
12101,Wallace-Collins,Retail,SMB,Vanuatu,LATAM,2023-03-07
12102,Santana-Moore,Retail,Enterprise,Spain,LATAM,2024-08-04
12103,Jenkins-Bennett,Finance,Enterprise,Cape Verde,LATAM,2022-09-03
12104,Lee Inc,Finance,Mid-Market,Mauritania,Europe,2025-06-10
12105,Trevino Group,Finance,Enterprise,Bangladesh,Europe,2024-05-31
12106,"Graham, Rios and Wood",Retail,Mid-Market,Niue,APAC,2023-10-24
12107,"White, Walker and Robbins",Technology,Enterprise,Tajikistan,North America,2026-03-20
12108,Peters-Potts,Retail,SMB,Sweden,LATAM,2022-07-17
12109,Hooper-Watson,Technology,SMB,Puerto Rico,LATAM,2025-10-21
12110,Smith PLC,Healthcare,SMB,Senegal,Europe,2025-01-06
12111,Costa-Edwards,Healthcare,SMB,French Southern Territories,LATAM,2025-08-23
12112,Acosta-Reynolds,Technology,SMB,Hungary,North America,2025-03-09
12113,Patrick-Williams,Technology,SMB,Guam,APAC,2024-03-07
12114,Woods-Carson,Healthcare,SMB,Korea,APAC,2025-07-28
12115,"Harrington, Hill and Carlson",Retail,Mid-Market,New Zealand,North America,2026-05-14
12116,"Rogers, Martinez and Rosales",Technology,Enterprise,Costa Rica,North America,2025-01-22
12117,Weaver Ltd,Manufacturing,SMB,Azerbaijan,APAC,2023-07-25
12118,Santos-Ruiz,Finance,Mid-Market,North Macedonia,APAC,2024-03-04
12119,Lucas-Gaines,Finance,SMB,Togo,APAC,2023-06-28
12120,King Ltd,Healthcare,SMB,Bulgaria,APAC,2024-09-11
12121,Hall Inc,Manufacturing,SMB,Uganda,LATAM,2023-06-23
12122,Hensley-Berry,Retail,Enterprise,El Salvador,APAC,2025-11-11
12123,Watson Inc,Technology,SMB,Saint Helena,North America,2023-11-20
12124,"Lopez, Odonnell and Valdez",Technology,Enterprise,Christmas Island,Europe,2022-07-28
12125,Sanders-Pierce,Manufacturing,Enterprise,Suriname,North America,2026-03-15
12126,"Murray, White and Harding",Healthcare,Enterprise,Saint Pierre and Miquelon,APAC,2026-04-28
12127,Padilla-Klein,Finance,Mid-Market,United States Virgin Islands,Europe,2025-11-06
12128,Hoffman Group,Finance,Mid-Market,Poland,APAC,2025-04-10
12129,Guzman-Bryant,Retail,Enterprise,Ukraine,North America,2024-03-02
12130,"Stevenson, Hoffman and Moore",Finance,SMB,Qatar,APAC,2025-02-20
12131,Greene-Jacobson,Healthcare,Enterprise,Argentina,Europe,2023-12-31
12132,Brown Inc,Retail,SMB,Tajikistan,APAC,2024-08-11
12133,Evans-Garcia,Technology,Mid-Market,Pitcairn Islands,APAC,2023-07-09
12134,Dunn Group,Finance,Enterprise,Djibouti,LATAM,2022-11-29
12135,Mason-Crane,Finance,Enterprise,Ghana,APAC,2025-10-02
12136,Colon and Sons,Technology,SMB,Rwanda,LATAM,2023-05-06
12137,"Grant, Smith and Anderson",Manufacturing,Mid-Market,United Kingdom,North America,2025-01-15
12138,Clark PLC,Manufacturing,Enterprise,Benin,APAC,2024-03-30
12139,"Griffin, Brennan and Wilson",Healthcare,SMB,Pitcairn Islands,Europe,2025-05-20
12140,Skinner and Sons,Manufacturing,Mid-Market,Yemen,APAC,2024-12-20
12141,Gonzalez Ltd,Finance,SMB,Central African Republic,Europe,2022-11-21
12142,Parks-Smith,Healthcare,SMB,Bhutan,North America,2023-01-03
12143,Ramirez Inc,Manufacturing,SMB,Sudan,APAC,2023-09-11
12144,Short Inc,Finance,Mid-Market,Czech Republic,LATAM,2023-03-28
12145,"Castillo, Lopez and Rodriguez",Retail,SMB,Yemen,North America,2024-11-17
12146,"Fisher, Adams and Bush",Manufacturing,Enterprise,Saudi Arabia,LATAM,2026-02-12
12147,Hatfield Ltd,Finance,Enterprise,Congo,North America,2024-11-08
12148,"Rodriguez, Carter and Austin",Retail,SMB,Denmark,APAC,2022-11-11
12149,"Love, Guzman and Collins",Finance,Mid-Market,Wallis and Futuna,North America,2022-07-16
12150,Henry-Pollard,Technology,Mid-Market,Bulgaria,APAC,2022-09-07
12151,Wolf-Vargas,Technology,Mid-Market,Eritrea,North America,2022-07-17
12152,Kennedy-White,Technology,SMB,Gambia,North America,2022-08-19
12153,Evans Ltd,Finance,SMB,Grenada,Europe,2026-01-17
12154,"Gomez, Davis and Elliott",Technology,SMB,Reunion,Europe,2026-03-31
12155,Griffin and Sons,Finance,SMB,Isle of Man,North America,2022-07-26
12156,Glass-Berry,Retail,SMB,Czech Republic,North America,2022-08-09
12157,Campbell-Kirby,Healthcare,Mid-Market,Eritrea,North America,2023-07-10
12158,"Bailey, Good and Hoffman",Retail,Mid-Market,Uganda,APAC,2022-06-09
12159,Johnson and Sons,Retail,Mid-Market,Yemen,APAC,2023-05-03
12160,Mendoza Inc,Retail,SMB,Jamaica,APAC,2026-02-05
12161,Rogers and Sons,Technology,Mid-Market,British Virgin Islands,Europe,2026-01-21
12162,Orr LLC,Manufacturing,SMB,Jersey,APAC,2025-03-11
12163,Love-Collins,Technology,Enterprise,Niue,North America,2024-12-26
12164,"Wilson, Mathews and Robinson",Finance,Enterprise,Vietnam,APAC,2023-11-16
12165,Pugh Group,Finance,Mid-Market,Qatar,Europe,2023-08-26
12166,"Crosby, Martinez and Fischer",Retail,Mid-Market,Portugal,LATAM,2026-01-06
12167,Jones Group,Healthcare,SMB,Netherlands Antilles,LATAM,2022-09-23
12168,"Stafford, Cruz and Cabrera",Manufacturing,Mid-Market,Northern Mariana Islands,APAC,2026-02-24
12169,"Durham, Wilcox and Black",Retail,Enterprise,Micronesia,LATAM,2023-05-06
12170,"Adams, Scott and Mason",Retail,Enterprise,United Kingdom,Europe,2024-12-28
12171,Gilbert PLC,Manufacturing,Mid-Market,Reunion,North America,2024-09-30
12172,Patton Inc,Healthcare,Mid-Market,Chile,North America,2025-04-07
12173,"White, Smith and Mitchell",Technology,Mid-Market,Saint Helena,LATAM,2025-10-04
12174,Crawford LLC,Manufacturing,SMB,Lesotho,Europe,2022-09-16
12175,"Mcmillan, Acevedo and Cherry",Finance,Enterprise,Malta,LATAM,2024-09-26
12176,"Johns, Haas and Mills",Manufacturing,SMB,Marshall Islands,LATAM,2022-06-14
12177,Li-Floyd,Technology,Enterprise,Ireland,APAC,2026-02-28
12178,"Esparza, Mosley and Williams",Healthcare,Mid-Market,Somalia,APAC,2025-04-29
12179,"Carson, Lopez and Stevenson",Technology,Mid-Market,French Polynesia,APAC,2024-02-19
12180,"Coleman, Stewart and Guerrero",Finance,SMB,Slovakia (Slovak Republic),North America,2024-09-03
12181,Pittman-Flores,Healthcare,Mid-Market,Bahamas,LATAM,2022-12-19
12182,Jacobson Ltd,Healthcare,SMB,French Polynesia,Europe,2022-06-14
12183,Lin Group,Retail,SMB,Jersey,North America,2023-08-23
12184,Oconnor-Norton,Retail,Enterprise,Burkina Faso,North America,2022-11-01
12185,Leonard-Myers,Technology,Mid-Market,India,APAC,2025-01-26
12186,Moran-Vargas,Manufacturing,Mid-Market,Pakistan,North America,2023-09-25
12187,Forbes-Yang,Retail,SMB,Lao People's Democratic Republic,Europe,2026-01-11
12188,Hebert PLC,Finance,Enterprise,Sweden,LATAM,2024-06-25
12189,"Arroyo, Edwards and Coleman",Finance,Mid-Market,Mongolia,LATAM,2023-01-12
12190,"Mayer, Smith and Potter",Retail,SMB,Puerto Rico,LATAM,2023-09-29
12191,Jackson-Jones,Technology,Enterprise,Austria,APAC,2024-07-31
12192,Dixon LLC,Retail,SMB,Haiti,LATAM,2025-06-22
12193,Bishop LLC,Healthcare,Enterprise,Togo,North America,2026-02-04
12194,"Gould, White and Foster",Healthcare,Enterprise,Hungary,APAC,2022-08-05
12195,Vargas PLC,Manufacturing,SMB,Kyrgyz Republic,Europe,2022-07-17
12196,"Ramos, Gonzalez and Brewer",Healthcare,Enterprise,Gambia,North America,2025-07-17
12197,Brown-Clark,Manufacturing,Mid-Market,Wallis and Futuna,North America,2025-02-15
12198,Huff and Sons,Retail,SMB,South Georgia and the South Sandwich Islands,APAC,2024-11-08
12199,"Bell, Li and Roberts",Healthcare,Mid-Market,Jamaica,North America,2023-08-19
12200,Barrera-Delacruz,Retail,SMB,Congo,LATAM,2026-03-03
12201,Herring LLC,Healthcare,Mid-Market,Puerto Rico,APAC,2025-06-26
12202,"Howard, Christensen and Sampson",Technology,Mid-Market,Kyrgyz Republic,North America,2022-11-19
12203,"Spencer, Buck and Tate",Healthcare,SMB,Uruguay,Europe,2023-04-12
12204,"Barnes, Juarez and Johnson",Technology,Mid-Market,Nauru,LATAM,2023-11-19
12205,Wallace-Hubbard,Finance,Enterprise,Cuba,North America,2022-10-07
12206,Pace and Sons,Technology,Enterprise,Indonesia,North America,2023-07-14
12207,"Ward, Santos and Moreno",Retail,SMB,Macao,North America,2024-02-07
12208,Mcconnell PLC,Manufacturing,SMB,North Macedonia,LATAM,2025-01-19
12209,"Hughes, Rodriguez and Alvarez",Retail,Mid-Market,Saint Martin,North America,2022-09-30
12210,Harris Inc,Manufacturing,Mid-Market,Uzbekistan,LATAM,2022-06-14
12211,"Thompson, Molina and Shaw",Retail,SMB,Romania,LATAM,2025-01-28
12212,Rivera-Brewer,Retail,SMB,Zambia,North America,2024-04-22
12213,Mcclure-Prince,Retail,SMB,Georgia,North America,2023-09-24
12214,Marshall-Smith,Retail,Mid-Market,Solomon Islands,APAC,2024-08-14
12215,"Sanchez, Arroyo and Martinez",Finance,Mid-Market,Montserrat,APAC,2025-04-14
12216,"Robinson, Franklin and Reynolds",Finance,Mid-Market,Taiwan,LATAM,2024-12-08
12217,Parker-Lee,Manufacturing,Enterprise,Egypt,North America,2023-06-24
12218,Oconnell LLC,Manufacturing,Enterprise,Reunion,LATAM,2024-05-11
12219,"Farley, Roy and Hughes",Retail,Enterprise,Palestinian Territory,Europe,2023-10-06
12220,"Peterson, Gutierrez and Mata",Healthcare,Enterprise,Holy See (Vatican City State),Europe,2023-07-29
12221,Baker Inc,Manufacturing,Enterprise,Lesotho,Europe,2023-09-24
12222,Greene Group,Manufacturing,SMB,Colombia,North America,2024-05-20
12223,Bell Group,Healthcare,Enterprise,Honduras,APAC,2024-03-30
12224,"Torres, Moreno and Townsend",Healthcare,Mid-Market,Anguilla,North America,2024-02-12
12225,"Nguyen, Anderson and Cole",Technology,Mid-Market,Kyrgyz Republic,LATAM,2025-12-03
12226,Castro-Powell,Manufacturing,Enterprise,Cape Verde,Europe,2023-08-26
12227,"Hardin, Holloway and Mills",Retail,Enterprise,Poland,North America,2023-01-01
12228,Nielsen PLC,Retail,Enterprise,Denmark,APAC,2024-05-30
12229,Willis Ltd,Retail,Enterprise,Dominican Republic,Europe,2024-09-17
12230,Kim-Powell,Retail,Mid-Market,Sudan,LATAM,2024-07-08
12231,"Taylor, Pruitt and Ballard",Manufacturing,Enterprise,Switzerland,Europe,2024-01-22
12232,Hammond Group,Finance,Enterprise,Isle of Man,LATAM,2024-06-16
12233,Foley-Huynh,Healthcare,Enterprise,Iran,North America,2025-01-07
12234,Davidson PLC,Technology,SMB,Macao,LATAM,2023-10-19
12235,Esparza-Suarez,Retail,Enterprise,Sri Lanka,Europe,2022-08-15
12236,Martin Inc,Retail,SMB,Kyrgyz Republic,Europe,2024-03-13
12237,"Johnson, Reed and Jenkins",Healthcare,Enterprise,Kuwait,APAC,2024-02-09
12238,Adkins-Alvarado,Healthcare,Enterprise,British Indian Ocean Territory (Chagos Archipelago),Europe,2024-12-13
12239,Parker-Perez,Healthcare,SMB,Kyrgyz Republic,APAC,2023-11-14
12240,"Golden, Church and Butler",Manufacturing,Enterprise,Gambia,APAC,2024-05-10
12241,Pham-Hill,Technology,Enterprise,Cambodia,APAC,2023-02-11
12242,"Ellis, Johnson and Smith",Technology,Mid-Market,French Southern Territories,Europe,2022-12-08
12243,Torres Group,Retail,SMB,Vietnam,APAC,2023-10-30
12244,Martin-Wagner,Finance,Enterprise,Papua New Guinea,APAC,2025-09-14
12245,"Peck, Lane and Williamson",Retail,SMB,Guam,APAC,2022-08-06
12246,"Combs, Foster and Parker",Retail,Enterprise,Sweden,LATAM,2023-09-10
12247,Jones-Richard,Retail,SMB,Austria,LATAM,2024-06-21
12248,Green-Davis,Technology,SMB,Zimbabwe,LATAM,2026-02-11
12249,"Jones, Gill and Lambert",Healthcare,SMB,Swaziland,North America,2025-06-04
12250,Burns-Rivera,Finance,Mid-Market,Cambodia,Europe,2025-09-13
12251,Lee-Wells,Manufacturing,Enterprise,Egypt,LATAM,2025-04-23
12252,"Howard, Curtis and Hurley",Finance,SMB,Mauritius,North America,2024-09-23
12253,Galvan Ltd,Technology,Enterprise,Monaco,Europe,2024-10-05
12254,Hawkins PLC,Retail,Mid-Market,Colombia,LATAM,2025-10-27
12255,Ferguson Ltd,Finance,SMB,Cook Islands,LATAM,2023-02-21
12256,"Wong, Walton and Lewis",Finance,SMB,Barbados,North America,2022-11-16
12257,Silva-Miller,Finance,Enterprise,American Samoa,North America,2025-02-27
12258,"Ramos, Parker and Ho",Finance,Enterprise,Israel,North America,2023-06-23
12259,Olson LLC,Healthcare,SMB,Albania,Europe,2023-03-18
12260,"Mejia, Webster and Mendez",Retail,Enterprise,Palau,Europe,2024-06-30
12261,Warner-Williams,Technology,Enterprise,Mozambique,LATAM,2025-04-15
12262,Clark-Wolfe,Retail,SMB,Wallis and Futuna,APAC,2024-09-06
12263,Beard Group,Retail,SMB,Macao,LATAM,2026-02-15
12264,"Garrett, Martinez and Weaver",Retail,Enterprise,Andorra,LATAM,2025-12-31
12265,Romero-Schwartz,Finance,Enterprise,Chad,APAC,2025-05-11
12266,Stewart LLC,Retail,Enterprise,Anguilla,LATAM,2026-01-13
12267,Hill Group,Retail,Enterprise,Gambia,APAC,2025-05-23
12268,"Fisher, Miller and George",Technology,SMB,Belgium,LATAM,2024-01-09
12269,"Foley, Raymond and Weiss",Healthcare,SMB,Guinea,LATAM,2024-01-26
12270,Meadows PLC,Healthcare,SMB,Singapore,Europe,2024-12-08
12271,Norton-Pace,Retail,Enterprise,Central African Republic,LATAM,2023-08-08
12272,Whitaker-Rowland,Technology,Mid-Market,Ukraine,LATAM,2022-10-04
12273,"Taylor, Ashley and Barnes",Finance,Mid-Market,Ecuador,North America,2024-02-02
12274,Huerta Inc,Retail,Enterprise,Dominican Republic,APAC,2022-10-07
12275,Wallace-Miller,Finance,Enterprise,Somalia,APAC,2024-10-13
12276,Lopez LLC,Finance,SMB,Croatia,North America,2025-05-08
12277,Olson-Reyes,Technology,Enterprise,Libyan Arab Jamahiriya,Europe,2023-07-06
12278,"Rhodes, Collier and Becker",Manufacturing,Mid-Market,Seychelles,APAC,2024-01-23
12279,Watson-Wilson,Manufacturing,Enterprise,Croatia,APAC,2025-10-28
12280,"Castro, Richardson and Mills",Healthcare,Mid-Market,Guadeloupe,North America,2024-01-29
12281,Peterson-Tucker,Retail,Enterprise,Sri Lanka,LATAM,2025-06-14
12282,"Johnson, Lane and Jackson",Finance,Mid-Market,Bhutan,APAC,2023-05-01
12283,Lane Ltd,Retail,Enterprise,Guinea,LATAM,2023-01-31
12284,"Charles, Carlson and King",Manufacturing,Mid-Market,Tonga,Europe,2024-01-22
12285,Cunningham PLC,Retail,Enterprise,Sierra Leone,APAC,2022-11-29
12286,"Hunt, Moss and Hubbard",Manufacturing,SMB,Niger,Europe,2022-10-24
12287,"Jimenez, Kerr and Gibson",Manufacturing,Enterprise,Montserrat,APAC,2025-02-13
12288,"Graham, Mcconnell and Parker",Finance,Enterprise,Saint Helena,APAC,2024-02-17
12289,Jenkins and Sons,Healthcare,SMB,Djibouti,APAC,2025-03-25
12290,Ramirez-Harrington,Technology,SMB,Luxembourg,APAC,2023-06-20
12291,Hernandez-Ochoa,Finance,Enterprise,Saint Martin,LATAM,2024-01-14
12292,"Pena, Martin and Harrison",Technology,Enterprise,Taiwan,APAC,2024-01-22
12293,Lutz PLC,Retail,Enterprise,Aruba,North America,2026-01-31
12294,Summers-Juarez,Finance,Enterprise,Bahamas,Europe,2023-02-11
12295,Fox-Hancock,Retail,Enterprise,Nauru,Europe,2025-07-03
12296,Yoder Ltd,Finance,Enterprise,British Virgin Islands,North America,2023-09-17
12297,"Brown, Lee and Hodge",Retail,Enterprise,Korea,Europe,2024-01-04
12298,Armstrong PLC,Manufacturing,Enterprise,Tunisia,Europe,2024-04-06
12299,Mullen-Nash,Retail,Mid-Market,Morocco,APAC,2024-08-17
12300,Bell PLC,Healthcare,Mid-Market,Turkey,APAC,2025-06-12
12301,Jones and Sons,Healthcare,Enterprise,Indonesia,APAC,2022-10-03
12302,"Martinez, Dunn and Wilcox",Finance,Enterprise,Sao Tome and Principe,APAC,2023-11-04
12303,"Potts, Jacobs and Krause",Healthcare,SMB,Antigua and Barbuda,LATAM,2023-04-12
12304,"Trevino, Perez and Howe",Technology,SMB,Uruguay,Europe,2024-05-28
12305,"Vasquez, Graham and Brown",Manufacturing,SMB,Cape Verde,North America,2023-08-02
12306,Molina and Sons,Healthcare,Mid-Market,Romania,APAC,2023-05-17
12307,Newman and Sons,Manufacturing,Enterprise,Netherlands,Europe,2022-08-06
12308,"Newton, Brown and Russell",Technology,Mid-Market,Saint Martin,APAC,2024-11-20
12309,King and Sons,Retail,Mid-Market,Cameroon,APAC,2024-03-30
12310,Pierce Group,Manufacturing,Enterprise,Ukraine,North America,2025-09-26
12311,Leblanc-Jenkins,Technology,Mid-Market,Turkmenistan,APAC,2025-12-15
12312,"Frederick, Martinez and Cervantes",Healthcare,Enterprise,British Virgin Islands,Europe,2023-10-23
12313,Rivers PLC,Technology,SMB,Philippines,LATAM,2026-05-22
12314,Fowler-Oneal,Technology,SMB,Timor-Leste,North America,2025-06-21
12315,Miller Inc,Healthcare,Enterprise,Netherlands Antilles,North America,2023-05-21
12316,Yoder Group,Manufacturing,SMB,Zambia,North America,2023-06-21
12317,"May, Castro and Robinson",Healthcare,Mid-Market,Afghanistan,Europe,2023-11-01
12318,Brown Inc,Finance,SMB,Maldives,Europe,2024-02-14
12319,Smith Inc,Healthcare,SMB,Austria,Europe,2025-01-05
12320,Martin-Garcia,Healthcare,Mid-Market,Norway,LATAM,2023-11-15
12321,"Miles, Foster and Abbott",Healthcare,Enterprise,Bouvet Island (Bouvetoya),LATAM,2026-05-28
12322,Smith-Young,Technology,Mid-Market,Netherlands Antilles,APAC,2022-07-12
12323,Graves PLC,Retail,Enterprise,Malaysia,APAC,2025-03-17
12324,Weaver PLC,Finance,Enterprise,Madagascar,LATAM,2025-02-07
12325,Casey LLC,Finance,Mid-Market,Jamaica,North America,2026-05-27
12326,"Miller, Conway and Kennedy",Technology,SMB,Mozambique,LATAM,2023-10-20
12327,"Harris, Murray and Sherman",Retail,Enterprise,Central African Republic,North America,2023-02-10
12328,"Gross, Miller and Hudson",Technology,Enterprise,Sierra Leone,APAC,2024-12-12
12329,Davidson-Cruz,Technology,SMB,Korea,Europe,2025-07-12
12330,Martinez-Castillo,Retail,Mid-Market,Bhutan,Europe,2024-06-13
12331,"Cervantes, Johnson and Hickman",Finance,Mid-Market,Ecuador,LATAM,2026-05-25
12332,Velasquez-Schultz,Technology,SMB,Congo,North America,2023-10-20
12333,Johnson-Martinez,Manufacturing,SMB,Israel,Europe,2024-09-03
12334,Romero PLC,Healthcare,SMB,South Africa,LATAM,2023-03-04
12335,"Hill, Harmon and Green",Technology,Enterprise,Saint Lucia,LATAM,2024-04-10
12336,"Levine, Dixon and Mcbride",Manufacturing,SMB,Panama,APAC,2025-06-07
12337,Williams-Davis,Retail,SMB,Uganda,APAC,2023-02-03
12338,Hardy LLC,Manufacturing,SMB,French Southern Territories,LATAM,2025-09-20
12339,Lewis Group,Technology,Enterprise,Mongolia,Europe,2026-03-13
12340,Gill-Wilson,Manufacturing,Enterprise,Brunei Darussalam,LATAM,2025-11-29
12341,Underwood LLC,Retail,SMB,Lebanon,North America,2025-12-17
12342,"Smith, Johnson and Black",Retail,Mid-Market,Bahamas,Europe,2023-03-24
12343,Rodriguez Group,Technology,Mid-Market,Afghanistan,LATAM,2022-08-08
12344,"Hahn, Copeland and Brown",Technology,Mid-Market,Romania,LATAM,2024-10-13
12345,"Benson, Garcia and Richardson",Technology,Mid-Market,Maldives,Europe,2022-12-02
12346,Davis-Moreno,Finance,Enterprise,Croatia,Europe,2024-07-17
12347,"Robinson, Houston and Palmer",Finance,Mid-Market,Suriname,Europe,2022-12-23
12348,"Ramirez, Nguyen and Johnson",Technology,Enterprise,Cameroon,APAC,2022-09-10
12349,Blake Group,Technology,Mid-Market,Turks and Caicos Islands,APAC,2023-07-13
12350,Lewis Inc,Finance,Enterprise,Bhutan,Europe,2023-12-04
12351,Graves-Peters,Retail,SMB,Guyana,Europe,2025-01-19
12352,"Rodriguez, Arnold and Cabrera",Retail,SMB,Oman,APAC,2022-10-10
12353,Rivera-Brown,Technology,Enterprise,Bahrain,APAC,2024-09-04
12354,Harvey and Sons,Finance,Mid-Market,Western Sahara,North America,2026-04-04
12355,Delacruz LLC,Finance,Enterprise,Papua New Guinea,LATAM,2024-08-01
12356,Robertson LLC,Technology,Enterprise,Mali,LATAM,2023-03-03
12357,"Parsons, Medina and Alvarez",Finance,Mid-Market,Western Sahara,North America,2025-02-13
12358,Bailey-Lawrence,Technology,Mid-Market,Taiwan,LATAM,2022-07-16
12359,Ford PLC,Retail,Mid-Market,Sri Lanka,LATAM,2022-10-06
12360,Mueller-Choi,Finance,Enterprise,Morocco,LATAM,2025-01-14
12361,Nicholson-Rojas,Technology,SMB,Georgia,APAC,2025-07-07
12362,Marshall-Nelson,Finance,Enterprise,Germany,APAC,2025-01-04
12363,"Reilly, Payne and Hill",Manufacturing,Mid-Market,Iraq,APAC,2022-11-20
12364,Johnson LLC,Technology,Enterprise,Algeria,North America,2025-04-13
12365,"Pruitt, Smith and Hess",Retail,Enterprise,Jersey,Europe,2026-05-23
12366,Tyler-Chapman,Retail,Mid-Market,Cameroon,APAC,2025-01-20
12367,Nunez Ltd,Healthcare,SMB,Pakistan,APAC,2025-04-22
12368,"Meadows, Bryant and Robinson",Healthcare,Mid-Market,Hong Kong,Europe,2025-03-21
12369,"Flores, Cox and Williams",Retail,SMB,Philippines,Europe,2022-08-15
12370,Khan PLC,Retail,Mid-Market,Armenia,LATAM,2024-11-23
12371,"Acosta, Moreno and Wang",Healthcare,Mid-Market,Monaco,Europe,2022-06-28
12372,Vaughn PLC,Manufacturing,Enterprise,Antigua and Barbuda,Europe,2025-06-06
12373,"Meyer, Odonnell and Vargas",Manufacturing,SMB,Reunion,North America,2025-03-14
12374,Ross-Andrade,Technology,SMB,Argentina,LATAM,2023-07-05
12375,"Padilla, Tran and Sampson",Finance,SMB,Netherlands Antilles,North America,2023-04-17
12376,Gonzalez Group,Healthcare,SMB,Central African Republic,Europe,2023-05-21
12377,Johnson Ltd,Healthcare,SMB,Congo,Europe,2025-07-04
12378,Shaw-Martin,Technology,Mid-Market,Saint Vincent and the Grenadines,Europe,2024-05-23
12379,Shannon Ltd,Retail,SMB,Luxembourg,North America,2024-03-24
12380,Owen-Johnson,Technology,Mid-Market,Sierra Leone,LATAM,2026-04-11
12381,Baker-Wagner,Manufacturing,SMB,Marshall Islands,Europe,2024-12-16
12382,"Smith, Williams and Hernandez",Retail,SMB,Guinea-Bissau,Europe,2023-05-07
12383,"Scott, Garcia and Knight",Healthcare,Enterprise,Solomon Islands,North America,2024-02-17
12384,May-Francis,Manufacturing,Mid-Market,Kuwait,North America,2025-06-16
12385,Webb Group,Technology,Enterprise,Congo,North America,2024-04-10
12386,"Johnson, Williams and Jones",Manufacturing,Enterprise,United States Virgin Islands,LATAM,2023-08-15
12387,Walker Inc,Healthcare,Enterprise,Nauru,LATAM,2024-08-27
12388,Knight Inc,Manufacturing,Mid-Market,Puerto Rico,LATAM,2025-11-16
12389,Hanson Ltd,Healthcare,Enterprise,Panama,Europe,2023-03-17
12390,Campbell-Brown,Manufacturing,Enterprise,Philippines,APAC,2025-12-09
12391,Pruitt PLC,Healthcare,Enterprise,Western Sahara,APAC,2022-08-30
12392,"Wilson, Gonzalez and Hamilton",Finance,SMB,Ireland,APAC,2022-07-06
12393,Pitts PLC,Manufacturing,Mid-Market,Togo,LATAM,2024-12-19
12394,"Hamilton, White and Grant",Technology,Enterprise,Zambia,LATAM,2025-03-03
12395,"Cross, Johnson and Sandoval",Healthcare,Mid-Market,Korea,Europe,2024-08-18
12396,Nelson-White,Finance,SMB,Iraq,LATAM,2024-04-21
12397,Wright-Hartman,Healthcare,Mid-Market,Guinea-Bissau,Europe,2025-12-22
12398,Gross and Sons,Technology,Mid-Market,Afghanistan,Europe,2025-04-11
12399,Benton and Sons,Manufacturing,SMB,Thailand,LATAM,2026-04-30
12400,Moore-Adams,Finance,SMB,Madagascar,Europe,2025-09-20
12401,Gomez Ltd,Retail,Mid-Market,Morocco,Europe,2024-05-28
12402,Cherry and Sons,Finance,SMB,Tokelau,APAC,2024-02-28
12403,Atkinson LLC,Finance,Enterprise,Sweden,Europe,2023-03-20
12404,Robinson-Miller,Healthcare,Mid-Market,Serbia,APAC,2024-02-14
12405,"Dennis, Kelley and Martin",Retail,Mid-Market,Algeria,LATAM,2023-01-07
12406,Miller Inc,Technology,SMB,Norway,North America,2026-05-23
12407,Barber Ltd,Manufacturing,Mid-Market,Venezuela,APAC,2024-04-14
12408,Snow LLC,Finance,Enterprise,Vanuatu,North America,2023-06-16
12409,"Davis, Simmons and Zhang",Manufacturing,Mid-Market,Lesotho,Europe,2023-04-09
12410,Williams LLC,Manufacturing,SMB,Central African Republic,Europe,2022-06-13
12411,"Mcguire, Fitzgerald and Vasquez",Manufacturing,Enterprise,Ghana,North America,2025-08-04
12412,Frederick-Holmes,Technology,Enterprise,Isle of Man,North America,2024-11-12
12413,"Curtis, Chapman and Hess",Technology,Mid-Market,Russian Federation,North America,2026-03-26
12414,Trujillo-Cervantes,Technology,SMB,Iran,North America,2025-07-19
12415,Haas-Nelson,Technology,Mid-Market,Korea,APAC,2023-08-31
12416,Espinoza LLC,Finance,Mid-Market,Turks and Caicos Islands,LATAM,2023-03-12
12417,Gonzales Inc,Technology,SMB,Micronesia,North America,2025-05-24
12418,"Wade, Odom and Gibson",Manufacturing,Mid-Market,Mongolia,Europe,2026-03-26
12419,Foster and Sons,Healthcare,SMB,Swaziland,LATAM,2022-08-15
12420,Williams LLC,Manufacturing,Mid-Market,Saint Barthelemy,North America,2025-03-26
12421,"Moore, Robinson and Smith",Technology,SMB,Saint Vincent and the Grenadines,North America,2022-10-12
12422,Burton PLC,Technology,SMB,Somalia,APAC,2023-12-11
12423,"Hobbs, Mejia and Scott",Finance,Mid-Market,Malta,Europe,2025-11-25
12424,Collier PLC,Retail,Mid-Market,Antarctica (the territory South of 60 deg S),Europe,2022-09-11
12425,"Orozco, Brock and Buckley",Finance,Enterprise,South Africa,Europe,2024-01-09
12426,Green-Wilson,Finance,Mid-Market,Saint Vincent and the Grenadines,North America,2023-07-15
12427,"Hughes, Andrews and Andrews",Technology,Mid-Market,Mexico,North America,2024-04-26
12428,"Murphy, Peterson and Smith",Manufacturing,Enterprise,Korea,APAC,2023-08-20
12429,Berger-Clarke,Retail,Enterprise,Finland,LATAM,2025-05-15
12430,"Smith, Bryant and Carroll",Technology,SMB,Antarctica (the territory South of 60 deg S),North America,2025-02-02
12431,Jordan and Sons,Manufacturing,Enterprise,French Guiana,APAC,2023-11-08
12432,Willis LLC,Retail,SMB,Korea,LATAM,2022-09-05
12433,"Mcdowell, Gonzalez and Conner",Healthcare,Mid-Market,United States of America,APAC,2025-05-09
12434,"Edwards, Moore and Peters",Healthcare,Mid-Market,Chad,North America,2023-06-08
12435,Baker-Mitchell,Technology,Mid-Market,Saint Lucia,APAC,2022-11-17
12436,"Mathis, Dickson and Lee",Healthcare,SMB,Somalia,North America,2023-10-31
12437,"Jackson, Wolfe and Mitchell",Manufacturing,SMB,El Salvador,LATAM,2023-12-15
12438,Thompson Ltd,Finance,Enterprise,Tokelau,North America,2024-01-04
12439,Collins-Carpenter,Retail,Mid-Market,Monaco,North America,2022-11-24
12440,Sanders-Morrow,Retail,Mid-Market,Bahamas,North America,2024-10-05
12441,Sosa-Robertson,Technology,Enterprise,India,APAC,2025-02-15
12442,Adams Group,Manufacturing,SMB,Morocco,APAC,2025-12-31
12443,Taylor-Stark,Technology,SMB,Italy,APAC,2025-11-25
12444,Alexander LLC,Technology,Enterprise,Greece,North America,2023-08-28
12445,Garcia LLC,Finance,SMB,Timor-Leste,Europe,2024-02-13
12446,Holden Ltd,Manufacturing,Enterprise,Australia,North America,2022-12-01
12447,Johnson and Sons,Retail,SMB,South Africa,LATAM,2023-08-03
12448,Robinson Group,Retail,SMB,Senegal,North America,2023-12-28
12449,Meyer Inc,Healthcare,Mid-Market,Haiti,LATAM,2024-01-10
12450,Lopez Ltd,Finance,Mid-Market,Algeria,Europe,2022-12-05
12451,Howe Group,Finance,SMB,Albania,North America,2022-08-23
12452,"Davis, Jones and White",Technology,Enterprise,Jordan,Europe,2023-10-17
12453,Chang-Graham,Retail,Enterprise,Slovakia (Slovak Republic),LATAM,2025-09-27
12454,Simon-Manning,Healthcare,Enterprise,San Marino,APAC,2025-10-31
12455,Hughes and Sons,Technology,Enterprise,Congo,LATAM,2023-12-30
12456,"Moore, Jones and Guzman",Finance,Enterprise,Heard Island and McDonald Islands,Europe,2023-08-14
12457,"Chambers, Hubbard and Brown",Manufacturing,SMB,Morocco,LATAM,2022-10-03
12458,Mueller LLC,Healthcare,SMB,Gibraltar,North America,2025-04-06
12459,"Williams, Reese and Blankenship",Healthcare,Mid-Market,Kyrgyz Republic,Europe,2023-05-08
12460,Mills PLC,Finance,Mid-Market,Dominica,LATAM,2023-12-02
12461,Burke-Benson,Retail,Mid-Market,South Georgia and the South Sandwich Islands,North America,2023-10-14
12462,Murphy LLC,Retail,Mid-Market,Brazil,LATAM,2024-09-28
12463,Turner and Sons,Healthcare,Mid-Market,Korea,North America,2026-03-01
12464,Lewis and Sons,Manufacturing,Enterprise,Taiwan,APAC,2024-02-06
12465,Garner LLC,Technology,SMB,Azerbaijan,North America,2022-10-19
12466,"Brooks, Carr and Hernandez",Technology,SMB,Samoa,APAC,2025-12-24
12467,"Henderson, Hill and Jackson",Retail,SMB,Palau,LATAM,2023-06-12
12468,Robinson Inc,Finance,Mid-Market,Venezuela,APAC,2025-09-30
12469,"Ramos, Cobb and Murray",Technology,SMB,Congo,Europe,2024-11-03
12470,Webb Inc,Retail,SMB,Kiribati,Europe,2022-10-28
12471,Brady-Lynch,Healthcare,SMB,Guyana,North America,2026-03-15
12472,"Hayes, Shaw and Lowe",Technology,SMB,Denmark,LATAM,2023-09-23
12473,"Evans, Hale and Hammond",Manufacturing,SMB,Bouvet Island (Bouvetoya),Europe,2025-04-08
12474,"Day, Tapia and Mcguire",Healthcare,SMB,Saint Martin,APAC,2023-11-13
12475,"Rowe, Combs and Taylor",Technology,Enterprise,Rwanda,North America,2026-05-09
12476,"Hart, Gonzalez and Edwards",Finance,Enterprise,Sudan,APAC,2024-04-04
12477,Phillips-Russell,Manufacturing,SMB,Tunisia,Europe,2023-12-14
12478,Garcia Ltd,Retail,SMB,Chile,APAC,2022-11-22
12479,Mckenzie PLC,Finance,Mid-Market,Czech Republic,APAC,2023-07-18
12480,Porter-Mccormick,Manufacturing,SMB,French Guiana,LATAM,2023-06-10
12481,Jones LLC,Manufacturing,Enterprise,United Kingdom,APAC,2024-02-05
12482,"Bell, Taylor and Wong",Technology,SMB,French Guiana,LATAM,2023-03-23
12483,Knight Inc,Manufacturing,SMB,Latvia,North America,2022-06-09
12484,Torres-Pennington,Healthcare,Mid-Market,French Polynesia,LATAM,2024-02-21
12485,Daugherty-Brown,Retail,SMB,Singapore,APAC,2022-06-19
12486,Hale Inc,Technology,Mid-Market,Saint Vincent and the Grenadines,Europe,2023-09-20
12487,Reilly-Jones,Finance,Enterprise,Kenya,APAC,2024-07-31
12488,Perez Ltd,Technology,Mid-Market,Trinidad and Tobago,Europe,2025-12-17
12489,Mcdaniel Ltd,Technology,Enterprise,Burundi,Europe,2024-12-12
12490,"Wilkerson, Perez and Davis",Technology,Mid-Market,Oman,LATAM,2023-06-10
12491,"Payne, Hunt and Underwood",Finance,Enterprise,Vietnam,Europe,2025-10-26
12492,"Brewer, Hernandez and Garcia",Healthcare,Enterprise,Finland,LATAM,2023-09-29
12493,Goodman PLC,Healthcare,Mid-Market,Algeria,Europe,2022-07-25
12494,Fuller and Sons,Finance,Enterprise,Congo,LATAM,2023-12-13
12495,"Morales, Smith and Bradley",Technology,Mid-Market,Trinidad and Tobago,North America,2024-09-18
12496,"Brown, Davis and Fletcher",Healthcare,Enterprise,Peru,LATAM,2023-02-22
12497,Newton Group,Manufacturing,Enterprise,Cayman Islands,APAC,2023-04-26
12498,Roberts-Hodges,Finance,Enterprise,Maldives,North America,2025-12-19
12499,Lamb-Scott,Finance,Mid-Market,Iraq,North America,2025-08-04
12500,Collins-Kramer,Manufacturing,Enterprise,Luxembourg,North America,2025-10-17
12501,"Russell, Johnson and Watkins",Technology,Mid-Market,Vanuatu,LATAM,2025-08-09
12502,Durham Group,Healthcare,Enterprise,Ethiopia,LATAM,2025-08-13
12503,"Nichols, Harris and Mckee",Healthcare,Mid-Market,Iran,Europe,2025-03-13
12504,"Harris, Robinson and Torres",Finance,Mid-Market,Trinidad and Tobago,LATAM,2026-05-13
12505,Ryan Group,Manufacturing,Enterprise,Singapore,LATAM,2024-01-03
12506,"White, Davis and Harrison",Finance,SMB,Guinea,Europe,2024-04-21
12507,Wilson-Hamilton,Finance,Mid-Market,Faroe Islands,Europe,2024-06-15
12508,Cohen-Hill,Manufacturing,Mid-Market,El Salvador,North America,2024-04-04
12509,Mcdonald LLC,Manufacturing,Enterprise,Western Sahara,APAC,2026-05-04
12510,Torres Group,Technology,Mid-Market,Finland,Europe,2024-04-12
12511,Willis and Sons,Manufacturing,Enterprise,Syrian Arab Republic,Europe,2022-12-18
12512,Nguyen-Gomez,Finance,SMB,Bermuda,LATAM,2025-12-05
12513,Neal LLC,Retail,SMB,Djibouti,LATAM,2024-09-13
12514,Kelley Group,Manufacturing,Enterprise,Burundi,APAC,2022-08-02
12515,"Cortez, Johnson and Sampson",Manufacturing,Enterprise,United States Virgin Islands,Europe,2024-03-15
12516,Smith Ltd,Finance,Enterprise,French Polynesia,Europe,2026-03-23
12517,Morales Group,Technology,Mid-Market,Mauritania,APAC,2024-04-24
12518,"Brooks, Martinez and Schaefer",Healthcare,SMB,Jamaica,North America,2023-02-06
12519,Hill-Weeks,Retail,Mid-Market,Uzbekistan,Europe,2023-10-13
12520,"Brown, Garcia and Anderson",Manufacturing,Mid-Market,Costa Rica,North America,2022-09-15
12521,Beltran-Payne,Manufacturing,Enterprise,Estonia,North America,2024-08-16
12522,Lopez PLC,Technology,Mid-Market,Libyan Arab Jamahiriya,APAC,2025-12-08
12523,Rodriguez Inc,Manufacturing,Mid-Market,Saint Lucia,LATAM,2023-02-02
12524,Yoder-Turner,Finance,Enterprise,Turkey,North America,2023-09-28
12525,"Vang, Rivera and Smith",Technology,Enterprise,Austria,North America,2025-11-01
12526,Guerra and Sons,Technology,Enterprise,Kiribati,Europe,2023-04-25
12527,Henderson and Sons,Finance,Mid-Market,Monaco,North America,2024-12-25
12528,Carter LLC,Manufacturing,Mid-Market,Pitcairn Islands,Europe,2022-12-16
12529,Rios-Salazar,Retail,Enterprise,British Virgin Islands,Europe,2022-08-31
12530,"Chapman, Hall and Key",Manufacturing,Mid-Market,Canada,APAC,2024-01-20
12531,"Chambers, Cohen and Boyd",Finance,Mid-Market,Vanuatu,Europe,2023-05-25
12532,Greene-Davis,Healthcare,Mid-Market,Spain,Europe,2025-10-10
12533,Gray-Jordan,Manufacturing,SMB,Marshall Islands,APAC,2025-06-02
12534,"Singleton, Andrews and Johns",Finance,SMB,Paraguay,LATAM,2022-12-20
12535,"Wade, Peterson and Gordon",Manufacturing,SMB,Western Sahara,LATAM,2023-12-30
12536,"Bird, Logan and Adams",Healthcare,SMB,Egypt,Europe,2024-08-06
12537,"Mcgee, Sanders and Garcia",Retail,SMB,Saint Kitts and Nevis,North America,2024-07-08
12538,Carter-Savage,Finance,SMB,Kiribati,LATAM,2024-02-07
12539,"Collins, Baldwin and Stanley",Retail,SMB,Cook Islands,North America,2022-08-26
12540,Mccormick Ltd,Finance,SMB,Norfolk Island,Europe,2024-04-26
12541,Harrell PLC,Technology,Enterprise,Cyprus,LATAM,2024-07-30
12542,"Andrews, Lee and Douglas",Finance,Enterprise,Romania,North America,2025-11-27
12543,Weaver-Callahan,Technology,Enterprise,Nigeria,LATAM,2024-05-21
12544,"Campbell, Williams and Chang",Healthcare,Mid-Market,Qatar,LATAM,2024-06-21
12545,"Ward, Logan and Brown",Retail,Enterprise,Svalbard & Jan Mayen Islands,APAC,2024-11-11
12546,Robertson-Thomas,Healthcare,Mid-Market,British Indian Ocean Territory (Chagos Archipelago),North America,2026-05-06
12547,"Shelton, Soto and Adkins",Retail,Mid-Market,Hong Kong,APAC,2025-11-24
12548,"Flores, Garcia and Moss",Technology,Mid-Market,Marshall Islands,APAC,2025-06-18
12549,"Smith, Johnson and Woods",Healthcare,SMB,United States of America,Europe,2024-07-19
12550,Jones-Martinez,Retail,Enterprise,Uganda,North America,2025-02-23
12551,"Miller, Andrews and Ramsey",Finance,Enterprise,Estonia,North America,2025-10-07
12552,Johnson PLC,Retail,Enterprise,Malawi,Europe,2023-01-25
12553,"Benjamin, Gibson and Mason",Manufacturing,Mid-Market,British Indian Ocean Territory (Chagos Archipelago),LATAM,2023-02-08
12554,Morgan Ltd,Finance,Enterprise,Brazil,Europe,2025-10-01
12555,Townsend-Ferguson,Healthcare,Mid-Market,Papua New Guinea,North America,2026-02-06
12556,Silva LLC,Technology,SMB,Tonga,APAC,2024-05-18
12557,Chen Inc,Technology,SMB,Guinea-Bissau,North America,2025-04-12
12558,Perez Inc,Manufacturing,Enterprise,Russian Federation,APAC,2024-12-12
12559,Johnston Group,Healthcare,Mid-Market,Barbados,Europe,2026-03-07
12560,Hawkins and Sons,Retail,Enterprise,Comoros,Europe,2026-01-17
12561,"Berry, Cummings and Johnson",Manufacturing,Mid-Market,Croatia,Europe,2026-01-29
12562,Conrad Inc,Retail,SMB,Guam,North America,2024-05-04
12563,Hendricks-Davis,Healthcare,SMB,Iraq,APAC,2025-02-09
12564,Manning Group,Finance,Enterprise,Montenegro,LATAM,2024-05-25
12565,Miller-Baker,Healthcare,Mid-Market,Angola,APAC,2023-03-08
12566,Simon LLC,Retail,Enterprise,Ukraine,Europe,2025-01-10
12567,Stout PLC,Healthcare,Enterprise,Ethiopia,North America,2024-05-30
12568,"Christian, Carr and Bowman",Technology,Mid-Market,French Southern Territories,Europe,2025-05-22
12569,"Smith, Huber and Farrell",Retail,Mid-Market,Guadeloupe,APAC,2023-07-16
12570,Wade and Sons,Healthcare,SMB,Antarctica (the territory South of 60 deg S),APAC,2026-05-02
12571,Cunningham PLC,Finance,Enterprise,Vietnam,North America,2023-02-13
12572,"Henson, Holmes and Hill",Technology,SMB,Wallis and Futuna,APAC,2024-03-05
12573,Mitchell-Wilcox,Manufacturing,Mid-Market,Greenland,LATAM,2024-05-10
12574,Alvarez-Williams,Finance,Enterprise,Bouvet Island (Bouvetoya),APAC,2022-07-07
12575,"Baker, Stewart and Perez",Technology,Enterprise,Libyan Arab Jamahiriya,APAC,2025-03-12
12576,Parker PLC,Manufacturing,Mid-Market,Estonia,Europe,2024-02-06
12577,"Shaw, Robles and Morgan",Healthcare,Enterprise,Kyrgyz Republic,Europe,2025-11-21
12578,Gardner-Pena,Healthcare,Enterprise,New Zealand,North America,2024-12-29
12579,Collins Group,Finance,Mid-Market,Chad,APAC,2025-03-13
12580,"Powell, Porter and Wood",Healthcare,Mid-Market,Romania,North America,2026-01-11
12581,"Velazquez, Parrish and Walker",Technology,Mid-Market,Montserrat,LATAM,2023-10-21
12582,Hill-Bowman,Retail,Mid-Market,Qatar,LATAM,2022-12-06
12583,Hood Inc,Finance,SMB,American Samoa,North America,2024-11-30
12584,Young-Miller,Manufacturing,Mid-Market,United Kingdom,LATAM,2023-09-30
12585,"Smith, Carter and Watkins",Technology,SMB,Korea,Europe,2023-03-17
12586,"Martinez, Drake and Burns",Healthcare,SMB,Cook Islands,APAC,2022-11-03
12587,"Ross, Mueller and Woods",Healthcare,SMB,Nauru,LATAM,2025-11-27
12588,Wood and Sons,Finance,SMB,Qatar,LATAM,2022-12-15
12589,"Johnson, James and Clark",Manufacturing,SMB,Turkey,LATAM,2025-07-30
12590,Mays-Huerta,Manufacturing,SMB,Honduras,LATAM,2025-10-10
12591,"Jimenez, Martin and Cooley",Finance,SMB,Belize,North America,2025-05-23
12592,Brown-Watson,Technology,Enterprise,Anguilla,Europe,2023-06-09
12593,"Buchanan, Miller and Haley",Manufacturing,SMB,Djibouti,APAC,2022-10-11
12594,Colon-Wilson,Healthcare,SMB,Greenland,North America,2023-12-16
12595,"Riley, Mercer and Foster",Manufacturing,Mid-Market,Bangladesh,North America,2023-02-19
12596,Coleman Group,Healthcare,Mid-Market,Bolivia,North America,2025-01-21
12597,Guerrero PLC,Retail,Enterprise,Lesotho,LATAM,2024-11-16
12598,Brooks-Stephens,Technology,Mid-Market,Honduras,North America,2023-04-08
12599,Fuller-Thomas,Retail,Enterprise,Eritrea,Europe,2025-08-09
12600,Watkins Inc,Retail,Mid-Market,Syrian Arab Republic,LATAM,2026-01-26
12601,"Noble, Green and Porter",Healthcare,SMB,Gibraltar,APAC,2023-02-16
12602,"Hill, Lane and Davis",Healthcare,SMB,Turkey,Europe,2024-07-08
12603,White-Jones,Manufacturing,Enterprise,Guinea-Bissau,Europe,2023-12-10
12604,Jones LLC,Manufacturing,Mid-Market,Isle of Man,Europe,2023-09-13
12605,Hammond Inc,Retail,Mid-Market,Rwanda,North America,2023-09-22
12606,Fowler-Reyes,Healthcare,SMB,Thailand,North America,2024-02-04
12607,Wagner Group,Retail,Mid-Market,Iceland,LATAM,2023-12-29
12608,Smith-Russo,Technology,Enterprise,Oman,LATAM,2026-04-03
12609,Cross-Phillips,Finance,Mid-Market,Kuwait,Europe,2025-04-27
12610,Reed and Sons,Healthcare,SMB,Saint Martin,APAC,2026-05-09
12611,Lucero-Lee,Finance,SMB,Kuwait,Europe,2023-02-24
12612,Cooper and Sons,Technology,Mid-Market,Japan,APAC,2024-03-10
12613,Copeland PLC,Retail,Enterprise,Kuwait,APAC,2023-12-01
12614,"Vaughn, Williams and Patterson",Retail,SMB,Mozambique,LATAM,2023-02-20
12615,"Montgomery, Mathis and Lamb",Manufacturing,SMB,Slovakia (Slovak Republic),North America,2023-08-07
12616,"Sweeney, Vasquez and Sheppard",Technology,Enterprise,Singapore,Europe,2025-02-01
12617,Foster Ltd,Retail,Mid-Market,Antigua and Barbuda,LATAM,2022-09-23
12618,"Reid, Moore and Giles",Technology,Mid-Market,Brazil,Europe,2025-02-28
12619,Long-King,Finance,SMB,French Southern Territories,North America,2023-08-23
12620,"Rogers, Torres and Lozano",Healthcare,Mid-Market,Papua New Guinea,North America,2024-04-15
12621,"Allen, Gibbs and Alvarez",Finance,Enterprise,Lithuania,APAC,2023-08-01
12622,Krause-Johnson,Retail,SMB,Costa Rica,North America,2024-07-13
12623,"Alvarez, Marquez and Atkins",Technology,Mid-Market,New Caledonia,North America,2023-02-26
12624,"Lambert, Espinoza and Townsend",Healthcare,Enterprise,Japan,Europe,2024-01-27
12625,Sosa and Sons,Retail,Mid-Market,Faroe Islands,Europe,2023-02-08
12626,Parrish-Kelly,Finance,Mid-Market,Reunion,LATAM,2024-02-04
12627,"Wheeler, Wiggins and Dalton",Retail,Enterprise,Greece,LATAM,2025-07-16
12628,Gomez-Marshall,Technology,Mid-Market,Lesotho,LATAM,2022-12-24
12629,"Woodard, Hughes and Mcpherson",Healthcare,Enterprise,Somalia,LATAM,2022-08-08
12630,Murray LLC,Healthcare,Enterprise,Congo,LATAM,2023-06-05
12631,Torres Group,Healthcare,Enterprise,Malaysia,APAC,2023-09-04
12632,Scott Ltd,Retail,SMB,Somalia,LATAM,2023-12-03
12633,Hunter-Sandoval,Healthcare,Enterprise,British Virgin Islands,Europe,2024-08-23
12634,"Briggs, Wall and Barton",Healthcare,Mid-Market,Luxembourg,Europe,2025-03-18
12635,Cook-Medina,Retail,Enterprise,Switzerland,North America,2023-11-03
12636,Goodwin-Johnson,Retail,Mid-Market,Ghana,North America,2024-02-27
12637,"Smith, Howell and Romero",Retail,Enterprise,Angola,APAC,2024-03-01
12638,Davidson Inc,Manufacturing,SMB,Congo,APAC,2025-09-18
12639,"Grimes, Johnson and Boyd",Technology,SMB,Finland,LATAM,2025-10-31
12640,"Robbins, Smith and Lozano",Finance,Mid-Market,Eritrea,Europe,2024-09-19
12641,Ramirez Inc,Technology,Enterprise,Vietnam,APAC,2025-01-11
12642,"Baker, Kramer and Thompson",Finance,SMB,Guernsey,Europe,2024-10-03
12643,Christian-Franco,Finance,Mid-Market,Bangladesh,APAC,2025-04-28
12644,Tapia Group,Technology,Mid-Market,Svalbard & Jan Mayen Islands,LATAM,2025-05-07
12645,Rodriguez-Vargas,Finance,Mid-Market,Malaysia,APAC,2023-07-23
12646,"Berry, Delgado and Woods",Finance,Enterprise,Georgia,LATAM,2022-09-28
12647,Harris-Reed,Finance,Enterprise,Guadeloupe,Europe,2024-06-27
12648,Thomas LLC,Technology,Mid-Market,Korea,Europe,2025-07-24
12649,"Edwards, Coleman and Morgan",Healthcare,SMB,Vietnam,APAC,2024-04-13
12650,"Harris, Simpson and Morgan",Technology,SMB,Bosnia and Herzegovina,North America,2025-01-25
12651,"Owens, Smith and Johnson",Manufacturing,Enterprise,Guam,LATAM,2024-07-30
12652,Pratt-May,Retail,Enterprise,Mali,LATAM,2024-06-19
12653,Miller-Gates,Technology,Enterprise,Trinidad and Tobago,North America,2023-02-11
12654,"Oliver, Brown and Watson",Finance,SMB,South Georgia and the South Sandwich Islands,North America,2025-08-16
12655,"Lopez, Parks and Bell",Technology,Enterprise,Luxembourg,Europe,2023-01-01
12656,Quinn Ltd,Technology,SMB,Portugal,LATAM,2026-03-17
12657,Griffin-Walter,Manufacturing,Enterprise,United Arab Emirates,Europe,2023-09-05
12658,Bell-Jones,Technology,Enterprise,Montenegro,LATAM,2023-04-04
12659,Smith-Jones,Healthcare,Mid-Market,Tanzania,Europe,2025-09-03
12660,Barnett and Sons,Healthcare,SMB,Morocco,APAC,2023-03-16
12661,Jones PLC,Finance,Enterprise,Cameroon,North America,2023-09-05
12662,"Roberts, Fleming and Phillips",Healthcare,Enterprise,Turkmenistan,APAC,2023-03-24
12663,Lamb Ltd,Retail,Mid-Market,Kenya,APAC,2024-06-05
12664,Perez LLC,Technology,Mid-Market,Iceland,APAC,2026-04-29
12665,Perkins-Myers,Finance,SMB,Liberia,APAC,2023-01-26
12666,Clark-York,Finance,Mid-Market,Saint Lucia,LATAM,2024-02-15
12667,Schroeder Ltd,Finance,SMB,Nepal,APAC,2023-11-15
12668,"Meyer, Long and Beasley",Healthcare,Mid-Market,Serbia,LATAM,2022-09-03
12669,Lane and Sons,Retail,SMB,Syrian Arab Republic,Europe,2023-04-01
12670,Flores-Rowland,Manufacturing,Enterprise,British Indian Ocean Territory (Chagos Archipelago),LATAM,2024-11-05
12671,Chavez LLC,Manufacturing,Enterprise,Angola,North America,2023-07-01
12672,Brown Ltd,Manufacturing,Enterprise,Chad,APAC,2025-12-16
12673,Baker PLC,Technology,Mid-Market,French Guiana,Europe,2025-05-30
12674,Smith-Myers,Healthcare,SMB,Peru,APAC,2024-02-10
12675,Cain PLC,Healthcare,SMB,Cote d'Ivoire,LATAM,2025-01-21
12676,"Shaw, Reynolds and Price",Healthcare,SMB,Taiwan,Europe,2024-04-06
12677,"Johnson, Espinoza and Ayala",Manufacturing,SMB,Guam,North America,2024-06-18
12678,"Owens, Morris and Mathews",Retail,Enterprise,Malaysia,LATAM,2023-07-30
12679,"Ortega, Greene and Wright",Healthcare,Enterprise,Gambia,Europe,2023-12-27
12680,Burke Ltd,Manufacturing,SMB,Ethiopia,Europe,2024-02-19
12681,Montoya Ltd,Retail,Enterprise,Estonia,North America,2024-09-02
12682,"Davis, Howard and Powers",Healthcare,SMB,Bhutan,APAC,2023-05-03
12683,Evans Ltd,Retail,Enterprise,Russian Federation,North America,2025-09-09
12684,"Mosley, Gonzales and King",Technology,SMB,Marshall Islands,APAC,2023-09-05
12685,Jones Inc,Healthcare,Mid-Market,Malawi,Europe,2023-08-07
12686,Coleman-Chase,Healthcare,Mid-Market,Marshall Islands,Europe,2025-05-22
12687,"Reed, Carter and Flores",Healthcare,SMB,Bahrain,LATAM,2024-06-29
12688,Johnson Inc,Healthcare,Mid-Market,Reunion,LATAM,2024-11-09
12689,Flores-Roth,Technology,Enterprise,Cuba,North America,2025-08-08
12690,Berry-Wise,Healthcare,Mid-Market,South Georgia and the South Sandwich Islands,Europe,2022-12-13
12691,Wall LLC,Retail,Mid-Market,Zambia,LATAM,2023-01-11
12692,Carlson Group,Manufacturing,Enterprise,British Indian Ocean Territory (Chagos Archipelago),LATAM,2026-05-26
12693,Gomez-Wright,Finance,Mid-Market,Saint Helena,LATAM,2024-10-31
12694,Smith Ltd,Retail,Mid-Market,Guernsey,APAC,2024-03-06
12695,"House, Beck and Green",Technology,Enterprise,El Salvador,LATAM,2023-06-01
12696,Olson-Walker,Finance,Mid-Market,Dominica,APAC,2024-06-23
12697,Gregory Inc,Manufacturing,SMB,Togo,APAC,2023-04-18
12698,"Harris, Maldonado and Dunn",Technology,Mid-Market,Lithuania,Europe,2025-01-18
12699,Thompson-Jones,Finance,SMB,Somalia,LATAM,2025-08-21
12700,Collins Ltd,Finance,Mid-Market,Latvia,North America,2023-01-07
12701,Gilbert LLC,Healthcare,SMB,Ukraine,APAC,2026-02-25
12702,Khan-Jones,Healthcare,Mid-Market,Ukraine,LATAM,2026-02-17
12703,"Cohen, Thompson and Paul",Manufacturing,Mid-Market,New Zealand,LATAM,2025-04-13
12704,Lawson Group,Technology,Mid-Market,Brazil,Europe,2023-03-31
12705,"Jordan, Miller and Price",Manufacturing,Enterprise,Equatorial Guinea,Europe,2024-09-17
12706,Wall-Barrett,Retail,SMB,Zimbabwe,LATAM,2023-11-02
12707,Riley-Crawford,Technology,SMB,Comoros,APAC,2025-02-04
12708,Chan-Moore,Retail,Mid-Market,Papua New Guinea,North America,2025-01-26
12709,Poole-Monroe,Retail,SMB,French Polynesia,APAC,2025-05-02
12710,Payne PLC,Technology,Enterprise,Haiti,APAC,2025-01-18
12711,Patterson LLC,Technology,Enterprise,Malaysia,APAC,2026-05-03
12712,"Jackson, Moses and Duarte",Healthcare,Mid-Market,Puerto Rico,APAC,2023-03-16
12713,Gillespie Inc,Technology,SMB,Tokelau,North America,2024-11-14
12714,Dougherty PLC,Healthcare,Enterprise,Brazil,Europe,2024-12-23
12715,"Davis, Pena and Salinas",Healthcare,Enterprise,Thailand,LATAM,2022-10-29
12716,"Cook, Lee and Rowe",Healthcare,Enterprise,Iran,Europe,2024-11-18
12717,Clayton-Taylor,Technology,SMB,Armenia,Europe,2024-04-22
12718,King-Jones,Healthcare,SMB,Algeria,LATAM,2024-07-10
12719,"Mccullough, Griffith and Goodwin",Finance,Mid-Market,Angola,Europe,2025-03-21
12720,Romero and Sons,Healthcare,Enterprise,Denmark,North America,2024-10-07
12721,Espinoza PLC,Retail,Enterprise,Ethiopia,LATAM,2023-11-23
12722,Edwards Inc,Finance,SMB,Qatar,Europe,2024-11-08
12723,Ward-Fleming,Retail,Enterprise,Pakistan,LATAM,2022-11-04
12724,Myers PLC,Retail,SMB,Ukraine,North America,2026-01-20
12725,"Clark, Price and Mcgee",Technology,Mid-Market,Micronesia,North America,2023-04-04
12726,"Wilkinson, Baker and Howell",Finance,SMB,Singapore,APAC,2024-05-26
12727,"Martin, Garcia and Cohen",Technology,Mid-Market,Guernsey,North America,2025-03-09
12728,Taylor and Sons,Technology,Mid-Market,Trinidad and Tobago,APAC,2023-01-07
12729,Martinez Group,Manufacturing,SMB,Colombia,APAC,2025-02-05
12730,Lyons Group,Healthcare,Enterprise,Lesotho,APAC,2023-06-15
12731,"Johnson, Sloan and Myers",Finance,Enterprise,Switzerland,APAC,2023-12-03
12732,"Miller, Reed and Miles",Healthcare,Enterprise,Gibraltar,North America,2024-05-29
12733,Morgan-Johnson,Retail,SMB,Sudan,Europe,2022-12-19
12734,Robertson and Sons,Finance,Enterprise,Congo,North America,2025-04-20
12735,"Clark, Horne and Abbott",Healthcare,Mid-Market,San Marino,LATAM,2025-11-12
12736,"Crawford, Owens and Simon",Technology,Mid-Market,Cyprus,Europe,2025-03-18
12737,"Tapia, Brown and Bowen",Manufacturing,SMB,American Samoa,APAC,2023-07-02
12738,"Wade, Cherry and Trevino",Retail,Enterprise,Tunisia,LATAM,2023-07-13
12739,"Jones, Blair and Estrada",Healthcare,Enterprise,Zimbabwe,Europe,2022-10-21
12740,Whitehead PLC,Technology,SMB,India,Europe,2024-05-23
12741,Mcintosh-Swanson,Finance,Mid-Market,Norfolk Island,APAC,2024-02-15
12742,Holden-Delgado,Retail,SMB,Cayman Islands,North America,2025-12-15
12743,Young-Sellers,Retail,Mid-Market,Cote d'Ivoire,LATAM,2022-07-18
12744,"Alexander, Walker and Shannon",Healthcare,Mid-Market,Mexico,North America,2026-06-03
12745,Nguyen Ltd,Retail,SMB,New Caledonia,LATAM,2023-01-10
12746,"Patterson, Rose and Grant",Retail,Mid-Market,Cote d'Ivoire,North America,2025-02-17
12747,"Smith, Contreras and Grimes",Manufacturing,Enterprise,Cameroon,North America,2024-11-03
12748,"Davis, Hopkins and Christian",Manufacturing,SMB,Palestinian Territory,LATAM,2024-01-29
12749,White LLC,Technology,Mid-Market,Andorra,Europe,2023-05-17
12750,"Gonzalez, Mitchell and Harris",Manufacturing,Mid-Market,United Arab Emirates,North America,2026-05-10
12751,Reynolds-Cain,Finance,Mid-Market,Anguilla,North America,2025-09-01
12752,Fisher Group,Manufacturing,Enterprise,Hong Kong,Europe,2025-04-21
12753,"Bauer, Adkins and Baker",Retail,Enterprise,Gibraltar,North America,2023-02-14
12754,Reed Group,Retail,Enterprise,Kuwait,APAC,2022-11-03
12755,"Duke, Wade and Jenkins",Manufacturing,Mid-Market,Lesotho,APAC,2025-12-01
12756,Martin-Collins,Retail,Enterprise,Moldova,North America,2025-04-22
12757,Abbott PLC,Retail,Mid-Market,Paraguay,LATAM,2025-07-23
12758,"Mitchell, Scott and Nixon",Healthcare,Enterprise,United Kingdom,APAC,2025-03-14
12759,Dudley Inc,Manufacturing,Mid-Market,New Caledonia,Europe,2023-10-09
12760,"Ward, Ward and Lang",Retail,SMB,Switzerland,North America,2024-11-06
12761,"Johns, Eaton and Parker",Technology,Enterprise,Burundi,Europe,2024-10-09
12762,"Perez, Watts and Fitzgerald",Manufacturing,Enterprise,Micronesia,LATAM,2024-03-08
12763,"Henderson, Thompson and Acosta",Manufacturing,Enterprise,Papua New Guinea,LATAM,2024-02-23
12764,Bell Group,Retail,Mid-Market,Timor-Leste,LATAM,2023-08-09
12765,Martin and Sons,Retail,SMB,Mauritius,LATAM,2025-04-08
12766,"Meyer, Burns and Tran",Healthcare,SMB,Ecuador,Europe,2026-01-22
12767,Evans-Price,Technology,Enterprise,Turkmenistan,North America,2023-09-14
12768,"Graves, Clarke and Orozco",Technology,Mid-Market,Zimbabwe,North America,2024-10-27
12769,"Ramirez, Blake and Martinez",Technology,Mid-Market,Nepal,Europe,2023-02-07
12770,Miller-Jordan,Technology,Enterprise,Syrian Arab Republic,Europe,2024-07-26
12771,Beard-Contreras,Finance,Mid-Market,Panama,APAC,2023-12-10
12772,"Cole, Barry and Nelson",Manufacturing,Mid-Market,Guinea,APAC,2024-06-09
12773,Palmer and Sons,Finance,SMB,British Indian Ocean Territory (Chagos Archipelago),APAC,2023-05-18
12774,"Garrett, Aguirre and Cruz",Manufacturing,Enterprise,Sri Lanka,North America,2025-03-25
12775,"Bryant, Boyer and Howell",Technology,Enterprise,Swaziland,APAC,2025-09-02
12776,"Cook, Miller and White",Manufacturing,SMB,Dominica,LATAM,2024-07-24
12777,Smith Inc,Manufacturing,Enterprise,Senegal,Europe,2024-11-06
12778,Medina and Sons,Retail,SMB,Canada,Europe,2022-12-17
12779,Jackson Inc,Retail,Enterprise,Guernsey,LATAM,2024-07-20
12780,"Hansen, Little and Greene",Manufacturing,SMB,Turks and Caicos Islands,LATAM,2024-05-16
12781,Harris and Sons,Retail,Mid-Market,Cameroon,APAC,2026-05-07
12782,Reyes Group,Technology,Mid-Market,Ghana,APAC,2025-11-07
12783,"Miller, Perry and Holmes",Finance,SMB,Palau,APAC,2024-10-21
12784,Ramirez LLC,Healthcare,Mid-Market,Vietnam,APAC,2026-01-12
12785,"Strong, Thompson and Wall",Retail,SMB,Mauritania,APAC,2023-08-02
12786,"Avila, Morgan and Lucas",Technology,Mid-Market,Hong Kong,Europe,2024-12-27
12787,Moore and Sons,Manufacturing,SMB,Guadeloupe,Europe,2023-01-26
12788,Lee-Reid,Healthcare,Enterprise,Tanzania,APAC,2026-02-18
12789,Jones-Watson,Technology,SMB,Bahrain,APAC,2023-03-22
12790,Jordan Inc,Retail,Enterprise,Philippines,APAC,2024-06-04
12791,Williams-Atkinson,Retail,Enterprise,Dominican Republic,LATAM,2023-03-17
12792,"Smith, Wilson and Reid",Healthcare,SMB,Peru,Europe,2026-03-06
12793,"Keith, Tran and Mckenzie",Manufacturing,SMB,India,APAC,2026-05-23
12794,"Lester, Stone and Gates",Technology,Mid-Market,India,North America,2024-05-23
12795,Rodgers Ltd,Manufacturing,Enterprise,Netherlands,North America,2025-08-28
12796,"Miller, Lawrence and Maynard",Finance,Mid-Market,Slovenia,North America,2026-05-10
12797,Byrd and Sons,Technology,Enterprise,Bermuda,North America,2026-04-24
12798,"Gonzalez, Sherman and Harper",Finance,Mid-Market,Netherlands,North America,2026-02-15
12799,Johnson-Anderson,Healthcare,SMB,Dominica,APAC,2023-01-08
12800,Stewart-Rodriguez,Healthcare,Enterprise,French Guiana,LATAM,2024-04-20
12801,Lawrence Ltd,Technology,Mid-Market,Guadeloupe,LATAM,2025-08-12
12802,Martin-Cabrera,Manufacturing,Enterprise,Martinique,North America,2023-05-21
12803,Malone-Nelson,Finance,SMB,Norway,APAC,2024-06-29
12804,Lyons-Reynolds,Healthcare,Enterprise,Georgia,APAC,2024-12-21
12805,"Harrington, Morris and Shah",Manufacturing,Enterprise,Australia,LATAM,2026-02-14
12806,"Walsh, Webb and Willis",Manufacturing,Mid-Market,Tanzania,Europe,2022-12-29
12807,"Robinson, Anderson and Pittman",Finance,Mid-Market,Latvia,LATAM,2025-10-09
12808,Hurley-Martin,Finance,Enterprise,China,APAC,2026-04-17
12809,Wolfe-Hicks,Healthcare,Mid-Market,United Arab Emirates,North America,2024-10-01
12810,Johnson-Escobar,Retail,Enterprise,Saint Lucia,APAC,2023-02-12
12811,"Bass, Morgan and Potter",Retail,Enterprise,Cayman Islands,LATAM,2024-03-02
12812,Wolf LLC,Healthcare,Enterprise,French Guiana,Europe,2024-04-07
12813,Horn-Clayton,Healthcare,Enterprise,Thailand,LATAM,2023-01-15
12814,"Richardson, Williams and Berg",Manufacturing,SMB,Zambia,APAC,2022-08-03
12815,Perkins-Kline,Technology,SMB,Papua New Guinea,Europe,2025-09-28
12816,House PLC,Technology,Enterprise,French Polynesia,North America,2024-07-11
12817,"Henry, Mack and Gonzalez",Finance,Mid-Market,Bermuda,Europe,2024-09-15
12818,Gonzalez Inc,Technology,SMB,Austria,North America,2025-03-13
12819,Glover-Oconnell,Technology,SMB,Palestinian Territory,LATAM,2023-03-22
12820,Michael Inc,Healthcare,SMB,Tonga,APAC,2023-06-10
12821,Pierce LLC,Healthcare,Enterprise,Mauritius,LATAM,2024-06-05
12822,"Young, Vincent and Spencer",Finance,Enterprise,Jersey,North America,2024-06-26
12823,Faulkner-Brewer,Technology,SMB,Turkmenistan,APAC,2024-01-29
12824,Gray and Sons,Technology,Enterprise,Bermuda,APAC,2024-09-19
12825,Stokes LLC,Finance,Enterprise,Turks and Caicos Islands,APAC,2026-05-02
12826,"Nguyen, Mueller and Morris",Manufacturing,SMB,France,North America,2026-04-05
12827,Stephens-Chen,Technology,Mid-Market,Malawi,Europe,2023-12-19
12828,Moody-Thomas,Retail,SMB,Grenada,APAC,2025-10-25
12829,Gonzalez and Sons,Healthcare,SMB,Tuvalu,APAC,2025-06-27
12830,Kelly Group,Healthcare,Enterprise,Uzbekistan,APAC,2024-11-21
12831,"Evans, Logan and Allen",Technology,Enterprise,Mauritius,LATAM,2026-05-13
12832,Whitehead-Taylor,Manufacturing,Mid-Market,United Kingdom,Europe,2023-12-21
12833,Frost and Sons,Manufacturing,Enterprise,French Polynesia,Europe,2022-09-22
12834,Bond Group,Finance,Mid-Market,Comoros,North America,2025-06-05
12835,Rodriguez-Oneill,Manufacturing,Mid-Market,Guatemala,Europe,2024-08-02
12836,"Hartman, Maldonado and Dunn",Technology,SMB,Kuwait,North America,2025-12-05
12837,Mathews Inc,Technology,Mid-Market,United States Minor Outlying Islands,APAC,2026-04-21
12838,"Young, Ramirez and Gibson",Healthcare,Mid-Market,Algeria,APAC,2023-10-16
12839,"Robinson, Franco and Thompson",Manufacturing,Mid-Market,Mongolia,APAC,2025-05-14
12840,Mills-Willis,Finance,Mid-Market,Nepal,Europe,2023-12-13
12841,Evans-Brown,Finance,Enterprise,San Marino,North America,2023-12-16
12842,"Meza, Mendoza and Collins",Healthcare,SMB,Bermuda,LATAM,2023-04-02
12843,Mendoza PLC,Finance,Enterprise,Malta,Europe,2024-07-23
12844,Moody PLC,Retail,Mid-Market,Philippines,Europe,2022-10-21
12845,"Bush, Moore and Lucas",Manufacturing,SMB,Zimbabwe,North America,2022-09-12
12846,Rodriguez Inc,Technology,SMB,Niue,APAC,2023-12-05
12847,Yoder-Brown,Healthcare,Enterprise,Russian Federation,APAC,2025-12-18
12848,"Smith, Bailey and Frazier",Finance,SMB,Netherlands,LATAM,2022-09-11
12849,Duncan and Sons,Technology,SMB,French Guiana,APAC,2023-09-07
12850,Guerra-Dickerson,Technology,Enterprise,Kyrgyz Republic,APAC,2026-03-26
12851,"Holden, Austin and Thomas",Finance,SMB,Taiwan,APAC,2022-10-10
12852,Faulkner and Sons,Technology,SMB,Guinea,North America,2023-07-03
12853,Lyons-Lozano,Healthcare,Mid-Market,Brazil,North America,2025-12-31
12854,"Powell, Ray and Osborn",Technology,Enterprise,Cayman Islands,APAC,2025-06-16
12855,Moore Inc,Healthcare,Mid-Market,Italy,Europe,2022-11-19
12856,Duarte Ltd,Technology,Mid-Market,Afghanistan,Europe,2024-02-24
12857,King-Hayes,Technology,Enterprise,Argentina,North America,2025-10-20
12858,Barnes-Johnson,Manufacturing,Enterprise,Solomon Islands,LATAM,2025-11-26
12859,Walker-Boyd,Healthcare,SMB,Benin,North America,2024-03-02
12860,Williams Group,Finance,SMB,Kenya,LATAM,2022-10-25
12861,"Vaughn, Marks and Collins",Retail,SMB,Italy,APAC,2023-06-03
12862,Mahoney Group,Technology,Mid-Market,Montserrat,LATAM,2023-11-24
12863,Scott-Bonilla,Finance,SMB,Jamaica,Europe,2025-12-15
12864,Robinson-Pierce,Retail,Mid-Market,Gibraltar,APAC,2022-06-27
12865,"Cummings, Wood and Potter",Healthcare,SMB,Tonga,LATAM,2023-09-18
12866,Hernandez Group,Healthcare,Mid-Market,Angola,APAC,2024-01-13
12867,Richards Inc,Technology,Mid-Market,Finland,Europe,2023-05-15
12868,Ritter LLC,Technology,Mid-Market,United Kingdom,LATAM,2022-08-20
12869,"Allen, Shaffer and Stafford",Healthcare,SMB,Seychelles,LATAM,2026-05-10
12870,"Franco, Nelson and Brown",Healthcare,Enterprise,Korea,APAC,2023-11-19
12871,Singh-Gillespie,Technology,SMB,Armenia,Europe,2022-10-28
12872,Kirby Group,Technology,Enterprise,Jersey,North America,2026-05-09
12873,Arroyo-Craig,Technology,Mid-Market,Bouvet Island (Bouvetoya),Europe,2023-09-04
12874,Good-Hayes,Technology,Enterprise,Central African Republic,North America,2023-06-12
12875,"Vasquez, Nicholson and Andersen",Manufacturing,Enterprise,Mayotte,APAC,2023-09-21
12876,"Wells, Harris and Russell",Manufacturing,SMB,Svalbard & Jan Mayen Islands,North America,2023-11-17
12877,Lewis and Sons,Manufacturing,Enterprise,Djibouti,APAC,2022-07-16
12878,Elliott Group,Manufacturing,Enterprise,Bosnia and Herzegovina,Europe,2026-02-21
12879,"Contreras, Castro and Bryan",Finance,SMB,Cuba,LATAM,2023-09-15
12880,Ingram-Melton,Manufacturing,Enterprise,Croatia,North America,2026-04-18
12881,Leon Ltd,Manufacturing,Enterprise,Ukraine,LATAM,2022-06-18
12882,"Bernard, Simon and Nichols",Healthcare,Enterprise,Syrian Arab Republic,Europe,2024-12-25
12883,Sullivan-Alvarez,Retail,SMB,Myanmar,LATAM,2022-11-03
12884,"Morgan, Davis and Armstrong",Retail,SMB,Central African Republic,LATAM,2023-08-08
12885,Hill-Shah,Technology,Mid-Market,Solomon Islands,Europe,2023-11-10
12886,Carlson-Ellis,Manufacturing,Mid-Market,Kazakhstan,LATAM,2025-08-13
12887,Williams Ltd,Technology,Enterprise,Saint Helena,Europe,2024-03-05
12888,Ward PLC,Healthcare,SMB,Israel,LATAM,2024-03-13
12889,Wilson-Walter,Finance,Enterprise,Saint Helena,North America,2023-11-25
12890,Miller-Perez,Manufacturing,SMB,Christmas Island,Europe,2025-08-21
12891,Murray-Moore,Finance,SMB,Congo,Europe,2023-06-30
12892,Holmes-Jones,Finance,SMB,Antarctica (the territory South of 60 deg S),Europe,2026-02-22
12893,"Collins, Walker and Estrada",Healthcare,SMB,Burundi,Europe,2023-01-08
12894,Adams-Jackson,Healthcare,SMB,Rwanda,North America,2022-10-05
12895,Webb-Marquez,Retail,SMB,Tunisia,APAC,2025-01-23
12896,Davis and Sons,Retail,SMB,Belarus,LATAM,2026-05-13
12897,Barron LLC,Manufacturing,Enterprise,Armenia,APAC,2022-06-17
12898,Bray-Lynch,Manufacturing,SMB,Mauritius,APAC,2023-02-26
12899,Gardner and Sons,Technology,SMB,Uganda,LATAM,2023-12-16
12900,"Hays, Flowers and Nelson",Technology,SMB,Moldova,Europe,2024-10-06
12901,"Wood, Mayer and Ramos",Manufacturing,Mid-Market,Holy See (Vatican City State),LATAM,2023-06-23
12902,Smith and Sons,Finance,Enterprise,Korea,LATAM,2022-12-21
12903,Bullock Inc,Retail,Enterprise,Haiti,North America,2024-10-05
12904,Obrien Ltd,Retail,Enterprise,Saudi Arabia,LATAM,2025-12-30
12905,Long-Elliott,Manufacturing,SMB,Timor-Leste,APAC,2024-03-13
12906,Knox-Johns,Healthcare,Enterprise,Afghanistan,North America,2024-11-30
12907,"Rodgers, Chang and Guerrero",Manufacturing,Enterprise,Costa Rica,North America,2023-04-01
12908,Smith-Perry,Retail,SMB,Belarus,Europe,2025-07-18
12909,Golden Ltd,Manufacturing,SMB,Nauru,LATAM,2022-06-23
12910,Moore Group,Retail,Enterprise,Costa Rica,North America,2023-03-16
12911,Miller-Ayala,Technology,Enterprise,Lebanon,LATAM,2024-08-19
12912,Ellison-Peterson,Technology,SMB,Zimbabwe,Europe,2023-10-02
12913,Orr Ltd,Healthcare,Enterprise,Hungary,Europe,2026-01-07
12914,"Barron, Fitzgerald and Rodriguez",Finance,Mid-Market,Cameroon,Europe,2022-07-23
12915,Morales-Owen,Finance,SMB,Chad,North America,2024-02-04
12916,Dodson Inc,Finance,Enterprise,Jordan,Europe,2023-10-24
12917,Spears-Howard,Manufacturing,SMB,Uruguay,Europe,2024-08-18
12918,Carpenter-Ortiz,Manufacturing,SMB,Congo,LATAM,2022-11-05
12919,"Brooks, Guzman and Carey",Manufacturing,Mid-Market,Faroe Islands,LATAM,2025-11-17
12920,"Riggs, Espinoza and White",Healthcare,Enterprise,Barbados,Europe,2025-09-22
12921,Figueroa Ltd,Manufacturing,Enterprise,Kuwait,LATAM,2022-08-01
12922,Johnson Group,Manufacturing,Enterprise,Georgia,APAC,2024-12-04
12923,Alvarez and Sons,Manufacturing,Enterprise,Luxembourg,APAC,2025-12-31
12924,Mitchell Inc,Manufacturing,Mid-Market,Namibia,North America,2024-01-20
12925,"Campbell, Leon and Ortega",Retail,Mid-Market,Faroe Islands,Europe,2025-04-22
12926,Brown-Burns,Technology,Enterprise,Comoros,APAC,2026-03-09
12927,Chen-Kelly,Healthcare,SMB,Saint Lucia,APAC,2025-09-05
12928,Miller-Stark,Healthcare,Mid-Market,Norway,APAC,2025-06-18
12929,Turner PLC,Finance,Enterprise,Romania,APAC,2025-03-12
12930,"Lopez, Bullock and Collier",Healthcare,Mid-Market,Venezuela,LATAM,2022-08-06
12931,Miller-Weaver,Technology,SMB,French Guiana,LATAM,2023-07-22
12932,"Ward, Foster and Morris",Technology,Enterprise,Saint Lucia,LATAM,2026-05-06
12933,"West, Lee and Taylor",Retail,Enterprise,Netherlands Antilles,APAC,2024-03-21
12934,"Ferguson, Clark and Trujillo",Manufacturing,SMB,Colombia,APAC,2025-09-25
12935,"Davis, Torres and Garcia",Retail,Mid-Market,Tokelau,APAC,2024-02-02
12936,"Brewer, Craig and Briggs",Manufacturing,SMB,Saint Lucia,North America,2024-12-09
12937,Gutierrez-Huber,Technology,Mid-Market,Botswana,APAC,2025-01-27
12938,Harrison-Powell,Manufacturing,Mid-Market,Panama,APAC,2024-02-26
12939,Holt Group,Finance,Mid-Market,Ethiopia,Europe,2024-09-19
12940,"Miller, Brooks and Lopez",Manufacturing,Enterprise,Turkey,APAC,2024-12-04
12941,Bryant Inc,Healthcare,SMB,Cameroon,APAC,2023-09-02
12942,Murphy and Sons,Retail,Mid-Market,Mauritania,APAC,2026-01-25
12943,Hernandez and Sons,Manufacturing,SMB,Benin,Europe,2024-02-10
12944,Watkins Group,Healthcare,Enterprise,Finland,North America,2024-03-01
12945,"Munoz, Reid and Wilkins",Finance,SMB,Lebanon,Europe,2024-05-17
12946,Davis-Fuller,Finance,SMB,Morocco,North America,2023-09-25
12947,"Cole, Lyons and Wade",Manufacturing,Enterprise,Iraq,North America,2023-02-16
12948,Scott-Bennett,Retail,SMB,Saint Vincent and the Grenadines,Europe,2025-07-31
12949,Johnson PLC,Technology,SMB,Palestinian Territory,North America,2023-02-18
12950,"Stewart, Stevens and Adams",Manufacturing,SMB,Grenada,LATAM,2023-08-06
12951,Jackson Group,Retail,Mid-Market,Sao Tome and Principe,North America,2023-12-16
12952,"Kelley, Walker and Bennett",Retail,Enterprise,Mozambique,North America,2023-05-27
12953,Curtis LLC,Healthcare,SMB,Saint Lucia,APAC,2024-06-16
12954,Lee Inc,Retail,SMB,Bangladesh,North America,2023-01-30
12955,"Merritt, Marsh and Gutierrez",Finance,Mid-Market,Comoros,APAC,2025-06-17
12956,"Norton, Werner and Weiss",Manufacturing,SMB,Greenland,Europe,2025-06-21
12957,Hall-Robinson,Retail,Mid-Market,Honduras,Europe,2022-09-07
12958,Adams-Christian,Manufacturing,Enterprise,Saint Lucia,Europe,2025-04-16
12959,Krause PLC,Finance,Enterprise,Algeria,North America,2026-04-01
12960,Martinez Group,Technology,Enterprise,Cote d'Ivoire,North America,2023-02-06
12961,Vaughn-Anderson,Retail,SMB,Iraq,LATAM,2025-08-03
12962,Molina Group,Manufacturing,SMB,Comoros,APAC,2022-11-26
12963,"Davis, Weaver and Edwards",Technology,Enterprise,Turks and Caicos Islands,APAC,2024-04-07
12964,"Jackson, Mccarthy and Phillips",Healthcare,SMB,Guernsey,Europe,2025-03-02
12965,Spears-Bennett,Finance,Mid-Market,Denmark,North America,2023-08-24
12966,Johnson Inc,Finance,SMB,Holy See (Vatican City State),APAC,2023-12-29
12967,Parker-Vasquez,Technology,SMB,Bangladesh,APAC,2022-11-26
12968,Walsh Ltd,Technology,Mid-Market,Western Sahara,APAC,2022-10-07
12969,Clark-Wolf,Retail,Mid-Market,Guadeloupe,Europe,2025-07-23
12970,Perkins-Ramos,Healthcare,SMB,Chad,LATAM,2024-03-27
12971,Buchanan Ltd,Technology,SMB,San Marino,North America,2022-12-05
12972,Jensen-Scott,Technology,Mid-Market,British Indian Ocean Territory (Chagos Archipelago),APAC,2023-08-29
12973,Thompson-Stewart,Retail,Enterprise,Croatia,Europe,2026-03-21
12974,Smith-Carroll,Finance,SMB,Spain,North America,2022-06-20
12975,Martinez-Smith,Manufacturing,Mid-Market,Macao,Europe,2026-06-04
12976,Wallace Inc,Finance,Mid-Market,Guatemala,LATAM,2022-08-18
12977,"Simpson, Reynolds and Parks",Manufacturing,Enterprise,Vanuatu,APAC,2026-03-19
12978,"Davis, Anthony and Robbins",Manufacturing,Mid-Market,Saint Barthelemy,North America,2024-09-17
12979,Bell LLC,Retail,SMB,Bhutan,APAC,2024-05-17
12980,"Robles, Green and Alexander",Finance,SMB,Turkey,Europe,2023-01-01
12981,"Marsh, Ali and Jones",Retail,Enterprise,Haiti,North America,2026-06-03
12982,Young-Robinson,Retail,Enterprise,Madagascar,LATAM,2023-07-01
12983,Riggs Group,Finance,SMB,Lebanon,North America,2026-01-13
12984,Cooper and Sons,Manufacturing,Enterprise,Grenada,LATAM,2026-04-21
12985,"Munoz, Ford and Williams",Retail,Enterprise,Aruba,APAC,2023-12-19
12986,Perkins-Fuller,Manufacturing,Enterprise,Saint Vincent and the Grenadines,Europe,2023-10-22
12987,"Shelton, Cohen and Williams",Technology,Enterprise,Guatemala,LATAM,2025-03-30
12988,Hatfield Group,Retail,Enterprise,United Kingdom,North America,2024-03-16
12989,"Peterson, Lambert and Wallace",Finance,Mid-Market,Somalia,Europe,2025-12-02
12990,Maldonado Ltd,Retail,SMB,Uganda,Europe,2024-08-28
12991,Riddle Inc,Finance,SMB,Luxembourg,LATAM,2024-10-05
12992,Ramos Group,Manufacturing,Mid-Market,Serbia,LATAM,2022-10-17
12993,Nelson Inc,Healthcare,Enterprise,Sri Lanka,LATAM,2025-05-26
12994,Smith Group,Manufacturing,Mid-Market,Cote d'Ivoire,North America,2024-11-25
12995,"Mann, Taylor and Johnson",Healthcare,SMB,Serbia,Europe,2024-02-22
12996,"Collins, Leonard and Smith",Finance,Enterprise,Monaco,Europe,2026-03-10
12997,"Edwards, Page and Wells",Manufacturing,Mid-Market,Mozambique,North America,2025-01-12
12998,Mclean-Bailey,Technology,Mid-Market,French Polynesia,Europe,2022-11-10
12999,Allen-Diaz,Healthcare,Enterprise,Peru,APAC,2023-08-02
13000,Harmon Inc,Retail,Mid-Market,Bangladesh,Europe,2025-01-06
13001,"Rose, Herrera and Hall",Finance,Enterprise,Korea,North America,2022-07-21
13002,"Soto, Larsen and Castillo",Healthcare,Enterprise,Marshall Islands,Europe,2022-12-28
13003,"Becker, Garrison and Davis",Technology,SMB,Albania,Europe,2025-08-18
13004,Miranda-Turner,Healthcare,SMB,Slovakia (Slovak Republic),Europe,2024-01-26
13005,Hunt PLC,Manufacturing,Enterprise,French Guiana,North America,2024-10-31
13006,Cruz and Sons,Healthcare,Enterprise,Norfolk Island,APAC,2024-06-30
13007,Taylor Inc,Retail,Enterprise,San Marino,LATAM,2025-04-14
13008,Thomas-Davis,Finance,Enterprise,Ethiopia,LATAM,2023-11-09
13009,Lewis Group,Manufacturing,Enterprise,Jordan,LATAM,2023-07-27
13010,"Chavez, Li and Kline",Finance,Enterprise,Central African Republic,Europe,2024-11-04
13011,Anderson-Myers,Technology,Mid-Market,Qatar,North America,2024-11-04
13012,Bailey Inc,Technology,SMB,Saint Vincent and the Grenadines,Europe,2025-08-15
13013,Bruce-Martin,Technology,Enterprise,Pitcairn Islands,APAC,2026-03-07
13014,Oliver Ltd,Technology,SMB,Guadeloupe,APAC,2024-03-29
13015,Miller Inc,Finance,Mid-Market,Saint Martin,APAC,2026-02-15
13016,"Cole, Boyd and Lopez",Healthcare,SMB,Germany,North America,2026-02-09
13017,Williams Inc,Finance,Enterprise,Chad,North America,2025-07-07
13018,Allen PLC,Finance,SMB,Netherlands,Europe,2023-02-06
13019,"Matthews, Odonnell and Malone",Manufacturing,Enterprise,Syrian Arab Republic,North America,2024-11-04
13020,"Sanchez, Johnson and Adams",Manufacturing,SMB,Armenia,Europe,2025-08-04
13021,Simmons-Navarro,Finance,Enterprise,Pitcairn Islands,APAC,2024-10-27
13022,"May, Garza and Taylor",Manufacturing,Mid-Market,Cook Islands,APAC,2024-04-06
13023,Jackson-Coleman,Manufacturing,Enterprise,Martinique,Europe,2023-11-01
13024,Marshall-Holland,Healthcare,SMB,Guam,Europe,2026-03-01
13025,Morris Inc,Technology,Mid-Market,Jersey,Europe,2023-11-26
13026,Anderson-Hernandez,Retail,SMB,Albania,North America,2022-07-23
13027,Johnston Group,Finance,Enterprise,Guinea-Bissau,LATAM,2023-07-14
13028,Washington Ltd,Retail,Enterprise,Cape Verde,Europe,2023-11-17
13029,Villanueva and Sons,Retail,SMB,Cocos (Keeling) Islands,North America,2024-03-13
13030,"Schmidt, Daniels and Johnson",Technology,Enterprise,Monaco,LATAM,2025-08-05
13031,"Lewis, Osborne and Garcia",Manufacturing,Mid-Market,Antigua and Barbuda,LATAM,2022-12-02
13032,Sanders LLC,Finance,Enterprise,Saint Pierre and Miquelon,APAC,2022-11-15
13033,"Mendez, Sanders and Davis",Finance,Mid-Market,Cuba,APAC,2023-01-24
13034,Bond Ltd,Manufacturing,Enterprise,Antarctica (the territory South of 60 deg S),North America,2022-11-06
13035,"Tyler, Martinez and Kim",Healthcare,SMB,Austria,LATAM,2024-04-23
13036,Martinez-Garcia,Healthcare,Mid-Market,Cambodia,North America,2023-03-27
13037,"Norris, Marshall and Ruiz",Retail,SMB,Suriname,LATAM,2025-12-22
13038,"Lewis, Stevens and Ray",Finance,Enterprise,New Zealand,Europe,2026-01-24
13039,Allen-Martin,Healthcare,Mid-Market,Aruba,APAC,2023-04-13
13040,"Johnson, King and Turner",Technology,Enterprise,Greenland,Europe,2024-11-02
13041,Richardson-Wood,Finance,Enterprise,Poland,Europe,2023-03-23
13042,Reed-Moreno,Manufacturing,Mid-Market,Gambia,APAC,2022-12-12
13043,Sloan-Harris,Finance,SMB,Svalbard & Jan Mayen Islands,North America,2023-01-06
13044,"Johnston, Alexander and Porter",Retail,Mid-Market,Montserrat,Europe,2026-04-26
13045,Nunez-Mathis,Finance,Mid-Market,French Polynesia,Europe,2022-12-03
13046,Cummings-Garcia,Healthcare,Mid-Market,Djibouti,North America,2025-10-08
13047,Harper Group,Retail,Mid-Market,Philippines,LATAM,2024-07-18
13048,Williams PLC,Healthcare,SMB,Kenya,North America,2024-09-17
13049,Weeks-Elliott,Manufacturing,Enterprise,Saint Kitts and Nevis,Europe,2024-07-01
13050,"Torres, Phillips and Morgan",Manufacturing,SMB,Vanuatu,LATAM,2022-09-16
13051,Rivera PLC,Healthcare,Enterprise,Germany,Europe,2024-12-21
13052,Knapp-Figueroa,Healthcare,SMB,Mali,North America,2025-02-05
13053,Raymond PLC,Finance,Enterprise,Kiribati,Europe,2023-10-15
13054,Wilson-Lopez,Healthcare,Enterprise,Kenya,North America,2026-02-15
13055,"Lee, Fleming and Hall",Healthcare,Enterprise,Guinea,Europe,2024-08-03
13056,Sullivan-Cooley,Retail,Mid-Market,Nauru,APAC,2024-11-12
13057,Ramos PLC,Finance,SMB,Turkey,North America,2024-10-11
13058,Gordon-Smith,Manufacturing,SMB,Antarctica (the territory South of 60 deg S),North America,2024-08-17
13059,Harding-Morris,Retail,Enterprise,China,North America,2023-02-04
13060,"Roberts, Richards and Alexander",Finance,SMB,Barbados,North America,2023-04-13
13061,Brown-Morales,Finance,SMB,Guinea,North America,2023-01-02
13062,Hawkins PLC,Retail,SMB,Rwanda,North America,2023-03-14
13063,"Davis, Edwards and Rogers",Retail,SMB,Central African Republic,APAC,2022-06-28
13064,"Doyle, Hammond and Bailey",Healthcare,Enterprise,Papua New Guinea,APAC,2024-09-10
13065,"Jordan, Petersen and Martinez",Finance,Mid-Market,Gambia,LATAM,2025-10-22
13066,Ibarra-King,Technology,Mid-Market,Slovenia,LATAM,2024-02-25
13067,Jones-Ward,Manufacturing,Mid-Market,Azerbaijan,APAC,2023-10-03
13068,Mooney PLC,Manufacturing,Enterprise,San Marino,APAC,2024-07-16
13069,Hart-Reese,Retail,SMB,Croatia,North America,2023-08-05
13070,"Jackson, Briggs and Gray",Manufacturing,Mid-Market,Gabon,Europe,2024-03-13
13071,"Lucas, Hall and Ramirez",Manufacturing,Mid-Market,Korea,Europe,2023-03-07
13072,Holloway Group,Manufacturing,Enterprise,Norfolk Island,North America,2024-01-01
13073,"Bryant, Fletcher and Rodriguez",Retail,Mid-Market,China,North America,2024-02-22
13074,Sampson-Willis,Technology,Mid-Market,Djibouti,North America,2023-02-16
13075,Hudson-Gray,Manufacturing,SMB,Liechtenstein,North America,2025-06-04
13076,Williams-Newman,Retail,Mid-Market,Peru,North America,2023-03-12
13077,Garner-Nguyen,Technology,Mid-Market,Palau,LATAM,2023-07-05
13078,"Robinson, Peters and Tate",Healthcare,SMB,Micronesia,APAC,2026-04-12
13079,"Morales, Garcia and Hicks",Healthcare,Enterprise,Ireland,LATAM,2022-10-02
13080,Bishop Group,Manufacturing,Mid-Market,Cyprus,Europe,2025-05-19
13081,"Kelley, Garcia and Sanchez",Manufacturing,Enterprise,India,Europe,2026-03-22
13082,"Taylor, Shaffer and Goodman",Manufacturing,Mid-Market,Saint Pierre and Miquelon,North America,2024-02-10
13083,Zimmerman Group,Finance,SMB,United States of America,Europe,2025-12-24
13084,Lloyd-Castillo,Technology,Enterprise,Turkmenistan,APAC,2026-02-08
13085,Wolfe-Johnson,Technology,Enterprise,Madagascar,LATAM,2023-04-01
13086,"Brooks, Howard and Smith",Retail,Enterprise,Nigeria,Europe,2026-01-03
13087,"Campbell, Townsend and Watson",Healthcare,Enterprise,Montserrat,North America,2025-04-14
13088,Stein-Jones,Finance,Enterprise,New Caledonia,LATAM,2023-05-26
13089,Johnson and Sons,Technology,Mid-Market,Swaziland,Europe,2023-07-25
13090,Snow-Johnson,Retail,Mid-Market,Indonesia,APAC,2025-01-04
13091,Ramsey LLC,Technology,Enterprise,Uruguay,LATAM,2023-07-19
13092,"Williams, Brown and Mccarthy",Healthcare,SMB,Kenya,North America,2022-10-16
13093,Mcguire-Perkins,Manufacturing,Enterprise,Saint Vincent and the Grenadines,APAC,2023-06-03
13094,Padilla PLC,Healthcare,Mid-Market,Italy,APAC,2022-08-25
13095,"Hanna, Melton and Rodriguez",Finance,Mid-Market,British Virgin Islands,North America,2023-11-16
13096,"Lucas, Castro and Garrett",Finance,Mid-Market,Peru,APAC,2025-10-07
13097,Boone-Johnson,Manufacturing,SMB,Tokelau,North America,2025-03-11
13098,"Dixon, Crawford and Martin",Manufacturing,Enterprise,Papua New Guinea,APAC,2024-03-27
13099,"Arias, Morton and Gonzales",Manufacturing,SMB,Mozambique,LATAM,2023-03-24
13100,Haney Inc,Technology,SMB,Estonia,LATAM,2022-12-16
13101,"Ramirez, Bell and Gonzalez",Manufacturing,Mid-Market,China,North America,2025-03-07
13102,"Johnson, Romero and Green",Technology,SMB,Norway,APAC,2025-07-23
13103,"Taylor, Webb and Sims",Healthcare,Enterprise,Haiti,APAC,2023-08-24
13104,"Price, Salas and Shaw",Healthcare,Mid-Market,Russian Federation,Europe,2025-10-22
13105,"Estrada, Salas and Riley",Healthcare,SMB,Dominica,North America,2025-08-14
13106,Gilbert Ltd,Manufacturing,Enterprise,British Virgin Islands,North America,2026-03-30
13107,Chambers-Cisneros,Manufacturing,Mid-Market,Northern Mariana Islands,North America,2024-08-17
13108,Davis Inc,Healthcare,Enterprise,Comoros,APAC,2025-07-31
13109,Brooks-Smith,Manufacturing,SMB,Afghanistan,APAC,2023-02-06
13110,Knight-Perry,Healthcare,SMB,French Polynesia,APAC,2024-11-07
13111,"Garcia, Reed and Vazquez",Technology,SMB,Mongolia,North America,2024-02-26
13112,Wall Ltd,Retail,Enterprise,Jamaica,APAC,2025-12-31
13113,"Davis, Baker and Stone",Finance,Mid-Market,Lao People's Democratic Republic,APAC,2022-12-01
13114,"Foster, Drake and Richardson",Manufacturing,Mid-Market,Australia,Europe,2024-12-31
13115,"Rasmussen, Lyons and Clark",Healthcare,Enterprise,Myanmar,LATAM,2026-03-18
13116,"Jefferson, Adams and Mendoza",Manufacturing,Enterprise,Nicaragua,LATAM,2024-03-05
13117,Johnson Ltd,Retail,Enterprise,Northern Mariana Islands,APAC,2022-12-05
13118,Kennedy and Sons,Retail,SMB,British Virgin Islands,Europe,2025-10-03
13119,Weber Group,Finance,SMB,Falkland Islands (Malvinas),LATAM,2023-04-16
13120,Sanchez LLC,Finance,SMB,Malaysia,APAC,2023-06-07
13121,"Johnson, Johnson and Miller",Technology,Mid-Market,Morocco,Europe,2025-12-25
13122,"Dennis, Flowers and Turner",Healthcare,Enterprise,Micronesia,LATAM,2025-01-30
13123,Patterson LLC,Finance,SMB,Switzerland,LATAM,2023-08-24
13124,Davis-Ellis,Finance,SMB,Aruba,APAC,2025-04-03
13125,"Lewis, Morse and Cross",Finance,Enterprise,Gabon,LATAM,2025-05-01
13126,Parsons PLC,Manufacturing,Mid-Market,Yemen,North America,2022-09-27
13127,Walker-Johnson,Finance,Mid-Market,Barbados,APAC,2024-03-19
13128,"Flowers, Bernard and Taylor",Manufacturing,SMB,Guam,North America,2022-07-01
13129,"Zimmerman, Thompson and Mcconnell",Healthcare,Enterprise,Indonesia,APAC,2023-09-17
13130,Kelly LLC,Technology,SMB,Jamaica,LATAM,2024-06-24
13131,"Smith, Mason and Sims",Technology,Mid-Market,Saudi Arabia,APAC,2025-09-12
13132,Thomas and Sons,Retail,SMB,Guam,North America,2025-07-07
13133,"Young, Mitchell and Alexander",Retail,SMB,Syrian Arab Republic,Europe,2025-04-22
13134,"Case, Thompson and King",Manufacturing,Enterprise,Palestinian Territory,APAC,2025-12-06
13135,Hughes-Cox,Finance,Enterprise,Lithuania,Europe,2025-05-02
13136,Williams-Kelly,Manufacturing,Enterprise,Senegal,LATAM,2024-12-14
13137,"Valenzuela, Deleon and Reese",Healthcare,Mid-Market,Nauru,LATAM,2022-08-04
13138,Garcia-Arnold,Manufacturing,SMB,Lesotho,APAC,2022-11-01
13139,Watson-Robinson,Finance,SMB,Rwanda,APAC,2023-08-08
13140,Stanley Inc,Finance,Enterprise,China,LATAM,2024-11-26
13141,"Campos, Norton and Pearson",Finance,SMB,Monaco,LATAM,2023-09-02
13142,Medina-Frank,Retail,Enterprise,Congo,Europe,2025-05-12
13143,"Perry, Reid and Doyle",Finance,SMB,Syrian Arab Republic,LATAM,2026-02-10
13144,Bean Inc,Finance,Enterprise,Montserrat,LATAM,2025-07-20
13145,Beasley-Silva,Healthcare,Mid-Market,Reunion,Europe,2025-12-30
13146,"Lopez, West and Larson",Retail,Mid-Market,Kenya,APAC,2025-01-03
13147,Hernandez PLC,Retail,Enterprise,Antarctica (the territory South of 60 deg S),LATAM,2025-12-16
13148,Wilkins Group,Technology,SMB,Malta,LATAM,2024-03-05
13149,"Richardson, Black and Flowers",Finance,Enterprise,El Salvador,LATAM,2026-03-25
13150,Stevens LLC,Finance,Mid-Market,Poland,LATAM,2025-10-01
13151,Green-Stark,Manufacturing,Mid-Market,Faroe Islands,North America,2023-06-16
13152,Miller LLC,Manufacturing,Mid-Market,Somalia,Europe,2026-01-23
13153,"Wood, Parker and Avila",Manufacturing,Mid-Market,Yemen,APAC,2024-10-17
13154,Johnson-Castillo,Healthcare,Enterprise,Western Sahara,North America,2023-04-24
13155,Evans-Jackson,Healthcare,Mid-Market,Morocco,APAC,2023-12-20
13156,Pierce-Gonzales,Finance,SMB,Luxembourg,Europe,2023-05-03
13157,Morris Group,Finance,Mid-Market,Lesotho,Europe,2026-05-18
13158,"Young, Flynn and Riddle",Technology,Enterprise,Comoros,APAC,2022-09-30
13159,"Gonzales, Salazar and Hall",Technology,SMB,Yemen,North America,2023-04-23
13160,Wolfe-Cox,Technology,Enterprise,Kyrgyz Republic,North America,2023-03-07
13161,Goodman-Ruiz,Manufacturing,SMB,Burkina Faso,North America,2023-07-28
13162,Jones-Monroe,Retail,Mid-Market,Tanzania,North America,2024-06-23
13163,"Gillespie, Nguyen and Chung",Finance,Mid-Market,Croatia,LATAM,2024-07-16
13164,Silva-Lane,Retail,Enterprise,Mali,North America,2025-03-20
13165,"Jensen, Rivera and Stephenson",Technology,Enterprise,Swaziland,LATAM,2023-10-23
13166,Jenkins-Sanders,Retail,SMB,Ethiopia,North America,2025-04-28
13167,Dodson-Scott,Manufacturing,Enterprise,Brunei Darussalam,Europe,2025-06-27
13168,"Watson, Powell and Randall",Manufacturing,Mid-Market,Paraguay,APAC,2026-01-13
13169,Terry-Mendez,Finance,Mid-Market,Saint Lucia,North America,2022-08-06
13170,Fisher LLC,Finance,Mid-Market,Namibia,APAC,2026-05-02
13171,"Vasquez, Peterson and Hull",Finance,Enterprise,Saint Martin,APAC,2023-11-18
13172,"Rogers, Crawford and Sweeney",Manufacturing,Mid-Market,Tanzania,LATAM,2022-10-09
13173,Fernandez-Williams,Technology,Mid-Market,San Marino,Europe,2023-04-07
13174,Sanchez-Sanchez,Technology,Mid-Market,Rwanda,LATAM,2023-09-21
13175,Johnson-Mann,Healthcare,Enterprise,Cayman Islands,Europe,2023-03-25
13176,Davidson-Robinson,Retail,SMB,Lesotho,North America,2023-02-27
13177,George and Sons,Technology,Mid-Market,Tajikistan,North America,2026-04-07
13178,White Group,Manufacturing,Mid-Market,Bolivia,Europe,2024-05-20
13179,Gibson-Lawson,Technology,Mid-Market,Belgium,APAC,2025-02-23
13180,Cook PLC,Manufacturing,Mid-Market,Indonesia,Europe,2025-05-05
13181,Lane-Harrison,Manufacturing,SMB,United States of America,LATAM,2025-02-09
13182,Taylor-Rose,Retail,Mid-Market,Reunion,Europe,2023-04-19
13183,Johnson LLC,Technology,SMB,Finland,North America,2025-10-17
13184,Smith-Moore,Retail,Enterprise,Mongolia,APAC,2025-01-16
13185,"Smith, Pena and Smith",Retail,Enterprise,Paraguay,LATAM,2024-12-30
13186,Johnson PLC,Finance,SMB,Montenegro,North America,2026-02-15
13187,Leonard LLC,Retail,Enterprise,Albania,Europe,2022-06-17
13188,Lawson-Robertson,Finance,Enterprise,Isle of Man,LATAM,2024-08-15
13189,Guerrero Ltd,Healthcare,Mid-Market,Argentina,LATAM,2025-01-14
13190,Sullivan-Glenn,Manufacturing,SMB,Tunisia,LATAM,2024-04-11
13191,Short-Jordan,Healthcare,SMB,Afghanistan,LATAM,2024-12-30
13192,Lopez-Walker,Manufacturing,Mid-Market,Belize,North America,2025-05-25
13193,"Reid, Ellis and Davenport",Healthcare,Enterprise,Bangladesh,LATAM,2026-05-03
13194,"Fowler, Hancock and Smith",Finance,Mid-Market,Turks and Caicos Islands,LATAM,2025-04-06
13195,"Harrington, Andrews and Roman",Healthcare,Mid-Market,Germany,APAC,2022-09-07
13196,Reynolds-Kelley,Retail,Enterprise,North Macedonia,APAC,2022-09-09
13197,Cole-Myers,Technology,SMB,Saint Vincent and the Grenadines,Europe,2022-11-14
13198,"Lowery, Evans and Lindsey",Technology,Mid-Market,Guinea,North America,2024-09-09
13199,"Williams, Mckinney and Dawson",Healthcare,Mid-Market,Mexico,North America,2023-01-02
13200,Carter Ltd,Finance,Enterprise,Finland,LATAM,2023-08-09
13201,Davis Group,Healthcare,Enterprise,Qatar,LATAM,2022-07-04
13202,Henry Inc,Technology,SMB,Equatorial Guinea,North America,2023-06-09
13203,Jacobs-Jones,Finance,Enterprise,Armenia,APAC,2025-07-03
13204,Massey-Lopez,Manufacturing,SMB,French Southern Territories,LATAM,2026-05-10
13205,Rodriguez-Brock,Technology,SMB,Oman,LATAM,2022-07-07
13206,"Butler, Smith and Wright",Finance,Mid-Market,Germany,LATAM,2025-05-20
13207,Rodriguez and Sons,Healthcare,SMB,Lesotho,North America,2023-12-17
13208,Scott PLC,Healthcare,Enterprise,United States Minor Outlying Islands,LATAM,2025-12-31
13209,"Porter, Richards and Cummings",Finance,Mid-Market,Korea,Europe,2025-06-29
13210,Harris-Casey,Finance,Mid-Market,Norfolk Island,APAC,2025-05-27
13211,Gamble LLC,Manufacturing,SMB,Gibraltar,North America,2023-09-26
13212,"Wilson, Rush and Barton",Finance,Mid-Market,Benin,LATAM,2026-01-12
13213,Beck Group,Technology,Enterprise,Bolivia,APAC,2024-05-25
13214,"Wright, Jackson and Sexton",Healthcare,Enterprise,Pakistan,LATAM,2024-07-10
13215,Roberts-Moore,Manufacturing,SMB,Saint Helena,North America,2025-05-30
13216,Boyle Inc,Healthcare,Mid-Market,Brunei Darussalam,LATAM,2023-12-04
13217,"Owens, Clay and Bolton",Technology,Mid-Market,Fiji,North America,2023-06-10
13218,"Newton, Burns and Sparks",Healthcare,Mid-Market,Congo,North America,2023-04-18
13219,"Webb, Craig and Robinson",Finance,Enterprise,Albania,North America,2025-03-21
13220,Cruz Group,Technology,Enterprise,Denmark,LATAM,2022-09-18
13221,Hill-Cook,Technology,Mid-Market,Afghanistan,APAC,2025-06-05
13222,"Riggs, Thomas and Harris",Manufacturing,Mid-Market,France,Europe,2024-03-24
13223,"Cohen, Weaver and Hill",Manufacturing,SMB,Somalia,Europe,2024-12-16
13224,Freeman PLC,Retail,Enterprise,Guyana,Europe,2024-06-22
13225,Grant-Smith,Manufacturing,Enterprise,Korea,North America,2023-11-14
13226,Bailey-Weeks,Technology,SMB,Japan,North America,2025-09-21
13227,Hernandez PLC,Technology,Enterprise,Christmas Island,LATAM,2024-11-06
13228,"Evans, Peters and Guerra",Healthcare,Mid-Market,New Caledonia,LATAM,2026-03-27
13229,Roberts-Collins,Retail,SMB,China,North America,2022-11-06
13230,Richmond-Middleton,Technology,Mid-Market,Singapore,North America,2024-01-21
13231,"Porter, Bailey and Brown",Finance,Enterprise,Mauritania,LATAM,2024-02-15
13232,Hughes Ltd,Healthcare,Enterprise,Saint Pierre and Miquelon,North America,2024-12-06
13233,"Cardenas, Maddox and Fuller",Healthcare,Mid-Market,Tokelau,North America,2022-06-15
13234,George-Reyes,Finance,Mid-Market,Holy See (Vatican City State),LATAM,2024-05-08
13235,"Carter, Martinez and Sandoval",Technology,SMB,Nauru,Europe,2022-07-29
13236,"Craig, Cochran and Ryan",Finance,Enterprise,Hungary,APAC,2023-12-31
13237,Bright Inc,Finance,Enterprise,Belarus,LATAM,2023-12-15
13238,"Hatfield, Cox and Austin",Healthcare,SMB,Myanmar,LATAM,2025-03-26
13239,Ferguson-Martinez,Healthcare,SMB,Cayman Islands,North America,2025-04-16
13240,Oconnor-Taylor,Healthcare,Mid-Market,Turkey,APAC,2023-04-06
13241,Baker Group,Finance,Enterprise,Albania,LATAM,2025-09-27
13242,Martinez and Sons,Healthcare,Enterprise,Monaco,APAC,2023-04-04
13243,Atkins-Coffey,Manufacturing,Enterprise,Armenia,Europe,2023-12-12
13244,Moran-Brown,Technology,SMB,Lebanon,Europe,2024-09-05
13245,Barnes Inc,Healthcare,Mid-Market,Ghana,LATAM,2024-06-17
13246,"Day, Wilson and Robinson",Healthcare,Mid-Market,Cuba,Europe,2026-01-18
13247,"Drake, Cruz and Andrade",Finance,Enterprise,Greenland,LATAM,2024-05-31
13248,Arnold-Allison,Technology,Enterprise,Vanuatu,North America,2023-12-03
13249,Allen-Larson,Technology,Mid-Market,Jamaica,Europe,2024-02-24
13250,"Carlson, Reyes and White",Finance,Mid-Market,South Africa,North America,2023-12-06
13251,Hubbard LLC,Manufacturing,SMB,Christmas Island,APAC,2026-03-04
13252,Caldwell and Sons,Technology,SMB,Denmark,LATAM,2025-06-01
13253,Walker Inc,Healthcare,Enterprise,Ireland,North America,2023-09-20
13254,"Moore, Jones and Vargas",Manufacturing,SMB,Indonesia,APAC,2026-03-30
13255,"Williams, Arnold and Jones",Retail,SMB,New Zealand,APAC,2022-08-30
13256,Patton-Tucker,Retail,Mid-Market,United States Virgin Islands,North America,2022-11-16
13257,Wallace-Roy,Retail,Mid-Market,Uzbekistan,Europe,2024-01-07
13258,"May, Kelly and Snyder",Technology,Mid-Market,Switzerland,North America,2023-07-03
13259,"Martinez, Cooper and Clark",Technology,Enterprise,Chad,APAC,2023-08-28
13260,Huff Inc,Retail,SMB,Liechtenstein,Europe,2025-06-18
13261,"Jacobs, Flores and Hood",Manufacturing,SMB,Dominican Republic,APAC,2025-01-28
13262,"Hayes, Woods and Hayden",Healthcare,Enterprise,Poland,LATAM,2024-02-11
13263,Harris and Sons,Finance,SMB,Anguilla,APAC,2025-02-09
13264,Lee-Jones,Technology,SMB,Eritrea,LATAM,2024-02-18
13265,"Miller, Hogan and Leblanc",Manufacturing,Mid-Market,Nauru,APAC,2023-11-08
13266,Yoder LLC,Finance,Enterprise,Morocco,APAC,2022-11-21
13267,Gallagher Inc,Retail,Enterprise,Slovenia,LATAM,2023-04-18
13268,Lee-Decker,Retail,Enterprise,Wallis and Futuna,Europe,2022-10-23
13269,"King, Moran and Porter",Retail,Mid-Market,South Georgia and the South Sandwich Islands,LATAM,2024-09-12
13270,Simmons-Valencia,Retail,SMB,Japan,Europe,2024-07-12
13271,Alvarez-Casey,Technology,Enterprise,Australia,LATAM,2024-12-22
13272,Small PLC,Finance,SMB,Bosnia and Herzegovina,Europe,2026-01-10
13273,"Garza, Williamson and Davila",Retail,Mid-Market,United Arab Emirates,North America,2023-12-10
13274,"Flores, Hampton and Davis",Healthcare,SMB,Liberia,LATAM,2023-01-27
13275,"Stokes, Melendez and Fox",Technology,SMB,Mexico,LATAM,2026-03-03
13276,"Ryan, Scott and White",Retail,Enterprise,Djibouti,APAC,2024-10-18
13277,Mcdonald LLC,Technology,Enterprise,Haiti,LATAM,2022-11-15
13278,"Byrd, Lopez and Martin",Technology,Mid-Market,Martinique,Europe,2023-10-11
13279,"Rodriguez, Romero and Spears",Technology,Mid-Market,Croatia,APAC,2025-02-21
13280,Jones-Williams,Technology,SMB,Paraguay,APAC,2026-01-21
13281,"Salinas, Krause and Rosales",Retail,Enterprise,Barbados,Europe,2023-11-07
13282,Smith-Richardson,Finance,Mid-Market,Iran,LATAM,2024-10-03
13283,"Warren, Ellis and Nelson",Retail,Mid-Market,Comoros,North America,2025-02-03
13284,Cruz-Nguyen,Finance,SMB,Zambia,North America,2025-09-28
13285,Mitchell Inc,Healthcare,SMB,Cape Verde,LATAM,2023-08-17
13286,"Houston, Chaney and Jordan",Technology,Mid-Market,Turks and Caicos Islands,North America,2025-09-20
13287,"Drake, Khan and Lara",Healthcare,Mid-Market,Moldova,Europe,2026-02-19
13288,"Morris, Olson and Ball",Technology,Mid-Market,Ethiopia,Europe,2024-11-15
13289,"Diaz, Reid and King",Technology,Mid-Market,Myanmar,Europe,2026-03-23
13290,"Adams, Lawson and Howard",Finance,SMB,Bouvet Island (Bouvetoya),North America,2023-12-12
13291,Harrison-Tran,Manufacturing,Mid-Market,Liberia,North America,2024-03-18
13292,Hampton-Estrada,Retail,Mid-Market,Moldova,LATAM,2025-06-30
13293,Yang LLC,Retail,SMB,Gambia,Europe,2023-02-28
13294,Reed-Adams,Finance,Mid-Market,Mali,North America,2024-08-17
13295,Poole-Smith,Retail,Enterprise,Kazakhstan,North America,2025-12-18
13296,Hale Ltd,Manufacturing,SMB,Kyrgyz Republic,Europe,2025-03-29
13297,"Morrison, Orr and Stafford",Technology,Enterprise,French Guiana,North America,2023-02-12
13298,Diaz-Park,Technology,Enterprise,Switzerland,North America,2023-01-30
13299,Jones-Little,Technology,Enterprise,Tunisia,LATAM,2026-03-05
13300,Diaz-Smith,Manufacturing,Enterprise,Mongolia,APAC,2024-05-28
13301,"Bass, Livingston and Williams",Manufacturing,SMB,Haiti,APAC,2023-10-25
13302,Hamilton LLC,Healthcare,Mid-Market,Bhutan,APAC,2022-10-25
13303,"Davis, Choi and Cook",Healthcare,SMB,Niue,North America,2026-04-20
13304,Soto-Moran,Manufacturing,Enterprise,Georgia,APAC,2023-11-11
13305,"Macdonald, Smith and Lloyd",Retail,Mid-Market,Nepal,Europe,2024-02-21
13306,Prince Inc,Retail,Mid-Market,Turks and Caicos Islands,LATAM,2025-04-26
13307,Smith-Edwards,Retail,Mid-Market,Tunisia,North America,2025-06-01
13308,Chang LLC,Manufacturing,SMB,Croatia,LATAM,2024-03-24
13309,Griffin-Hansen,Technology,SMB,Mexico,APAC,2024-01-07
13310,Smith and Sons,Finance,Enterprise,Cambodia,APAC,2026-04-04
13311,"Neal, Lopez and Stephens",Healthcare,Mid-Market,Jamaica,LATAM,2026-03-24
13312,Mosley Ltd,Manufacturing,Enterprise,Cyprus,North America,2026-04-25
13313,Wilson Inc,Finance,SMB,Martinique,APAC,2023-06-19
13314,Moreno-Pineda,Healthcare,SMB,Equatorial Guinea,North America,2022-07-18
13315,Yang-Brown,Finance,Mid-Market,Saint Lucia,LATAM,2024-06-09
13316,Kelly PLC,Technology,Mid-Market,Gabon,North America,2026-05-17
13317,Saunders-Martinez,Healthcare,Mid-Market,American Samoa,LATAM,2025-11-13
13318,Vincent-Howard,Healthcare,Enterprise,Bahamas,LATAM,2025-05-19
13319,Stewart Ltd,Finance,SMB,Russian Federation,APAC,2024-01-22
13320,"Fernandez, Weaver and Andersen",Manufacturing,Enterprise,Nicaragua,APAC,2022-12-23
13321,"Johnson, Graham and Alexander",Retail,Mid-Market,Dominica,Europe,2023-09-05
13322,"Acosta, Turner and Pitts",Manufacturing,Mid-Market,Botswana,LATAM,2024-01-20
13323,Cook Ltd,Retail,SMB,Poland,APAC,2024-04-12
13324,Johnson PLC,Technology,Enterprise,Bouvet Island (Bouvetoya),North America,2025-11-30
13325,Mueller PLC,Technology,Enterprise,Burkina Faso,APAC,2026-05-03
13326,Benton-Moore,Finance,Mid-Market,Greenland,North America,2025-10-25
13327,"Hurley, Allen and Rodriguez",Manufacturing,Mid-Market,Iceland,APAC,2023-09-11
13328,"Conley, Lynch and Diaz",Technology,Enterprise,Andorra,APAC,2024-08-19
13329,Warren-Parker,Healthcare,Enterprise,Liberia,LATAM,2025-11-10
13330,"Thomas, Smith and Garcia",Healthcare,Mid-Market,Portugal,APAC,2024-02-25
13331,Fox-Meyer,Retail,Mid-Market,Canada,Europe,2023-01-10
13332,Bullock Ltd,Finance,Enterprise,Algeria,APAC,2026-05-14
13333,"Nguyen, Johnson and Patel",Technology,Mid-Market,Equatorial Guinea,North America,2024-11-14
13334,"King, Garcia and Logan",Technology,SMB,Holy See (Vatican City State),LATAM,2026-05-01
13335,Nguyen-Willis,Manufacturing,SMB,Belize,LATAM,2023-03-03
13336,"Perez, Johnson and Stewart",Technology,Mid-Market,Turkmenistan,North America,2024-06-06
13337,Gonzalez-Johnson,Finance,Mid-Market,Saint Pierre and Miquelon,Europe,2026-01-18
13338,"Russell, Wolf and Salazar",Manufacturing,Enterprise,Faroe Islands,Europe,2024-04-19
13339,Hodge LLC,Healthcare,SMB,Botswana,APAC,2025-09-25
13340,Hernandez-Kelly,Finance,SMB,Isle of Man,APAC,2023-08-08
13341,Kim-Black,Manufacturing,SMB,Uzbekistan,Europe,2024-11-02
13342,"Jennings, Norman and Myers",Finance,SMB,Gibraltar,LATAM,2024-04-21
13343,Green-Walker,Technology,Enterprise,Bosnia and Herzegovina,LATAM,2026-03-17
13344,Green-Guerra,Technology,Enterprise,Christmas Island,Europe,2024-11-09
13345,Kirk-Andrews,Finance,Enterprise,Reunion,LATAM,2022-10-24
13346,Miller Group,Manufacturing,SMB,Grenada,Europe,2022-07-10
13347,"Gutierrez, Sanchez and Contreras",Finance,Enterprise,Kuwait,North America,2026-03-02
13348,"Marks, Campbell and Salas",Retail,Enterprise,United States Minor Outlying Islands,North America,2023-05-26
13349,"Mack, Johnson and Harmon",Retail,SMB,Yemen,APAC,2025-08-26
13350,"Martin, Peterson and James",Technology,Mid-Market,Burkina Faso,North America,2023-06-25
13351,Davis LLC,Retail,Mid-Market,Venezuela,Europe,2026-05-08
13352,"Moses, Stewart and Houston",Technology,Mid-Market,Puerto Rico,Europe,2025-06-11
13353,Rodriguez Inc,Retail,Enterprise,Korea,APAC,2023-02-23
13354,"Lee, Lawson and Ruiz",Healthcare,Enterprise,Rwanda,Europe,2022-08-23
13355,"Cruz, Hart and Wilson",Technology,Enterprise,Sierra Leone,LATAM,2022-06-12
13356,Burns-Hurley,Healthcare,Enterprise,Myanmar,North America,2024-07-22
13357,Davis LLC,Manufacturing,Enterprise,Hungary,North America,2025-06-07
13358,"Harrison, Rivera and Perry",Healthcare,Mid-Market,Saint Barthelemy,LATAM,2024-12-16
13359,Schwartz-Allen,Technology,Enterprise,Mauritania,Europe,2025-06-07
13360,Santos Ltd,Retail,SMB,Italy,LATAM,2025-05-22
13361,Walker Ltd,Healthcare,SMB,Tanzania,LATAM,2026-02-28
13362,Wagner Group,Retail,SMB,Saint Vincent and the Grenadines,APAC,2023-05-22
13363,Decker-Trujillo,Healthcare,Mid-Market,Ecuador,APAC,2025-07-25
13364,"Cole, West and Jones",Technology,Enterprise,Brazil,Europe,2025-11-03
13365,Foster-Sims,Technology,SMB,Montserrat,LATAM,2025-06-15
13366,Miller LLC,Retail,Enterprise,Libyan Arab Jamahiriya,North America,2023-01-25
13367,Pena LLC,Manufacturing,Enterprise,Isle of Man,APAC,2025-10-11
13368,Brennan PLC,Technology,SMB,Djibouti,APAC,2024-08-08
13369,Schwartz-Cox,Healthcare,Mid-Market,Austria,LATAM,2025-09-24
13370,Gallagher PLC,Technology,Mid-Market,San Marino,APAC,2023-05-26
13371,Werner-Jacobs,Technology,Enterprise,Cape Verde,North America,2023-02-15
13372,Ortega PLC,Manufacturing,Enterprise,Kazakhstan,LATAM,2024-08-10
13373,Schaefer PLC,Technology,Mid-Market,Rwanda,APAC,2023-07-12
13374,Hernandez-Thompson,Manufacturing,Mid-Market,Timor-Leste,Europe,2023-08-21
13375,Wright-Thomas,Technology,Mid-Market,Jersey,Europe,2025-04-05
13376,"Butler, Molina and Walker",Retail,Enterprise,Mongolia,Europe,2025-02-07
13377,Taylor LLC,Manufacturing,SMB,Thailand,North America,2024-01-23
13378,"Sanchez, Lucas and Mcintosh",Technology,Enterprise,Yemen,LATAM,2023-12-04
13379,Hunter-Smith,Finance,Mid-Market,Comoros,North America,2023-11-24
13380,"Medina, Kaiser and Jones",Retail,SMB,Saint Martin,LATAM,2026-02-12
13381,"Hicks, Smith and Lutz",Retail,Mid-Market,Latvia,LATAM,2025-01-13
13382,"Bell, Reyes and Payne",Technology,Enterprise,Morocco,North America,2024-04-13
13383,Dickerson Group,Finance,Mid-Market,Nicaragua,APAC,2024-06-19
13384,Randolph-Howe,Retail,Mid-Market,Spain,Europe,2022-11-22
13385,Perez PLC,Manufacturing,Mid-Market,Jersey,Europe,2025-01-11
13386,Keller Inc,Retail,SMB,Malawi,APAC,2023-11-01
13387,Nichols LLC,Retail,Mid-Market,Kyrgyz Republic,LATAM,2024-12-16
13388,Patterson LLC,Manufacturing,SMB,Morocco,North America,2022-11-07
13389,Moore Inc,Healthcare,Enterprise,Marshall Islands,North America,2025-05-20
13390,Davis-Wang,Retail,Mid-Market,Turkmenistan,LATAM,2026-04-18
13391,Wilson Inc,Retail,SMB,Venezuela,North America,2025-12-25
13392,Hill and Sons,Finance,Mid-Market,Romania,LATAM,2024-10-14
13393,Lawrence-Jenkins,Manufacturing,Enterprise,Qatar,LATAM,2023-01-23
13394,"Suarez, Potts and Brown",Retail,Enterprise,Gibraltar,APAC,2026-04-28
13395,Golden Group,Retail,Mid-Market,Honduras,APAC,2022-07-31
13396,Jensen-Morrison,Retail,SMB,Western Sahara,North America,2023-09-04
13397,Garner-Oneal,Finance,SMB,Uzbekistan,LATAM,2024-04-23
13398,Smith Ltd,Technology,SMB,Nauru,Europe,2024-06-22
13399,Terrell PLC,Healthcare,Enterprise,Saint Martin,North America,2025-12-13
13400,Clark-Fox,Technology,Mid-Market,Pitcairn Islands,LATAM,2025-02-27
13401,Bowers PLC,Manufacturing,Enterprise,Indonesia,Europe,2026-03-28
13402,Boyle Inc,Finance,SMB,Djibouti,LATAM,2023-08-09
13403,Bennett-Gray,Technology,Mid-Market,Togo,North America,2025-09-07
13404,Dixon and Sons,Healthcare,Mid-Market,Marshall Islands,North America,2025-07-17
13405,"Farmer, Morris and Ramos",Retail,SMB,Singapore,APAC,2022-10-03
13406,Mccall Group,Finance,Mid-Market,Turkey,APAC,2025-12-27
13407,Thomas Ltd,Finance,Enterprise,Tanzania,LATAM,2023-04-24
13408,"Reed, Short and Harrison",Technology,Enterprise,Dominican Republic,APAC,2023-06-28
13409,Burke-Church,Finance,SMB,Serbia,APAC,2025-07-06
13410,Williams-Gutierrez,Healthcare,Mid-Market,Eritrea,LATAM,2026-05-02
13411,Bender-Hill,Manufacturing,SMB,Greece,APAC,2026-01-05
13412,Barrett and Sons,Finance,SMB,Guam,North America,2025-08-24
13413,Medina-Hudson,Finance,SMB,Liberia,Europe,2026-05-16
13414,Phillips-Robbins,Retail,SMB,Trinidad and Tobago,North America,2025-05-14
13415,"Fox, Sanders and Schultz",Finance,Mid-Market,Belize,Europe,2025-08-03
13416,Durham Group,Retail,SMB,Macao,North America,2023-05-03
13417,Santiago-Santana,Healthcare,SMB,Armenia,APAC,2022-12-23
13418,Wilkins-Edwards,Technology,Enterprise,Taiwan,LATAM,2025-04-07
13419,Zimmerman Group,Finance,Mid-Market,Burundi,APAC,2025-07-13
13420,"Jennings, Smith and Mccoy",Technology,Enterprise,Philippines,LATAM,2026-02-02
13421,"Gillespie, Rodriguez and Holmes",Technology,Mid-Market,Turks and Caicos Islands,APAC,2025-04-23
13422,Luna LLC,Finance,Mid-Market,Nigeria,LATAM,2025-05-20
13423,"Barber, Matthews and Banks",Healthcare,Mid-Market,Ukraine,LATAM,2025-03-17
13424,Long Inc,Technology,Mid-Market,Dominican Republic,North America,2024-02-17
13425,Parks LLC,Technology,SMB,Bolivia,North America,2023-12-06
13426,Houston-Johnson,Finance,SMB,Greenland,North America,2022-12-10
13427,"Wilson, Holmes and Cobb",Manufacturing,Enterprise,Burundi,APAC,2025-08-16
13428,Barajas-Gonzalez,Retail,Mid-Market,Tokelau,APAC,2024-10-09
13429,Reed-Cox,Technology,SMB,Estonia,North America,2023-01-27
13430,Martinez-Bailey,Healthcare,Enterprise,Puerto Rico,APAC,2024-05-07
13431,Johnson Inc,Finance,Enterprise,Falkland Islands (Malvinas),Europe,2023-03-19
13432,"Scott, Peck and Mcdonald",Finance,Enterprise,Iceland,APAC,2022-08-15
13433,Brooks-Marshall,Manufacturing,SMB,Burundi,LATAM,2023-12-28
13434,"Williams, Jones and Turner",Finance,Enterprise,Netherlands Antilles,APAC,2026-04-29
13435,Brown-Smith,Retail,Mid-Market,Congo,North America,2022-07-01
13436,"Thomas, Garcia and Perez",Retail,SMB,Somalia,Europe,2023-09-08
13437,Rosario LLC,Technology,Enterprise,Nigeria,North America,2023-12-29
13438,Jones-Vasquez,Technology,SMB,Micronesia,APAC,2025-08-20
13439,Turner LLC,Manufacturing,SMB,Nicaragua,North America,2023-01-18
13440,Lewis-Macdonald,Retail,SMB,Dominica,Europe,2026-03-12
13441,"Flores, Sweeney and Rogers",Technology,SMB,Uganda,North America,2025-11-19
13442,Turner Group,Healthcare,Enterprise,Iraq,Europe,2024-08-04
13443,Moore-Farrell,Technology,SMB,Cambodia,Europe,2025-08-07
13444,"Mcdonald, Sanchez and Frank",Manufacturing,SMB,Holy See (Vatican City State),LATAM,2025-03-09
13445,Ross LLC,Healthcare,SMB,Luxembourg,APAC,2022-08-23
13446,Mccarthy-Tucker,Healthcare,Enterprise,Antigua and Barbuda,North America,2025-01-31
13447,Welch and Sons,Technology,SMB,Mauritius,APAC,2023-09-24
13448,Rogers-Turner,Retail,Enterprise,Portugal,Europe,2025-09-19
13449,Thornton-Jimenez,Retail,Mid-Market,Guernsey,APAC,2024-07-23
13450,Johnson Ltd,Retail,SMB,Morocco,North America,2025-07-09
13451,Hill Ltd,Healthcare,SMB,Martinique,North America,2025-12-31
13452,Reed Inc,Manufacturing,Mid-Market,Ireland,LATAM,2026-05-27
13453,"Trevino, Underwood and Guerrero",Technology,SMB,South Georgia and the South Sandwich Islands,Europe,2024-02-16
13454,"Brewer, Weaver and Palmer",Technology,Mid-Market,Haiti,APAC,2024-05-30
13455,Perez-Kennedy,Retail,Mid-Market,United States Virgin Islands,Europe,2023-12-23
13456,Higgins-Preston,Healthcare,Mid-Market,Hong Kong,LATAM,2025-04-20
13457,Vazquez PLC,Finance,Mid-Market,Afghanistan,LATAM,2024-09-18
13458,"Mitchell, Nguyen and Cameron",Healthcare,Mid-Market,Spain,LATAM,2023-05-16
13459,Peterson and Sons,Retail,Enterprise,Ecuador,Europe,2023-05-19
13460,"Gutierrez, Morales and James",Retail,Mid-Market,Montenegro,North America,2025-12-02
13461,Harvey Group,Technology,Mid-Market,South Africa,Europe,2025-07-29
13462,"Brennan, Bell and Wells",Manufacturing,Mid-Market,Antigua and Barbuda,LATAM,2023-09-24
13463,"Dickson, Russell and Carlson",Finance,Mid-Market,Brazil,LATAM,2025-09-12
13464,Morales Ltd,Healthcare,SMB,Colombia,LATAM,2022-07-03
13465,"Brown, Davis and Martinez",Technology,Mid-Market,Barbados,North America,2023-09-30
13466,James-Wright,Healthcare,Enterprise,Portugal,North America,2025-09-07
13467,Williams-Weber,Healthcare,Mid-Market,Zambia,LATAM,2026-05-05
13468,"Sosa, Bailey and Norris",Technology,Enterprise,Portugal,North America,2023-12-19
13469,Hernandez-Brandt,Manufacturing,Enterprise,Andorra,LATAM,2024-07-12
13470,Miller-Joseph,Finance,SMB,Lithuania,APAC,2025-07-15
13471,Clark-Medina,Retail,Enterprise,Tonga,LATAM,2026-05-11
13472,Smith PLC,Retail,Enterprise,Indonesia,LATAM,2023-05-08
13473,Leonard-Smith,Healthcare,Mid-Market,Tajikistan,LATAM,2022-07-01
13474,Mitchell-Brady,Finance,Enterprise,Albania,North America,2024-11-10
13475,"Oliver, Coleman and Nelson",Healthcare,SMB,Ukraine,Europe,2023-03-30
13476,Gonzalez-Rodriguez,Retail,Mid-Market,Svalbard & Jan Mayen Islands,North America,2025-07-18
13477,Jefferson Group,Technology,Mid-Market,Solomon Islands,APAC,2023-06-12
13478,Schroeder-Pearson,Manufacturing,SMB,Western Sahara,LATAM,2025-07-31
13479,"Pratt, Riggs and Martinez",Healthcare,SMB,Belgium,North America,2022-07-05
13480,Smith PLC,Retail,Mid-Market,Colombia,Europe,2023-03-25
13481,"Suarez, Rivera and Rogers",Technology,Enterprise,Serbia,LATAM,2025-09-10
13482,Jones PLC,Retail,SMB,Netherlands,North America,2022-10-20
13483,"Stone, Scott and Yates",Technology,Mid-Market,Equatorial Guinea,LATAM,2025-07-16
13484,Hines Ltd,Healthcare,SMB,Tokelau,North America,2025-02-08
13485,Adams-Gilmore,Technology,SMB,Bahamas,North America,2024-03-20
13486,Collins-Welch,Retail,Enterprise,Poland,LATAM,2024-02-25
13487,Keith Ltd,Manufacturing,Mid-Market,Somalia,Europe,2025-01-10
13488,Lewis-Arnold,Healthcare,SMB,Guadeloupe,APAC,2026-02-07
13489,Ayala-Santiago,Manufacturing,Enterprise,Sri Lanka,APAC,2026-03-03
13490,Sanchez PLC,Healthcare,Enterprise,Seychelles,LATAM,2025-07-10
13491,Rogers Ltd,Technology,SMB,San Marino,LATAM,2025-07-17
13492,"Jones, Davies and Mckay",Retail,Enterprise,Micronesia,LATAM,2024-04-10
13493,Ingram Group,Manufacturing,Mid-Market,Malta,North America,2026-05-31
13494,"White, Wilson and Benson",Finance,Enterprise,Maldives,LATAM,2023-09-06
13495,"Carroll, Hamilton and Kemp",Finance,SMB,Djibouti,LATAM,2023-11-22
13496,Turner Ltd,Technology,SMB,Jamaica,North America,2024-07-31
13497,Walker Ltd,Retail,Mid-Market,Cocos (Keeling) Islands,Europe,2024-01-17
13498,Hart PLC,Manufacturing,Mid-Market,Saudi Arabia,Europe,2023-12-13
13499,Hall-Jackson,Manufacturing,SMB,Bahrain,North America,2026-05-11
13500,"Guerra, Yang and Santos",Technology,SMB,Uzbekistan,North America,2025-08-17
13501,Rodriguez and Sons,Healthcare,Mid-Market,Aruba,APAC,2023-12-09
13502,"Parker, Martinez and Guerra",Finance,SMB,Cyprus,North America,2025-09-20
13503,Ibarra PLC,Retail,Mid-Market,Oman,North America,2025-11-11
13504,Carroll PLC,Healthcare,Enterprise,Argentina,Europe,2026-02-11
13505,Johnson-Patel,Finance,Mid-Market,Maldives,North America,2022-08-17
13506,Ramirez-Mclaughlin,Healthcare,SMB,Iceland,North America,2023-04-03
13507,Martinez and Sons,Finance,Enterprise,Mayotte,APAC,2022-12-30
13508,Ruiz Group,Healthcare,SMB,American Samoa,Europe,2024-10-18
13509,"Martin, Griffin and Wilkerson",Finance,SMB,Nauru,North America,2022-07-02
13510,"Rodriguez, Huff and Hurley",Finance,SMB,South Georgia and the South Sandwich Islands,LATAM,2026-05-09
13511,King Ltd,Retail,SMB,Samoa,LATAM,2023-12-15
13512,"Hall, Sims and Price",Manufacturing,SMB,United States Minor Outlying Islands,Europe,2023-11-29
13513,Macdonald-Williams,Technology,Enterprise,Antigua and Barbuda,LATAM,2024-02-10
13514,"Ferguson, Gonzalez and Burch",Healthcare,Mid-Market,Reunion,LATAM,2023-10-08
13515,"Duran, Jackson and Calhoun",Technology,SMB,Guinea-Bissau,Europe,2025-01-03
13516,Leonard-Doyle,Technology,Enterprise,Monaco,Europe,2024-06-01
13517,Hood and Sons,Retail,Enterprise,Liberia,APAC,2024-05-03
13518,Haynes-Bishop,Technology,Enterprise,Benin,APAC,2025-01-29
13519,"Mclaughlin, Brown and Weber",Finance,Mid-Market,Denmark,North America,2025-03-05
13520,Caldwell LLC,Retail,Enterprise,Anguilla,Europe,2023-11-10
13521,Kelly-Crawford,Technology,Enterprise,Cocos (Keeling) Islands,LATAM,2024-07-17
13522,"Schaefer, Horne and Miller",Healthcare,Mid-Market,Slovenia,North America,2023-09-12
13523,"Nixon, Smith and Wheeler",Manufacturing,Mid-Market,Peru,LATAM,2024-04-25
13524,Moore-Byrd,Finance,Enterprise,Slovenia,APAC,2023-04-29
13525,Walker PLC,Retail,SMB,Saudi Arabia,North America,2025-09-23
13526,Hall LLC,Finance,Enterprise,Western Sahara,Europe,2024-01-08
13527,"Thomas, Lyons and Wood",Retail,Mid-Market,Spain,Europe,2023-01-01
13528,Wilson-Cobb,Retail,SMB,Puerto Rico,LATAM,2026-03-19
13529,Campbell-Delgado,Finance,Mid-Market,Moldova,LATAM,2025-10-25
13530,"Kent, Owens and Russell",Healthcare,Enterprise,Martinique,LATAM,2023-12-17
13531,Hernandez-Travis,Technology,Enterprise,British Indian Ocean Territory (Chagos Archipelago),APAC,2022-11-14
13532,Johnston Inc,Finance,Mid-Market,Cote d'Ivoire,APAC,2024-07-12
13533,Baldwin-Lucas,Finance,SMB,Macao,LATAM,2026-03-10
13534,Beard Inc,Technology,Enterprise,Guinea,APAC,2024-01-05
13535,"Lewis, Jackson and Bennett",Manufacturing,Enterprise,San Marino,APAC,2025-03-11
13536,"Dyer, Jackson and James",Healthcare,Enterprise,Mauritania,APAC,2023-12-17
13537,Alvarez-Russell,Finance,SMB,Pakistan,APAC,2025-03-11
13538,"Adams, Cole and Velazquez",Finance,SMB,Ethiopia,Europe,2022-07-02
13539,"Rios, Johnson and Palmer",Finance,Enterprise,Vietnam,Europe,2025-09-29
13540,Osborne-Singleton,Retail,Mid-Market,Tajikistan,APAC,2026-05-01
13541,"Ferguson, Miller and Stanley",Retail,SMB,Cuba,APAC,2024-05-17
13542,Le-Gonzalez,Technology,SMB,Austria,APAC,2025-09-01
13543,Taylor Ltd,Technology,SMB,Ethiopia,LATAM,2024-11-24
13544,Espinoza-Thomas,Technology,Mid-Market,British Indian Ocean Territory (Chagos Archipelago),Europe,2024-05-02
13545,Hill-Fuller,Technology,Enterprise,Taiwan,Europe,2025-04-17
13546,Johnson LLC,Technology,Mid-Market,Belize,Europe,2022-10-13
13547,Boyer-Freeman,Manufacturing,Mid-Market,Botswana,Europe,2025-04-07
13548,"Clark, West and Martin",Finance,Enterprise,Kiribati,North America,2022-09-05
13549,"Wilson, Pierce and Gates",Technology,Mid-Market,Malaysia,LATAM,2023-06-02
13550,Humphrey-King,Retail,SMB,Solomon Islands,North America,2024-05-12
13551,"Ward, Lopez and Vasquez",Retail,SMB,Benin,APAC,2026-04-13
13552,Larsen-Lopez,Retail,Mid-Market,Tuvalu,Europe,2025-06-03
13553,"Landry, Patel and Sandoval",Manufacturing,Mid-Market,Maldives,North America,2024-05-23
13554,Richards-Patel,Retail,Enterprise,Belarus,LATAM,2023-01-27
13555,Rogers-Herrera,Manufacturing,Mid-Market,Saint Martin,LATAM,2026-01-17
13556,"Deleon, Woodard and Petty",Retail,Mid-Market,Turkey,Europe,2026-04-19
13557,Haley LLC,Healthcare,Mid-Market,France,APAC,2026-05-06
13558,Carey-Gibson,Retail,Enterprise,Somalia,North America,2023-12-29
13559,"Olson, Rose and Farley",Technology,SMB,Slovakia (Slovak Republic),North America,2022-10-10
13560,Miller-Robles,Retail,Enterprise,Eritrea,North America,2022-12-29
13561,Castro and Sons,Technology,SMB,Vanuatu,APAC,2022-11-04
13562,Marquez Inc,Manufacturing,Mid-Market,Cambodia,LATAM,2023-10-26
13563,Johnson Ltd,Healthcare,SMB,Jersey,North America,2025-01-04
13564,"Blackwell, Edwards and Evans",Finance,SMB,Kuwait,Europe,2025-11-25
13565,Peters PLC,Healthcare,Enterprise,Nauru,Europe,2025-06-29
13566,Johnson-Leon,Healthcare,Enterprise,Suriname,APAC,2023-05-28
13567,Brown Ltd,Retail,Mid-Market,Suriname,Europe,2024-03-26
13568,Robles Inc,Finance,Enterprise,Saint Kitts and Nevis,Europe,2024-03-05
13569,"Gonzales, Smith and Reilly",Healthcare,SMB,Trinidad and Tobago,North America,2025-05-26
13570,Butler-Johnson,Retail,Enterprise,Netherlands Antilles,LATAM,2024-03-05
13571,"Roman, Bates and Mendoza",Retail,Enterprise,Latvia,LATAM,2025-11-20
13572,Torres-Stanley,Manufacturing,Enterprise,Samoa,Europe,2024-06-18
13573,Lopez-Garcia,Manufacturing,SMB,Bermuda,LATAM,2025-03-05
13574,Schwartz PLC,Technology,SMB,Russian Federation,Europe,2025-12-07
13575,"Thompson, Davila and Pierce",Finance,Enterprise,Christmas Island,LATAM,2022-10-08
13576,"Martin, Garner and Taylor",Finance,Mid-Market,Greenland,Europe,2023-02-10
13577,Nicholson Group,Manufacturing,SMB,Jamaica,LATAM,2023-06-08
13578,Green PLC,Technology,Enterprise,Mozambique,Europe,2026-04-29
13579,Jacobson Inc,Healthcare,Mid-Market,Equatorial Guinea,APAC,2024-08-29
13580,Cox-Diaz,Retail,Enterprise,Korea,APAC,2025-06-01
13581,Clark Inc,Retail,Mid-Market,Myanmar,North America,2025-08-26
13582,Li-Stevens,Manufacturing,SMB,Senegal,Europe,2024-09-28
13583,Williams-Brown,Technology,SMB,Spain,APAC,2025-05-18
13584,"Brown, Benson and Thompson",Manufacturing,Enterprise,Armenia,APAC,2025-02-03
13585,Davenport LLC,Healthcare,Mid-Market,Congo,LATAM,2024-03-10
13586,Brown-Spencer,Finance,SMB,San Marino,Europe,2026-02-25
13587,Hanson and Sons,Finance,SMB,Guinea-Bissau,North America,2024-01-25
13588,Reed PLC,Healthcare,SMB,Macao,LATAM,2024-04-18
13589,Nichols and Sons,Technology,SMB,Macao,North America,2026-02-13
13590,"Lopez, Marsh and Robinson",Finance,Enterprise,Marshall Islands,APAC,2025-06-09
13591,"Meyer, Moore and Stone",Manufacturing,SMB,Belize,Europe,2023-03-10
13592,"Reyes, West and Cole",Finance,Enterprise,Thailand,North America,2025-01-28
13593,Mendez Ltd,Finance,Enterprise,Lithuania,Europe,2023-03-24
13594,"Mcdaniel, Larson and Rich",Healthcare,SMB,Iceland,North America,2022-11-15
13595,"Black, Moore and Roberts",Finance,SMB,Marshall Islands,LATAM,2023-10-29
13596,"Martin, Banks and Williams",Healthcare,Enterprise,Tokelau,LATAM,2025-03-24
13597,Mason Ltd,Technology,SMB,Niue,North America,2023-12-14
13598,Joseph-Wilson,Technology,Enterprise,Christmas Island,LATAM,2023-03-11
13599,Washington-Lee,Finance,SMB,Jamaica,APAC,2026-01-14
13600,"Davidson, Hughes and Friedman",Healthcare,Enterprise,Italy,APAC,2023-10-24
13601,Flores and Sons,Manufacturing,Enterprise,Niue,APAC,2024-10-31
13602,"Lewis, Jones and Palmer",Healthcare,SMB,Barbados,LATAM,2023-09-28
13603,"Montgomery, Mclean and Mclaughlin",Retail,Enterprise,United Kingdom,Europe,2024-02-23
13604,Young-Baker,Technology,Mid-Market,Nigeria,North America,2024-07-04
13605,Henderson-Clark,Finance,Enterprise,United Arab Emirates,APAC,2026-03-09
13606,Graham-Cabrera,Finance,SMB,Gabon,APAC,2024-11-04
13607,"Paul, Burns and Black",Manufacturing,SMB,Venezuela,APAC,2024-03-04
13608,Davis LLC,Manufacturing,Enterprise,Kyrgyz Republic,APAC,2023-04-01
13609,"Ayala, Gonzales and Park",Technology,SMB,Sierra Leone,APAC,2023-10-25
13610,Wilson-Horn,Finance,Mid-Market,Norway,APAC,2025-01-14
13611,Lloyd-Frank,Manufacturing,SMB,Brazil,North America,2023-10-21
13612,"Diaz, Cervantes and Carpenter",Retail,Enterprise,Iran,Europe,2025-05-07
13613,Barker-Robinson,Manufacturing,Enterprise,Togo,LATAM,2025-11-30
13614,Tucker Ltd,Healthcare,Enterprise,Uganda,Europe,2023-05-13
13615,"Fitzpatrick, Myers and Owens",Retail,Enterprise,Estonia,North America,2023-09-11
13616,"James, Santiago and Gutierrez",Finance,Mid-Market,Malaysia,APAC,2024-08-15
13617,Murray-Romero,Healthcare,SMB,Sweden,North America,2023-06-16
13618,Thompson-Berger,Manufacturing,SMB,Norway,LATAM,2025-05-06
13619,Wright-Cox,Manufacturing,Mid-Market,Barbados,North America,2023-01-03
13620,Dixon-Elliott,Finance,Enterprise,Chile,Europe,2024-07-19
13621,Kelly LLC,Healthcare,SMB,Netherlands,Europe,2023-08-29
13622,Vaughn Inc,Manufacturing,Enterprise,Greenland,North America,2023-05-31
13623,Perkins Inc,Retail,SMB,Canada,LATAM,2025-06-15
13624,Russell LLC,Manufacturing,Mid-Market,French Southern Territories,Europe,2026-01-19
13625,Sloan Ltd,Manufacturing,SMB,Bangladesh,APAC,2022-07-17
13626,Burke-Smith,Technology,Enterprise,Brunei Darussalam,LATAM,2025-05-10
13627,Johnson-Orozco,Technology,Mid-Market,Turks and Caicos Islands,North America,2023-06-28
13628,Mann PLC,Finance,SMB,Oman,North America,2025-09-13
13629,"Alexander, Colon and Gibson",Healthcare,Mid-Market,Ireland,APAC,2024-06-21
13630,Gross-Allen,Manufacturing,Mid-Market,Syrian Arab Republic,APAC,2024-04-23
13631,"Dunn, Austin and Wood",Finance,SMB,Gibraltar,LATAM,2026-05-06
13632,"Shaw, Hatfield and Phillips",Retail,SMB,Seychelles,APAC,2022-10-14
13633,"Juarez, Smith and Dominguez",Manufacturing,SMB,Faroe Islands,LATAM,2024-12-24
13634,Davis Ltd,Healthcare,Enterprise,Iceland,APAC,2025-08-14
13635,Miller-Donaldson,Technology,SMB,Spain,LATAM,2024-10-13
13636,Wilson-Jackson,Retail,Mid-Market,Vietnam,APAC,2022-07-15
13637,"Berry, Mahoney and Lee",Finance,Mid-Market,Senegal,APAC,2025-10-17
13638,Cisneros-Maxwell,Healthcare,SMB,Kyrgyz Republic,LATAM,2024-09-26
13639,Wallace LLC,Finance,Enterprise,Philippines,Europe,2025-11-02
13640,Kennedy Group,Technology,Mid-Market,Niger,Europe,2023-04-30
13641,"Roberson, Holt and Frank",Retail,SMB,Swaziland,Europe,2022-07-18
13642,Diaz-Morris,Retail,Mid-Market,United States Minor Outlying Islands,APAC,2023-12-10
13643,"Gibson, Mccall and Sosa",Healthcare,Enterprise,Nigeria,APAC,2022-12-09
13644,"Rhodes, Pena and Martinez",Technology,Enterprise,Saint Martin,Europe,2023-06-21
13645,Gomez Ltd,Retail,Enterprise,Denmark,APAC,2025-02-22
13646,Davis LLC,Finance,Enterprise,Benin,North America,2025-11-14
13647,Solis-Williams,Finance,SMB,Comoros,Europe,2023-01-13
13648,"Stewart, Foster and Lozano",Healthcare,Mid-Market,Liberia,LATAM,2026-04-19
13649,Lopez PLC,Technology,Mid-Market,Albania,APAC,2022-08-27
13650,"Harris, Smith and Smith",Finance,Mid-Market,Peru,North America,2025-09-02
13651,Bowman-Miller,Healthcare,Mid-Market,Falkland Islands (Malvinas),Europe,2023-12-24
13652,"Smith, Hanson and Armstrong",Finance,Mid-Market,Pitcairn Islands,APAC,2024-02-23
13653,King PLC,Technology,Enterprise,British Indian Ocean Territory (Chagos Archipelago),LATAM,2025-01-09
13654,Robinson Inc,Finance,Enterprise,Congo,North America,2023-09-17
13655,"Leach, Moore and Randall",Retail,Mid-Market,Bahrain,Europe,2025-10-19
13656,Peterson-Mitchell,Technology,Mid-Market,Luxembourg,Europe,2026-03-26
13657,Freeman Inc,Retail,Enterprise,Gibraltar,Europe,2023-04-07
13658,Smith-Sims,Manufacturing,Enterprise,Barbados,LATAM,2023-03-14
13659,"Woods, Juarez and Washington",Finance,SMB,Christmas Island,LATAM,2023-12-29
13660,Ruiz-Rhodes,Technology,Enterprise,Angola,Europe,2024-03-07
13661,"Wise, Flores and Wood",Manufacturing,SMB,Greenland,APAC,2023-06-28
13662,Burke Group,Manufacturing,Enterprise,Papua New Guinea,LATAM,2025-12-12
13663,Flores Ltd,Finance,SMB,French Guiana,LATAM,2025-08-10
13664,"Maldonado, Wu and Blake",Healthcare,Mid-Market,Senegal,APAC,2025-03-09
13665,"May, Ballard and Barrett",Retail,SMB,Jordan,APAC,2024-06-12
13666,Davenport and Sons,Healthcare,SMB,Ghana,LATAM,2025-04-22
13667,"Shaw, Gregory and Bowen",Manufacturing,Enterprise,Bahrain,LATAM,2023-10-19
13668,"Ferguson, Cook and Hill",Healthcare,Mid-Market,Jordan,APAC,2025-03-27
13669,Macdonald Inc,Manufacturing,SMB,Timor-Leste,North America,2026-03-16
13670,"Fernandez, Roberts and Nguyen",Retail,Enterprise,Guadeloupe,North America,2026-04-23
13671,"Cowan, Johnson and Thomas",Technology,Enterprise,Marshall Islands,APAC,2025-08-11
13672,Wilson-Gray,Technology,Mid-Market,United Kingdom,APAC,2024-02-24
13673,"Mccarthy, Campbell and Morgan",Healthcare,SMB,Ghana,LATAM,2024-09-19
13674,Hamilton-Gonzalez,Manufacturing,SMB,Guadeloupe,Europe,2023-10-05
13675,Smith PLC,Healthcare,SMB,Nigeria,LATAM,2022-07-22
13676,Woodward-Schmidt,Manufacturing,Enterprise,Cote d'Ivoire,LATAM,2025-07-08
13677,Pierce-Owens,Healthcare,Mid-Market,British Virgin Islands,North America,2026-02-14
13678,Bailey-Smith,Finance,Mid-Market,Indonesia,APAC,2026-01-02
13679,Weaver-Turner,Retail,Mid-Market,Singapore,Europe,2024-07-10
13680,"Reed, Knight and Casey",Healthcare,Mid-Market,Venezuela,Europe,2024-08-10
13681,Thomas LLC,Manufacturing,SMB,Sierra Leone,LATAM,2022-10-21
13682,Simpson Group,Technology,SMB,Pakistan,APAC,2023-02-13
13683,Stewart and Sons,Finance,Mid-Market,Mongolia,LATAM,2024-12-16
13684,"Gordon, Nielsen and Williams",Retail,Enterprise,French Southern Territories,LATAM,2022-07-17
13685,"Morgan, Miller and Hunt",Technology,Enterprise,Guyana,APAC,2023-07-14
13686,Hughes-Clay,Technology,Enterprise,India,LATAM,2026-03-12
13687,"Hodges, Sloan and Martin",Finance,Mid-Market,Puerto Rico,LATAM,2024-02-01
13688,Malone Group,Healthcare,Enterprise,Togo,APAC,2024-02-18
13689,"Fox, Jensen and Lee",Finance,Enterprise,Western Sahara,APAC,2025-08-10
13690,"Lee, Odonnell and Reed",Retail,SMB,Andorra,LATAM,2026-05-26
13691,"Adams, Medina and Santiago",Manufacturing,Mid-Market,Romania,APAC,2026-04-02
13692,"Murphy, Barajas and Lyons",Manufacturing,Mid-Market,Congo,North America,2023-01-28
13693,Mullins-Peterson,Healthcare,Enterprise,Taiwan,Europe,2023-06-06
13694,"Stafford, Poole and Serrano",Technology,SMB,Saint Pierre and Miquelon,North America,2025-01-06
13695,Gonzalez-Richardson,Healthcare,Enterprise,Central African Republic,APAC,2023-12-18
13696,"Gardner, Myers and Martinez",Manufacturing,Enterprise,Guernsey,APAC,2025-03-06
13697,Frazier Ltd,Technology,Enterprise,Uganda,APAC,2022-08-19
13698,Hansen-Schultz,Healthcare,Mid-Market,Cape Verde,APAC,2026-05-05
13699,Bush-Doyle,Healthcare,SMB,Sweden,APAC,2023-04-12
13700,"Reid, Flores and Jefferson",Technology,SMB,United States Minor Outlying Islands,North America,2024-07-17
13701,"Vang, Zimmerman and Sims",Technology,Mid-Market,Belarus,Europe,2023-06-24
13702,Holmes-Macias,Healthcare,Mid-Market,Sri Lanka,LATAM,2024-05-20
13703,"Wallace, Jackson and Burke",Healthcare,Mid-Market,Hungary,Europe,2024-05-22
13704,"White, Moon and Flynn",Technology,Mid-Market,Canada,Europe,2024-01-09
13705,"Murphy, Nichols and Adams",Technology,Mid-Market,Namibia,Europe,2023-02-26
13706,Davis-Griffith,Healthcare,Mid-Market,Guernsey,Europe,2025-08-11
13707,Rose-Mcdowell,Retail,SMB,Hong Kong,APAC,2025-08-27
13708,Hart Inc,Manufacturing,SMB,Serbia,LATAM,2025-08-16
13709,Nelson-Murphy,Retail,Enterprise,United Arab Emirates,APAC,2024-08-07
13710,Young-Boyd,Retail,Enterprise,Suriname,North America,2024-11-23
13711,"Padilla, Morton and Campos",Retail,Enterprise,Ireland,LATAM,2025-03-21
13712,Jones-Howard,Manufacturing,Enterprise,Chile,APAC,2025-05-14
13713,"Fischer, Burke and Nguyen",Manufacturing,Mid-Market,Montenegro,LATAM,2022-07-20
13714,Barnes PLC,Manufacturing,Mid-Market,Togo,LATAM,2023-06-03
13715,"Caldwell, Horn and Dillon",Technology,Mid-Market,Botswana,APAC,2026-03-09
13716,"Griffith, Gomez and Mills",Healthcare,Mid-Market,Anguilla,LATAM,2022-10-21
13717,"Gordon, Little and Martinez",Healthcare,SMB,India,LATAM,2025-12-26
13718,Jordan Ltd,Manufacturing,Enterprise,Mayotte,Europe,2023-05-02
13719,Hernandez LLC,Finance,SMB,Nauru,APAC,2025-06-25
13720,Martin Ltd,Retail,Enterprise,Slovenia,LATAM,2025-04-08
13721,Mcbride-Crawford,Manufacturing,Enterprise,Switzerland,North America,2024-11-11
13722,"Mosley, Jones and Monroe",Technology,SMB,Bahamas,APAC,2024-11-22
13723,"Jones, Cuevas and Church",Healthcare,Enterprise,Lithuania,LATAM,2023-07-16
13724,Jones Ltd,Healthcare,Mid-Market,Dominican Republic,Europe,2023-02-11
13725,"Miller, Christian and Martin",Healthcare,Mid-Market,Niger,Europe,2026-05-21
13726,Salazar Inc,Retail,Mid-Market,Ecuador,North America,2024-04-22
13727,"Brown, Evans and Wheeler",Healthcare,Enterprise,Palestinian Territory,LATAM,2024-01-12
13728,Perry-Johnson,Manufacturing,Mid-Market,Canada,North America,2024-01-06
13729,"Williams, Spears and Cunningham",Healthcare,Enterprise,Colombia,LATAM,2026-03-10
13730,Garcia-Davidson,Manufacturing,SMB,Rwanda,Europe,2024-05-07
13731,Daniels-Barker,Technology,SMB,Saint Vincent and the Grenadines,North America,2023-12-14
13732,Vance Inc,Retail,SMB,Northern Mariana Islands,Europe,2024-07-20
13733,Coleman-Terry,Manufacturing,SMB,Cameroon,APAC,2022-07-24
13734,"Hernandez, Medina and Wright",Manufacturing,SMB,El Salvador,APAC,2026-05-25
13735,"Smith, Holloway and Wells",Finance,SMB,Korea,LATAM,2025-08-09
13736,Cook Inc,Finance,Mid-Market,Cameroon,LATAM,2023-05-13
13737,Roman and Sons,Manufacturing,Enterprise,Ireland,LATAM,2023-11-20
13738,"Cox, Gay and Jenkins",Manufacturing,SMB,Luxembourg,LATAM,2023-11-23
13739,"Ellis, Anderson and Mata",Retail,Mid-Market,Qatar,North America,2024-11-26
13740,Harrison-Joseph,Finance,Mid-Market,Turkmenistan,LATAM,2023-06-27
13741,Lewis-Gordon,Technology,Enterprise,Zimbabwe,APAC,2024-06-22
13742,Bennett-Ali,Manufacturing,SMB,Switzerland,APAC,2025-08-08
13743,"Fox, Parsons and Moore",Healthcare,Enterprise,Reunion,North America,2023-04-03
13744,Cook-Smith,Finance,SMB,Latvia,North America,2023-03-27
13745,Galvan-Walker,Finance,Mid-Market,China,North America,2024-06-21
13746,Ramos PLC,Technology,Enterprise,Uzbekistan,LATAM,2024-02-12
13747,Allen-Riley,Healthcare,Mid-Market,Montenegro,LATAM,2026-02-14
13748,Morris-Hardy,Technology,Enterprise,Trinidad and Tobago,Europe,2025-12-10
13749,Finley and Sons,Healthcare,SMB,Singapore,Europe,2023-04-17
13750,Brown-Sloan,Technology,Mid-Market,Netherlands Antilles,LATAM,2026-05-30
13751,Smith Group,Retail,SMB,Congo,North America,2023-10-04
13752,Parker-Smith,Retail,SMB,Cote d'Ivoire,Europe,2026-02-05
13753,Small-Pierce,Healthcare,Mid-Market,Namibia,APAC,2024-01-22
13754,Murillo-Cole,Finance,Enterprise,Holy See (Vatican City State),Europe,2022-07-17
13755,Mckay-Stewart,Technology,Mid-Market,Guernsey,Europe,2025-12-25
13756,"Day, Hayes and Miller",Technology,SMB,United States Minor Outlying Islands,North America,2023-07-07
13757,Schultz Ltd,Retail,SMB,Norfolk Island,Europe,2023-07-25
13758,"Lowe, Peterson and Proctor",Manufacturing,SMB,Burundi,LATAM,2024-08-24
13759,"Carter, Lee and Garcia",Retail,Mid-Market,Cyprus,North America,2023-03-06
13760,Chapman-Bailey,Technology,Mid-Market,Italy,North America,2023-06-13
13761,"Hardy, Gibson and Smith",Retail,Enterprise,Korea,North America,2025-05-18
13762,"Hansen, Parrish and Douglas",Manufacturing,Mid-Market,Comoros,APAC,2023-09-05
13763,Ortiz Ltd,Finance,Mid-Market,Iraq,North America,2025-01-21
13764,Vargas-Cameron,Retail,SMB,Cuba,LATAM,2025-10-19
13765,"Young, Anderson and Duffy",Finance,SMB,Guadeloupe,Europe,2025-05-04
13766,Mclean and Sons,Technology,Mid-Market,Greece,APAC,2023-06-28
13767,Moore and Sons,Finance,Enterprise,Benin,Europe,2025-04-02
13768,Murphy PLC,Manufacturing,Mid-Market,Saint Pierre and Miquelon,LATAM,2023-12-02
13769,"Cunningham, Greene and Anderson",Manufacturing,Mid-Market,Bosnia and Herzegovina,Europe,2024-12-14
13770,"Wilson, Mitchell and Bush",Technology,Mid-Market,Tanzania,LATAM,2023-12-08
13771,Garcia Group,Finance,Enterprise,Guam,Europe,2025-11-16
13772,Taylor-Carey,Healthcare,Enterprise,Czech Republic,LATAM,2022-09-03
13773,Park-Ray,Healthcare,SMB,Marshall Islands,APAC,2024-07-25
13774,Smith LLC,Technology,Enterprise,Gambia,North America,2023-10-04
13775,Johnson Ltd,Finance,Enterprise,Brazil,APAC,2025-08-21
13776,"Hill, Wilcox and Jennings",Manufacturing,Mid-Market,Burundi,APAC,2024-02-13
13777,Russell-Smith,Retail,SMB,Barbados,Europe,2026-03-02
13778,"Jackson, Torres and Lucas",Retail,SMB,Spain,Europe,2022-07-21
13779,"Lewis, Joseph and Smith",Retail,SMB,Marshall Islands,Europe,2023-08-04
13780,Graves-Clark,Technology,SMB,United Kingdom,LATAM,2026-03-20
13781,Hernandez-Avery,Finance,SMB,Hong Kong,LATAM,2026-03-24
13782,"Rodriguez, Calhoun and Snyder",Finance,SMB,Saint Pierre and Miquelon,North America,2025-06-13
13783,Thomas and Sons,Retail,Mid-Market,United States Minor Outlying Islands,North America,2026-04-22
13784,Rocha-Martin,Healthcare,Enterprise,Reunion,Europe,2023-06-01
13785,"Diaz, Greer and Peters",Retail,Mid-Market,Singapore,Europe,2025-06-19
13786,"Gross, Hall and Riley",Finance,Mid-Market,Georgia,APAC,2024-10-11
13787,Kelly LLC,Manufacturing,SMB,Taiwan,Europe,2022-08-13
13788,Hart-Cortez,Finance,Mid-Market,Tonga,North America,2023-04-28
13789,Lamb Ltd,Technology,SMB,Niger,APAC,2022-07-04
13790,Jensen LLC,Retail,Mid-Market,Lao People's Democratic Republic,APAC,2023-03-21
13791,Dickson-Carson,Technology,Mid-Market,Uzbekistan,APAC,2025-08-01
13792,Mitchell-Noble,Manufacturing,Mid-Market,Mauritius,Europe,2022-08-03
13793,"Barnes, Smith and Gonzales",Healthcare,Mid-Market,Myanmar,North America,2023-01-05
13794,"Austin, Ray and Mitchell",Technology,Enterprise,Mali,Europe,2023-04-02
13795,Smith-Herrera,Healthcare,Mid-Market,United States Virgin Islands,Europe,2025-08-22
13796,"Fernandez, Mason and Haynes",Technology,SMB,Hungary,Europe,2026-02-18
13797,Miller LLC,Finance,Enterprise,Somalia,LATAM,2024-12-01
13798,"Moran, Hampton and Wheeler",Healthcare,Mid-Market,United Arab Emirates,North America,2025-12-15
13799,Baker Ltd,Manufacturing,SMB,Honduras,North America,2024-03-17
13800,Adams-Ross,Finance,Enterprise,Uganda,North America,2024-01-25
13801,Simon and Sons,Finance,SMB,Mauritania,APAC,2022-11-19
13802,Porter-Butler,Finance,Mid-Market,Guam,North America,2026-06-06
13803,"Brown, Hubbard and Marsh",Retail,SMB,Liberia,LATAM,2024-03-29
13804,"Orr, Bradley and Cantu",Retail,Enterprise,Syrian Arab Republic,APAC,2023-03-16
13805,"Hunter, Salazar and Carter",Healthcare,Mid-Market,Moldova,North America,2025-07-02
13806,Garcia-Jordan,Retail,Mid-Market,Morocco,LATAM,2025-01-01
13807,Lambert Inc,Technology,Mid-Market,Syrian Arab Republic,North America,2025-03-26
13808,Walker Inc,Technology,Mid-Market,Malta,APAC,2026-02-13
13809,"Frazier, Andrews and Barnes",Manufacturing,SMB,Canada,APAC,2024-10-02
13810,Wells Group,Finance,SMB,Kenya,APAC,2023-04-21
13811,Johnson Inc,Finance,Mid-Market,Palestinian Territory,APAC,2022-08-06
13812,Smith LLC,Technology,SMB,Brunei Darussalam,North America,2024-04-21
13813,Peterson PLC,Manufacturing,Mid-Market,Ghana,LATAM,2025-01-11
13814,Harris-Perez,Finance,Mid-Market,Singapore,LATAM,2022-09-08
13815,Vega Ltd,Retail,SMB,Turkmenistan,APAC,2022-10-29
13816,"Gonzales, Newton and Lopez",Manufacturing,Mid-Market,Thailand,Europe,2026-02-16
13817,Washington Ltd,Retail,SMB,United States Minor Outlying Islands,APAC,2022-11-11
13818,"Brady, Jones and Martin",Retail,SMB,Dominican Republic,Europe,2024-07-31
13819,Cobb-Chandler,Healthcare,Enterprise,Bahrain,Europe,2023-04-26
13820,"Johnson, Simpson and Baxter",Healthcare,Mid-Market,Bolivia,North America,2026-03-08
13821,Villarreal Ltd,Finance,SMB,Japan,Europe,2024-12-06
13822,Collins Group,Finance,Mid-Market,Belarus,Europe,2023-03-18
13823,Torres Group,Healthcare,Enterprise,Libyan Arab Jamahiriya,North America,2023-04-11
13824,"Rogers, Vargas and Mora",Manufacturing,SMB,Saint Helena,Europe,2024-03-13
13825,"Fletcher, Robinson and Tanner",Technology,Mid-Market,Gambia,North America,2022-08-09
13826,"Banks, Adams and Phillips",Manufacturing,Mid-Market,Syrian Arab Republic,North America,2024-03-17
13827,Wheeler LLC,Finance,Mid-Market,Seychelles,LATAM,2025-05-25
13828,"Gomez, Rodgers and King",Finance,Enterprise,Reunion,APAC,2024-06-20
13829,"Mccoy, Ryan and Bailey",Healthcare,Enterprise,Vietnam,LATAM,2023-08-05
13830,Gordon-King,Retail,Mid-Market,Sweden,LATAM,2025-04-25
13831,Brown PLC,Technology,Mid-Market,Somalia,LATAM,2024-06-07
13832,Leon-Franklin,Finance,Enterprise,Micronesia,Europe,2025-06-28
13833,Murphy-Smith,Manufacturing,SMB,Azerbaijan,APAC,2023-10-12
13834,Fisher-Neal,Retail,SMB,Taiwan,LATAM,2025-01-23
13835,Vance-Gutierrez,Manufacturing,Mid-Market,Saint Helena,APAC,2023-09-27
13836,"Silva, Randall and Ho",Technology,Mid-Market,Netherlands Antilles,LATAM,2023-10-22
13837,Watson PLC,Healthcare,SMB,Puerto Rico,Europe,2024-01-21
13838,"Jones, Moody and Miller",Technology,Mid-Market,Uruguay,LATAM,2023-04-18
13839,Lewis Ltd,Manufacturing,SMB,Turkmenistan,North America,2023-03-03
13840,Thompson-Soto,Healthcare,Enterprise,Togo,North America,2026-06-07
13841,Cooke PLC,Technology,SMB,Mauritius,Europe,2026-05-20
13842,Graham-Stephens,Healthcare,Mid-Market,Nigeria,Europe,2025-01-07
13843,Montoya-Johnson,Technology,Enterprise,Djibouti,North America,2024-02-10
13844,Shaw-Gonzalez,Technology,Enterprise,Sierra Leone,APAC,2023-12-24
13845,"Scott, Mills and Thompson",Manufacturing,Mid-Market,Samoa,LATAM,2025-09-29
13846,Graham-Flores,Technology,SMB,Cocos (Keeling) Islands,Europe,2024-12-21
13847,"Thornton, Lee and Marshall",Technology,SMB,Australia,Europe,2024-03-25
13848,"Ferguson, Miller and Turner",Healthcare,Mid-Market,Niger,APAC,2022-09-06
13849,"Lopez, Nielsen and Jones",Technology,SMB,Uganda,North America,2026-03-12
13850,"Murray, Yoder and Ward",Finance,SMB,Mayotte,North America,2026-02-16
13851,Berry Ltd,Retail,SMB,Marshall Islands,APAC,2024-11-14
13852,Rose-Flores,Retail,Enterprise,Bangladesh,LATAM,2022-06-27
13853,"Cardenas, Short and Mccormick",Healthcare,Mid-Market,France,LATAM,2026-02-13
13854,Navarro-Palmer,Retail,Mid-Market,Poland,LATAM,2023-02-22
13855,Vargas LLC,Technology,SMB,Eritrea,APAC,2026-04-07
13856,Simmons LLC,Retail,Enterprise,Japan,APAC,2026-04-29
13857,Bender LLC,Healthcare,SMB,Saint Barthelemy,LATAM,2023-05-22
13858,Jones LLC,Finance,Enterprise,Lithuania,LATAM,2026-01-18
13859,"Young, Simmons and Wolfe",Manufacturing,Mid-Market,British Virgin Islands,Europe,2022-11-09
13860,"Hale, Butler and Wagner",Manufacturing,Enterprise,Nepal,LATAM,2022-10-23
13861,West-Walters,Technology,Mid-Market,Bolivia,APAC,2023-11-03
13862,Wright-Elliott,Retail,SMB,Zambia,North America,2024-02-08
13863,Kennedy Group,Retail,Enterprise,Seychelles,LATAM,2025-03-25
13864,Baird and Sons,Technology,Enterprise,Afghanistan,North America,2023-02-09
13865,Benson-Jacobs,Finance,Mid-Market,British Indian Ocean Territory (Chagos Archipelago),LATAM,2022-12-17
13866,Mahoney Inc,Retail,Mid-Market,Egypt,North America,2025-10-28
13867,"Phillips, Matthews and Jackson",Finance,SMB,Greece,LATAM,2024-09-20
13868,Burns-Harris,Retail,Enterprise,Belarus,LATAM,2024-04-19
13869,"Lopez, Blackburn and Henson",Healthcare,Enterprise,Marshall Islands,APAC,2025-02-12
13870,Lozano Ltd,Retail,Mid-Market,South Africa,Europe,2024-05-09
13871,Wheeler Group,Technology,SMB,Saudi Arabia,LATAM,2026-01-31
13872,Snyder Ltd,Healthcare,Enterprise,Singapore,LATAM,2026-02-04
13873,Jacobson and Sons,Manufacturing,Mid-Market,Austria,APAC,2023-12-10
13874,"Yang, Moore and Campbell",Finance,SMB,Congo,Europe,2024-11-17
13875,Brown-Miller,Finance,Enterprise,Niue,Europe,2025-03-18
13876,"Clark, Romero and Morgan",Healthcare,Enterprise,Tajikistan,LATAM,2024-04-23
13877,Miller-Holland,Healthcare,Enterprise,Hong Kong,LATAM,2026-01-30
13878,"Leonard, Brady and Zimmerman",Retail,Enterprise,Germany,APAC,2023-08-12
13879,Williams Inc,Manufacturing,Mid-Market,Cameroon,LATAM,2024-06-06
13880,"Mitchell, Rodriguez and Matthews",Technology,SMB,Norway,North America,2025-11-13
13881,"Smith, Blake and Hernandez",Retail,Mid-Market,Sudan,APAC,2024-10-13
13882,"Soto, Gonzalez and Graves",Retail,Mid-Market,Anguilla,LATAM,2024-08-25
13883,Frey-Mitchell,Healthcare,Enterprise,Switzerland,Europe,2022-12-17
13884,"Hernandez, Mckenzie and Garcia",Manufacturing,Mid-Market,Kuwait,LATAM,2024-07-15
13885,Bush-Contreras,Manufacturing,Mid-Market,San Marino,Europe,2025-03-18
13886,"Ellis, Kim and Mercer",Healthcare,SMB,Eritrea,LATAM,2022-08-04
13887,Vazquez Group,Healthcare,Enterprise,American Samoa,Europe,2025-10-11
13888,"Lee, Brooks and Rogers",Retail,Mid-Market,Cuba,Europe,2025-11-29
13889,"Robinson, Coleman and Garcia",Manufacturing,Enterprise,Maldives,Europe,2025-07-20
13890,"Gallagher, Medina and Rice",Healthcare,Enterprise,Tajikistan,North America,2023-04-25
13891,"Taylor, Atkins and Watson",Finance,SMB,Ukraine,APAC,2024-08-11
13892,Tate-Gonzales,Finance,SMB,Greece,Europe,2022-11-01
13893,"Munoz, Kelley and Martin",Retail,Mid-Market,Gambia,APAC,2023-09-03
13894,"Sims, Mckinney and Sanchez",Manufacturing,Enterprise,Pakistan,APAC,2023-04-13
13895,Thomas-Lindsey,Manufacturing,Enterprise,Bulgaria,Europe,2024-01-08
13896,Mueller-Terrell,Retail,SMB,Gabon,North America,2024-02-14
13897,Stephenson LLC,Finance,Enterprise,Dominican Republic,APAC,2023-03-31
13898,Dodson-Hill,Retail,Enterprise,Guinea-Bissau,Europe,2025-10-15
13899,Hall-Green,Healthcare,Mid-Market,Pakistan,North America,2024-02-12
13900,Cook Inc,Technology,SMB,New Caledonia,Europe,2026-02-04
13901,Martinez-Evans,Manufacturing,Mid-Market,Jordan,Europe,2025-04-20
13902,Dennis-Harrison,Healthcare,Enterprise,Albania,North America,2025-08-15
13903,Williams Inc,Retail,Enterprise,San Marino,LATAM,2026-02-01
13904,Keller PLC,Finance,Enterprise,Kuwait,Europe,2025-04-28
13905,Perez Inc,Retail,SMB,Niger,North America,2023-09-02
13906,Hudson-Moore,Finance,Mid-Market,Niger,LATAM,2023-03-18
13907,Hawkins Inc,Finance,SMB,Uganda,LATAM,2023-03-06
13908,Castillo LLC,Healthcare,Mid-Market,Saint Vincent and the Grenadines,Europe,2024-12-24
13909,"Christensen, Williams and Greene",Manufacturing,Mid-Market,French Southern Territories,North America,2023-01-14
13910,"Gray, Stewart and Zuniga",Manufacturing,Enterprise,Saint Barthelemy,North America,2023-01-01
13911,Morris-Clark,Healthcare,SMB,Iceland,Europe,2025-02-23
13912,Orr-Salazar,Healthcare,SMB,French Southern Territories,LATAM,2025-04-12
13913,Glover-Houston,Finance,SMB,Portugal,APAC,2025-03-13
13914,Barnes and Sons,Retail,Mid-Market,South Georgia and the South Sandwich Islands,APAC,2025-08-18
13915,"Rocha, Ramos and Russell",Retail,Mid-Market,Serbia,APAC,2022-10-17
13916,Friedman PLC,Retail,Mid-Market,United Kingdom,Europe,2024-08-15
13917,Jones Ltd,Retail,SMB,Malaysia,North America,2022-09-28
13918,Gonzalez-French,Finance,Mid-Market,Niue,Europe,2024-08-14
13919,Moreno Group,Healthcare,Mid-Market,Saint Barthelemy,Europe,2025-11-03
13920,"Myers, Wallace and Thompson",Finance,Enterprise,Azerbaijan,North America,2022-10-10
13921,Bradford-James,Healthcare,Mid-Market,Mauritania,Europe,2026-05-12
13922,Smith LLC,Technology,Enterprise,Madagascar,North America,2024-08-29
13923,Day-Johnson,Manufacturing,Mid-Market,Ireland,LATAM,2022-11-23
13924,"Griffin, Cobb and West",Technology,Mid-Market,Montenegro,Europe,2024-09-23
13925,Hester-Rogers,Manufacturing,Enterprise,Hong Kong,APAC,2023-05-23
13926,Dickerson LLC,Finance,Enterprise,American Samoa,North America,2025-08-05
13927,Anderson PLC,Retail,SMB,Lebanon,LATAM,2022-11-15
13928,"Sawyer, Melendez and Choi",Technology,SMB,Bangladesh,North America,2024-10-08
13929,Mitchell Ltd,Retail,Enterprise,Egypt,LATAM,2023-10-12
13930,"Martinez, Walter and Parker",Manufacturing,SMB,Liechtenstein,Europe,2024-05-23
13931,"Jensen, Reese and Hughes",Manufacturing,Enterprise,Equatorial Guinea,LATAM,2024-08-01
13932,Benson Inc,Healthcare,SMB,Turkmenistan,Europe,2023-04-15
13933,Rodriguez-Moore,Finance,Mid-Market,Pitcairn Islands,Europe,2026-02-20
13934,"English, Smith and Nelson",Finance,Mid-Market,Turkey,LATAM,2025-03-29
13935,"Perry, Oconnor and Bartlett",Healthcare,SMB,Oman,Europe,2025-11-03
13936,"Johnson, Mcdowell and Fox",Finance,Mid-Market,French Guiana,North America,2023-06-25
13937,Willis-Freeman,Finance,SMB,Cameroon,APAC,2024-07-30
13938,"Kramer, Huff and Holland",Manufacturing,SMB,North Macedonia,Europe,2025-09-02
13939,Gibbs and Sons,Retail,Enterprise,Cambodia,APAC,2022-07-08
13940,Morrison Inc,Technology,Mid-Market,Qatar,LATAM,2023-06-14
13941,"Black, Chen and Gonzalez",Technology,Enterprise,Saint Barthelemy,LATAM,2024-05-16
13942,Perez-Miller,Healthcare,Mid-Market,Hong Kong,APAC,2026-05-16
13943,Odonnell Group,Technology,SMB,Uruguay,North America,2025-11-26
13944,"Soto, Johnson and Holder",Technology,SMB,Australia,Europe,2023-04-04
13945,Rose-Peterson,Finance,Mid-Market,Hungary,APAC,2025-08-17
13946,Martin-Thompson,Technology,Mid-Market,Mauritius,North America,2023-08-28
13947,Avila-Flores,Technology,SMB,Kazakhstan,North America,2022-10-31
13948,"Vega, Haley and Stanley",Retail,Enterprise,Brazil,North America,2022-10-05
13949,"Davis, Scott and Richards",Finance,Enterprise,Norway,Europe,2025-02-14
13950,Phelps Group,Healthcare,SMB,Mongolia,North America,2022-06-17
13951,Ramos Inc,Healthcare,Mid-Market,Tanzania,LATAM,2025-07-30
13952,Phillips LLC,Finance,SMB,Nepal,North America,2025-01-11
13953,Williams PLC,Finance,Enterprise,Bahrain,North America,2026-02-15
13954,Golden-Li,Finance,SMB,Belize,North America,2024-11-01
13955,"Hunter, Hernandez and Norton",Retail,Enterprise,Botswana,North America,2024-12-25
13956,Reed Group,Finance,SMB,Norway,North America,2025-12-25
13957,Cruz-Ellis,Manufacturing,Enterprise,Nepal,APAC,2024-09-14
13958,"Fowler, Cantu and Downs",Technology,Enterprise,Seychelles,North America,2026-06-03
13959,"Brown, Terry and Long",Technology,SMB,Bermuda,LATAM,2024-08-28
13960,Stevens-Levine,Retail,Mid-Market,Suriname,LATAM,2025-01-15
13961,Jordan-Hood,Technology,SMB,Saint Martin,North America,2026-04-15
13962,Cunningham-Shepard,Retail,Mid-Market,Mongolia,North America,2023-09-06
13963,Garrett LLC,Technology,Enterprise,Korea,North America,2024-07-07
13964,Brown-Copeland,Technology,Enterprise,France,North America,2023-04-04
13965,Goodman PLC,Finance,Enterprise,Botswana,APAC,2022-06-09
13966,Flores-Powell,Retail,Mid-Market,Dominica,APAC,2024-08-01
13967,Thomas LLC,Manufacturing,SMB,Tonga,North America,2025-10-03
13968,Gallegos-Wright,Healthcare,Mid-Market,Anguilla,APAC,2024-12-03
13969,"Stevenson, Chambers and Davis",Manufacturing,Enterprise,Gabon,APAC,2023-12-17
13970,Jefferson and Sons,Retail,Mid-Market,Syrian Arab Republic,APAC,2023-08-05
13971,"Vaughn, Mora and Jordan",Finance,Enterprise,Lesotho,LATAM,2023-09-18
13972,Burns-Cox,Healthcare,Mid-Market,Sierra Leone,LATAM,2025-07-14
13973,"Nelson, Randolph and Mills",Technology,Enterprise,Korea,LATAM,2025-06-05
13974,Hudson-Christensen,Manufacturing,SMB,Algeria,APAC,2025-07-19
13975,"Torres, Lee and Jones",Technology,SMB,Afghanistan,North America,2023-12-19
13976,Marsh-Pearson,Manufacturing,Enterprise,Heard Island and McDonald Islands,APAC,2025-01-04
13977,"Wilson, Bond and Allen",Finance,SMB,Denmark,LATAM,2023-10-27
13978,"Morgan, Holmes and Mcconnell",Retail,Mid-Market,Netherlands,North America,2023-01-21
13979,Bates-Andrews,Technology,Enterprise,Cook Islands,North America,2023-06-20
13980,Smith-Roberson,Technology,SMB,Palestinian Territory,North America,2022-12-28
13981,"Diaz, Turner and Reid",Healthcare,Mid-Market,Tanzania,North America,2023-08-13
13982,Rodriguez-Fritz,Healthcare,SMB,Australia,LATAM,2024-06-06
13983,"Fischer, Hayes and Mccarty",Manufacturing,Enterprise,El Salvador,Europe,2022-12-21
13984,Gardner PLC,Healthcare,Enterprise,United States Virgin Islands,LATAM,2023-06-04
13985,"Robertson, Doyle and French",Technology,Mid-Market,Congo,Europe,2025-02-06
13986,Anderson-Mckee,Healthcare,Mid-Market,Equatorial Guinea,LATAM,2024-02-17
13987,Meyers-Oneal,Manufacturing,Mid-Market,Denmark,APAC,2022-12-04
13988,Mclaughlin-Barnett,Finance,Mid-Market,Mexico,APAC,2023-11-28
13989,"Lee, Jones and Goodman",Manufacturing,Enterprise,Djibouti,Europe,2023-10-31
13990,"Lang, Guzman and Rich",Finance,Mid-Market,Micronesia,LATAM,2025-03-10
13991,Lewis-Warren,Healthcare,SMB,Niue,LATAM,2023-01-23
13992,"Smith, Duffy and Spence",Technology,Enterprise,Cayman Islands,APAC,2026-03-23
13993,Gonzalez Inc,Technology,Enterprise,Equatorial Guinea,LATAM,2026-03-10
13994,"Chavez, Jackson and Odom",Manufacturing,Mid-Market,French Guiana,Europe,2025-02-12
13995,"Herman, Bryant and Caldwell",Finance,Enterprise,Dominica,LATAM,2025-03-06
13996,Edwards-Matthews,Retail,Enterprise,Finland,LATAM,2025-04-11
13997,Baker PLC,Healthcare,Mid-Market,French Polynesia,Europe,2023-08-09
13998,Martin-Reeves,Manufacturing,SMB,Holy See (Vatican City State),Europe,2025-04-28
13999,Frazier and Sons,Technology,Mid-Market,Singapore,Europe,2022-06-30
14000,Washington-Adams,Manufacturing,SMB,Philippines,APAC,2024-08-16
14001,Jones-Fisher,Finance,Mid-Market,Somalia,APAC,2024-12-22
14002,"Rocha, Jackson and Terry",Retail,SMB,Singapore,Europe,2023-05-10
14003,Preston Ltd,Manufacturing,Mid-Market,Dominica,North America,2023-03-16
14004,"Sawyer, Sosa and Allen",Technology,Enterprise,Heard Island and McDonald Islands,LATAM,2026-02-23
14005,Miller-Hale,Technology,SMB,Gambia,LATAM,2025-01-13
14006,Baker PLC,Retail,SMB,Christmas Island,North America,2023-11-06
14007,"Sanders, Davis and Jenkins",Retail,Mid-Market,Belize,APAC,2024-12-23
14008,Hernandez-Marshall,Healthcare,Enterprise,Pakistan,Europe,2025-02-09
14009,Todd-Barnett,Retail,SMB,Ukraine,North America,2025-08-04
14010,Gonzales LLC,Finance,SMB,Tuvalu,LATAM,2023-08-04
14011,Rodriguez-King,Healthcare,Mid-Market,Gabon,LATAM,2025-09-25
14012,"Boyd, Wiggins and Jones",Healthcare,Enterprise,Saint Vincent and the Grenadines,APAC,2023-04-08
14013,Sawyer and Sons,Retail,Enterprise,Switzerland,Europe,2025-06-30
14014,"Nguyen, Pope and Anderson",Retail,SMB,Poland,LATAM,2026-05-04
14015,"Hubbard, Martinez and Page",Finance,Enterprise,United States of America,APAC,2025-11-30
14016,Williams-Jennings,Finance,SMB,Montserrat,LATAM,2023-12-23
14017,Haynes-Watkins,Retail,SMB,Monaco,North America,2025-04-13
14018,"Martinez, Kelly and Thornton",Retail,Enterprise,Central African Republic,APAC,2025-03-10
14019,Vargas Inc,Healthcare,Mid-Market,Gambia,LATAM,2026-01-10
14020,"Cameron, Paul and Moore",Technology,Mid-Market,United States Virgin Islands,LATAM,2024-07-27
14021,"Ford, Kelly and Thompson",Manufacturing,Enterprise,Ghana,APAC,2022-11-04
14022,Lawson LLC,Manufacturing,SMB,Niger,Europe,2023-11-09
14023,Lam Ltd,Technology,SMB,Palau,North America,2023-07-18
14024,Wallace Inc,Retail,Mid-Market,Estonia,Europe,2024-12-29
14025,"Terry, Collins and Marsh",Healthcare,SMB,Malawi,Europe,2024-11-03
14026,Suarez Inc,Retail,Enterprise,Bahamas,Europe,2024-06-25
14027,Mcknight Group,Finance,Enterprise,Korea,LATAM,2023-08-17
14028,Brown-Jones,Technology,Enterprise,Israel,LATAM,2025-08-27
14029,White-White,Manufacturing,SMB,Barbados,LATAM,2025-10-26
14030,"Williams, Hernandez and Cook",Healthcare,Enterprise,Congo,LATAM,2022-07-28
14031,Scott Inc,Retail,Mid-Market,Spain,LATAM,2024-07-20
14032,Singleton and Sons,Finance,Enterprise,Afghanistan,Europe,2024-11-15
14033,Conway Group,Finance,SMB,Korea,Europe,2023-07-25
14034,Kerr-Ingram,Retail,Enterprise,Chad,Europe,2022-06-26
14035,"Jones, Ferrell and Coffey",Healthcare,SMB,Christmas Island,APAC,2023-08-14
14036,"Weaver, Hoffman and Simon",Finance,SMB,Liberia,Europe,2023-11-10
14037,Donovan-Williams,Healthcare,Mid-Market,Guatemala,North America,2025-09-11
14038,Romero-Shelton,Retail,SMB,Martinique,Europe,2025-12-04
14039,Norris-Harris,Finance,Enterprise,Trinidad and Tobago,North America,2024-07-18
14040,"Boyd, Martin and Rodriguez",Retail,SMB,Reunion,APAC,2023-05-16
14041,"Hicks, Douglas and Boyer",Retail,SMB,Tokelau,APAC,2024-05-11
14042,Nguyen-Norton,Technology,Mid-Market,Namibia,APAC,2022-12-03
14043,Gibbs-Carter,Retail,Mid-Market,Norway,LATAM,2025-07-19
14044,Douglas-Obrien,Healthcare,Mid-Market,Chile,LATAM,2026-04-27
14045,"Pennington, Brown and Fleming",Technology,SMB,Montenegro,North America,2025-07-16
14046,"Jackson, Oconnell and Stewart",Technology,SMB,Saint Helena,LATAM,2023-02-02
14047,"Smith, Smith and Williamson",Technology,SMB,Mozambique,Europe,2024-06-23
14048,Turner Ltd,Retail,Mid-Market,British Indian Ocean Territory (Chagos Archipelago),LATAM,2023-02-12
14049,Lambert Group,Technology,SMB,Brunei Darussalam,North America,2023-10-24
14050,Underwood-Howe,Technology,Mid-Market,Saint Lucia,North America,2023-01-07
14051,Obrien-Clayton,Finance,Enterprise,Cook Islands,APAC,2025-12-27
14052,Alvarez-Reynolds,Finance,Enterprise,Iceland,LATAM,2023-01-19
14053,Anderson Inc,Retail,Mid-Market,Peru,Europe,2026-04-22
14054,Faulkner PLC,Technology,SMB,Albania,North America,2023-12-27
14055,Moore Inc,Retail,Enterprise,Chile,LATAM,2026-02-25
14056,"Steele, Moore and Torres",Finance,Mid-Market,Kyrgyz Republic,Europe,2022-12-23
14057,Young-Miles,Technology,Mid-Market,Hong Kong,LATAM,2023-02-19
14058,"Savage, Mccoy and Gentry",Healthcare,Enterprise,Slovakia (Slovak Republic),North America,2024-07-13
14059,"Hernandez, Jacobs and Carroll",Finance,Enterprise,Philippines,LATAM,2025-03-26
14060,Peters PLC,Retail,SMB,Tunisia,LATAM,2023-07-10
14061,"Gonzales, Vang and Marshall",Finance,Enterprise,Afghanistan,North America,2023-07-09
14062,"Graham, Coleman and Estrada",Technology,Enterprise,Lesotho,LATAM,2025-06-12
14063,Grant-Richards,Retail,Mid-Market,Morocco,APAC,2023-07-23
14064,Hubbard-Watson,Finance,SMB,Netherlands Antilles,APAC,2024-03-20
14065,White LLC,Technology,Mid-Market,Central African Republic,LATAM,2026-02-26
14066,Chen-Williams,Finance,Mid-Market,Portugal,North America,2026-02-07
14067,"Luna, Walters and Fitzgerald",Finance,SMB,British Indian Ocean Territory (Chagos Archipelago),APAC,2023-05-18
14068,Lewis-Watson,Technology,SMB,Mozambique,APAC,2023-09-28
14069,Barron-Murray,Finance,SMB,Ukraine,North America,2025-10-06
14070,Baker Group,Retail,Enterprise,Tonga,Europe,2022-11-09
14071,"Beck, Thomas and Ramirez",Retail,SMB,Eritrea,APAC,2024-01-21
14072,Luna-Jones,Finance,Enterprise,Seychelles,APAC,2025-01-05
14073,Harris-Thomas,Technology,SMB,Kyrgyz Republic,APAC,2023-05-04
14074,"Clark, Good and Clark",Finance,Enterprise,Latvia,Europe,2026-01-28
14075,Williams-Randall,Retail,Mid-Market,Niger,Europe,2022-10-24
14076,Dillon-Hall,Healthcare,Enterprise,India,LATAM,2024-02-22
14077,"Fisher, Wu and King",Finance,SMB,Palau,North America,2026-02-03
14078,Heath PLC,Retail,Mid-Market,Mauritania,APAC,2023-08-27
14079,"Horton, Walton and Johnson",Finance,SMB,Antigua and Barbuda,LATAM,2024-04-30
14080,Hernandez LLC,Technology,Enterprise,Benin,Europe,2024-10-13
14081,Gould-Roberts,Finance,Enterprise,United Arab Emirates,Europe,2023-11-20
14082,Chandler Group,Finance,Mid-Market,Gambia,LATAM,2025-09-11
14083,Gordon Group,Finance,SMB,Svalbard & Jan Mayen Islands,APAC,2026-05-13
14084,Gordon PLC,Healthcare,SMB,Venezuela,LATAM,2024-02-29
14085,Floyd and Sons,Technology,SMB,Guam,APAC,2025-08-11
14086,"Phillips, Short and Cummings",Manufacturing,SMB,Nauru,LATAM,2025-12-04
14087,Ward-Smith,Finance,Enterprise,Haiti,APAC,2026-01-16
14088,Gutierrez Group,Healthcare,SMB,Nepal,APAC,2023-07-10
14089,Luna LLC,Finance,Enterprise,Saint Kitts and Nevis,APAC,2024-01-23
14090,"Evans, Walker and Obrien",Manufacturing,SMB,Mali,LATAM,2023-09-03
14091,"Lyons, Rojas and Nguyen",Finance,Enterprise,United States Virgin Islands,LATAM,2026-02-02
14092,"Franco, Hubbard and Williams",Finance,Enterprise,Cote d'Ivoire,North America,2025-05-25
14093,Davis Group,Technology,Mid-Market,Panama,Europe,2025-03-12
14094,Bryant-Frank,Retail,SMB,Morocco,Europe,2022-06-21
14095,Moore-Phillips,Technology,Mid-Market,Bahamas,North America,2026-02-02
14096,Cunningham LLC,Healthcare,SMB,Vietnam,LATAM,2022-12-19
14097,Nguyen-Bradley,Healthcare,Mid-Market,Azerbaijan,Europe,2024-05-24
14098,Smith-Garcia,Technology,SMB,Samoa,Europe,2022-09-24
14099,Gibson-Simpson,Technology,Mid-Market,Oman,North America,2023-05-22
14100,"French, Finley and Olson",Manufacturing,Enterprise,Eritrea,North America,2024-11-05
14101,Sheppard Ltd,Healthcare,Enterprise,Guinea-Bissau,Europe,2022-09-08
14102,"Gaines, Sanders and Young",Manufacturing,Mid-Market,Wallis and Futuna,North America,2025-04-10
14103,Leonard-James,Finance,SMB,Montserrat,LATAM,2025-06-13
14104,Frederick Inc,Finance,SMB,Zimbabwe,North America,2023-03-18
14105,Simmons-Allen,Manufacturing,Enterprise,Uzbekistan,North America,2023-12-07
14106,West-Kelly,Retail,Enterprise,Saudi Arabia,APAC,2025-09-15
14107,White LLC,Retail,Enterprise,Algeria,APAC,2024-04-03
14108,Moreno-Taylor,Healthcare,SMB,Romania,APAC,2023-08-16
14109,Cardenas Group,Manufacturing,Enterprise,Switzerland,North America,2024-05-16
14110,Colon LLC,Technology,Mid-Market,Pitcairn Islands,APAC,2023-12-29
14111,Murray-Miller,Manufacturing,SMB,Swaziland,APAC,2025-05-28
14112,"Miller, Rogers and Ramos",Technology,SMB,Cayman Islands,North America,2025-10-11
14113,Wilson-Bailey,Manufacturing,Enterprise,Faroe Islands,Europe,2026-05-04
14114,Bird PLC,Manufacturing,SMB,Grenada,Europe,2025-09-09
14115,White Ltd,Technology,Enterprise,Belarus,North America,2025-06-10
14116,"Sanders, Rodgers and Castro",Healthcare,SMB,Haiti,North America,2024-03-15
14117,Parker-Hopkins,Retail,Mid-Market,North Macedonia,APAC,2025-06-11
14118,Williams Ltd,Technology,Enterprise,Dominica,North America,2023-07-29
14119,"Davidson, Aguilar and Acevedo",Technology,SMB,Denmark,APAC,2023-04-10
14120,"Contreras, Sanchez and Liu",Healthcare,Mid-Market,Marshall Islands,APAC,2023-10-28
14121,"Rose, Carter and Santos",Manufacturing,SMB,Namibia,LATAM,2024-09-03
14122,"Mcdonald, Fuentes and Gray",Retail,SMB,Switzerland,Europe,2025-12-04
14123,Riley-Sandoval,Healthcare,Enterprise,Ethiopia,APAC,2025-10-19
14124,"Lopez, Humphrey and Sellers",Retail,Enterprise,Japan,North America,2022-08-29
14125,"Monroe, Jennings and Conway",Retail,Mid-Market,Brazil,LATAM,2022-12-13
14126,Perez Ltd,Healthcare,Mid-Market,Malawi,APAC,2025-11-08
14127,"Thompson, Bush and Delgado",Healthcare,Mid-Market,Aruba,North America,2026-03-25
14128,Kelly Inc,Technology,SMB,Suriname,APAC,2023-11-24
14129,"Camacho, Scott and Williams",Finance,Mid-Market,Anguilla,APAC,2023-10-10
14130,Wright-Rogers,Healthcare,SMB,Gibraltar,North America,2024-06-22
14131,Hill and Sons,Manufacturing,Mid-Market,Czech Republic,LATAM,2025-05-25
14132,Webb Ltd,Technology,Enterprise,China,LATAM,2022-08-26
14133,"Davis, Garcia and Nguyen",Technology,Enterprise,Malawi,North America,2022-12-18
14134,Payne and Sons,Finance,Mid-Market,Romania,Europe,2022-06-16
14135,Hobbs LLC,Technology,SMB,Nepal,LATAM,2025-08-07
14136,Turner-Castillo,Retail,Mid-Market,Bouvet Island (Bouvetoya),LATAM,2023-07-19
14137,Williams-Mcneil,Healthcare,Mid-Market,Brunei Darussalam,North America,2022-10-22
14138,"Richards, Mcintyre and Davis",Manufacturing,Enterprise,Iran,North America,2023-10-16
14139,Myers-Porter,Healthcare,SMB,Samoa,Europe,2024-08-22
14140,Douglas-Arnold,Technology,Enterprise,Greece,North America,2023-12-06
14141,Roberts LLC,Technology,SMB,Panama,APAC,2024-06-14
14142,Warner-Burns,Retail,SMB,Lao People's Democratic Republic,LATAM,2025-06-17
14143,Taylor-Williams,Manufacturing,SMB,Bangladesh,Europe,2022-08-24
14144,Murphy-Cantrell,Manufacturing,SMB,Trinidad and Tobago,Europe,2022-07-30
14145,Potter-Reed,Healthcare,SMB,Namibia,North America,2022-08-01
14146,Spears-Anderson,Manufacturing,SMB,El Salvador,North America,2023-09-21
14147,Sims Inc,Healthcare,Enterprise,Cuba,North America,2025-08-08
14148,Graham Group,Manufacturing,Mid-Market,Swaziland,APAC,2023-01-03
14149,Hall-Bullock,Technology,Mid-Market,Czech Republic,Europe,2026-03-03
14150,Bryant-Nelson,Retail,SMB,Botswana,LATAM,2024-01-01
14151,Tucker Group,Healthcare,Enterprise,Malta,APAC,2024-07-31
14152,Herring Ltd,Retail,Enterprise,Bulgaria,LATAM,2023-12-30
14153,Singleton Inc,Finance,SMB,Yemen,LATAM,2025-08-08
14154,"Woods, Watson and Gibbs",Manufacturing,SMB,Sudan,LATAM,2023-02-16
14155,Davis-Morales,Finance,Enterprise,Tuvalu,Europe,2025-10-06
14156,"Martin, Henderson and Williams",Healthcare,SMB,Albania,LATAM,2022-10-30
14157,Rodriguez Group,Retail,SMB,Niger,North America,2025-02-28
14158,Bowen-Farmer,Healthcare,Mid-Market,Saint Pierre and Miquelon,LATAM,2024-11-04
14159,"Andrade, Woodard and Johnson",Healthcare,Mid-Market,Tonga,North America,2025-06-28
14160,Murillo LLC,Technology,SMB,Mongolia,LATAM,2022-12-16
14161,Long-Kelley,Manufacturing,Mid-Market,France,North America,2022-07-17
14162,"Braun, Chambers and Macdonald",Technology,SMB,Cameroon,Europe,2024-03-31
14163,Villanueva-Moore,Finance,Enterprise,Antigua and Barbuda,Europe,2026-03-23
14164,Young Ltd,Healthcare,Enterprise,Jamaica,LATAM,2024-10-01
14165,Hill-Cole,Technology,Enterprise,British Virgin Islands,North America,2022-12-23
14166,Watkins Ltd,Retail,Enterprise,Netherlands,Europe,2025-05-31
14167,"Wood, Price and Carroll",Retail,Mid-Market,Switzerland,LATAM,2024-04-05
14168,"Dickson, Ramos and Baker",Manufacturing,Mid-Market,Madagascar,APAC,2025-06-07
14169,Lawson Inc,Healthcare,Enterprise,Malaysia,Europe,2025-01-12
14170,Webster Group,Manufacturing,Mid-Market,Martinique,Europe,2022-10-11
14171,Mills-Holder,Technology,Enterprise,Italy,Europe,2022-08-08
14172,White Inc,Retail,Mid-Market,Jamaica,LATAM,2023-07-14
14173,"Watkins, Owens and Glenn",Retail,Mid-Market,Greenland,LATAM,2023-10-23
14174,Flores-Moore,Retail,SMB,Chile,North America,2023-10-15
14175,Vazquez and Sons,Manufacturing,SMB,Western Sahara,LATAM,2024-03-05
14176,Holden LLC,Retail,Enterprise,Namibia,North America,2025-08-03
14177,Walton-Taylor,Manufacturing,SMB,Gabon,LATAM,2022-11-22
14178,"Ellis, Murray and Salazar",Finance,Mid-Market,Sudan,North America,2025-09-26
14179,"Little, Guzman and Harvey",Technology,Mid-Market,Cote d'Ivoire,LATAM,2026-01-12
14180,"Hodge, Moore and Foley",Manufacturing,SMB,Benin,APAC,2025-03-19
14181,Davis Group,Healthcare,Enterprise,Saint Barthelemy,LATAM,2026-02-02
14182,Clark LLC,Manufacturing,Enterprise,Cyprus,North America,2022-10-17
14183,"Martin, George and Anderson",Technology,SMB,Christmas Island,APAC,2026-01-24
14184,Anderson PLC,Retail,SMB,Saint Vincent and the Grenadines,APAC,2025-05-05
14185,Gaines-King,Healthcare,Mid-Market,United States Minor Outlying Islands,North America,2023-08-14
14186,Stark-Weeks,Finance,Enterprise,Sweden,LATAM,2025-07-15
14187,Wells-Villa,Manufacturing,Mid-Market,Moldova,LATAM,2025-06-24
14188,"Mcmillan, Day and Mitchell",Finance,Enterprise,Kuwait,North America,2025-01-08
14189,Salazar Inc,Finance,SMB,Kenya,LATAM,2024-03-30
14190,Miller-Mcconnell,Finance,SMB,Brunei Darussalam,Europe,2022-10-26
14191,"Lozano, Brown and White",Retail,SMB,Guinea,APAC,2024-06-07
14192,Olsen-Sharp,Retail,Mid-Market,Zimbabwe,North America,2025-01-15
14193,Steele Inc,Retail,SMB,Vietnam,North America,2023-08-20
14194,Knight-Smith,Retail,SMB,Chile,North America,2024-07-04
14195,Roy PLC,Retail,Mid-Market,Poland,North America,2023-09-08
14196,"Wagner, Moore and Herman",Healthcare,SMB,Madagascar,LATAM,2025-05-16
14197,Martinez-Palmer,Retail,Enterprise,Oman,APAC,2025-06-10
14198,Matthews-Clay,Manufacturing,Enterprise,New Zealand,Europe,2022-12-17
14199,Lam-Pratt,Finance,Mid-Market,United Arab Emirates,LATAM,2024-09-05
14200,"Parker, Peterson and Smith",Retail,Mid-Market,Senegal,APAC,2023-12-12
14201,Kaufman-Vargas,Retail,Enterprise,Northern Mariana Islands,Europe,2024-01-10
14202,"Young, Baxter and White",Finance,Enterprise,Uganda,LATAM,2025-02-24
14203,Vaughn-Martinez,Retail,Enterprise,Switzerland,APAC,2024-02-09
14204,"Marsh, Chapman and Page",Healthcare,Mid-Market,Haiti,North America,2026-03-17
14205,Gray-Murphy,Healthcare,Enterprise,Equatorial Guinea,Europe,2022-12-27
14206,Hernandez LLC,Finance,Mid-Market,Saint Lucia,APAC,2022-11-23
14207,"Glass, Smith and Jones",Retail,Mid-Market,South Africa,APAC,2024-02-11
14208,Meyer LLC,Technology,SMB,Reunion,Europe,2023-09-08
14209,Long PLC,Technology,Enterprise,Madagascar,Europe,2024-07-14
14210,"Moody, Lutz and Perry",Manufacturing,Mid-Market,Guinea,Europe,2024-07-27
14211,Tanner-Reynolds,Technology,SMB,Saint Vincent and the Grenadines,APAC,2025-04-25
14212,"Stokes, Rogers and Torres",Technology,Enterprise,French Southern Territories,APAC,2023-09-09
14213,"Dixon, Wong and Kerr",Manufacturing,SMB,Norway,Europe,2025-11-20
14214,Alvarez Group,Manufacturing,Enterprise,Saint Martin,APAC,2025-04-14
14215,"Davis, Miller and Parks",Manufacturing,SMB,Pakistan,LATAM,2024-04-23
14216,Smith and Sons,Manufacturing,Mid-Market,Burundi,LATAM,2022-07-04
14217,"Spears, Thornton and Morgan",Healthcare,SMB,Jersey,APAC,2026-05-01
14218,"Berry, Johnson and Bryant",Technology,Mid-Market,Belarus,North America,2024-01-14
14219,Stevens Group,Healthcare,SMB,Guinea,North America,2022-12-31
14220,"Allison, Robinson and Martinez",Healthcare,SMB,Benin,Europe,2025-08-14
14221,"Mercer, Singh and Long",Manufacturing,SMB,Tanzania,LATAM,2025-09-15
14222,Liu-Sutton,Technology,Enterprise,Bhutan,North America,2023-05-07
14223,Hess-Goodman,Manufacturing,Mid-Market,Bosnia and Herzegovina,Europe,2024-01-13
14224,Gray Inc,Healthcare,SMB,Mauritania,LATAM,2023-11-20
14225,Harris PLC,Technology,Enterprise,United Arab Emirates,Europe,2024-08-15
14226,Wilson-Nichols,Healthcare,Mid-Market,Monaco,North America,2025-08-04
14227,Taylor-Miranda,Technology,SMB,Colombia,Europe,2024-11-14
14228,Flores-Bautista,Technology,Mid-Market,Seychelles,LATAM,2026-03-15
14229,"Howard, Stafford and Graham",Retail,SMB,Colombia,LATAM,2022-12-02
14230,"Durham, Bell and Reyes",Healthcare,Mid-Market,Chile,LATAM,2025-08-08
14231,Green-Carroll,Technology,SMB,United States Virgin Islands,North America,2023-12-09
14232,Rose Ltd,Finance,Enterprise,Oman,APAC,2022-07-09
14233,Ali-Joyce,Manufacturing,Enterprise,Palestinian Territory,Europe,2025-05-30
14234,Powers Group,Healthcare,Enterprise,Croatia,LATAM,2022-10-07
14235,"Moore, Allen and Sawyer",Manufacturing,Mid-Market,Solomon Islands,LATAM,2024-07-02
14236,Mcbride-Becker,Finance,SMB,Saint Pierre and Miquelon,LATAM,2023-05-02
14237,Martinez-Johnson,Healthcare,SMB,New Zealand,North America,2024-11-14
14238,"Crawford, Williams and Buchanan",Finance,Mid-Market,Benin,Europe,2024-11-16
14239,Patel PLC,Finance,Enterprise,Sierra Leone,Europe,2024-08-17
14240,"King, Ramos and Hall",Technology,SMB,Thailand,APAC,2023-05-26
14241,Saunders LLC,Healthcare,Mid-Market,Antigua and Barbuda,APAC,2025-01-09
14242,"Roy, Key and Dawson",Technology,Mid-Market,Czech Republic,North America,2022-12-13
14243,Stephens Ltd,Technology,SMB,Saudi Arabia,APAC,2024-12-10
14244,Fernandez LLC,Technology,SMB,Sierra Leone,LATAM,2025-01-12
14245,Cherry PLC,Finance,SMB,Lao People's Democratic Republic,North America,2023-05-20
14246,"Davies, Levy and Blair",Healthcare,SMB,Bahrain,Europe,2024-09-04
14247,Henderson-Hudson,Finance,Mid-Market,Tunisia,APAC,2025-04-24
14248,Payne Group,Finance,SMB,Pitcairn Islands,Europe,2022-08-21
14249,Peck and Sons,Technology,Enterprise,Malaysia,Europe,2025-01-09
14250,"Salazar, Brooks and Jones",Healthcare,SMB,Burkina Faso,APAC,2025-01-06
14251,Burgess LLC,Retail,SMB,Angola,Europe,2022-06-22
14252,Rodriguez Ltd,Manufacturing,SMB,Italy,APAC,2023-12-22
14253,Cole-Benjamin,Retail,Enterprise,North Macedonia,Europe,2022-11-01
14254,Cole-Odom,Healthcare,Enterprise,Georgia,LATAM,2025-11-28
14255,"Wagner, Brooks and Brown",Technology,Mid-Market,United States Minor Outlying Islands,LATAM,2023-10-03
14256,Lewis Ltd,Healthcare,SMB,Sweden,Europe,2026-04-15
14257,Butler Ltd,Retail,Enterprise,Kazakhstan,North America,2023-11-17
14258,Dean-Greer,Manufacturing,Mid-Market,Senegal,North America,2022-10-22
14259,"Fuller, Strong and Mann",Finance,Mid-Market,Solomon Islands,North America,2025-08-23
14260,"Jones, Lopez and Mack",Healthcare,Enterprise,Switzerland,APAC,2023-12-02
14261,Gordon-Johnson,Manufacturing,Mid-Market,Russian Federation,APAC,2024-10-01
14262,Conrad-Stark,Retail,Mid-Market,Samoa,LATAM,2022-10-03
14263,"Chandler, Boyle and Summers",Technology,SMB,Botswana,Europe,2024-05-11
14264,Wade-Johnson,Healthcare,SMB,Guinea,APAC,2025-02-07
14265,"Garrison, Shaffer and Valencia",Healthcare,Mid-Market,Myanmar,APAC,2022-07-23
14266,Sandoval Inc,Manufacturing,Mid-Market,Sao Tome and Principe,LATAM,2026-03-07
14267,Munoz and Sons,Healthcare,Mid-Market,Turkmenistan,LATAM,2026-02-16
14268,"Ware, Gardner and Brady",Retail,Mid-Market,Aruba,North America,2024-02-22
14269,"Reyes, Murray and Sloan",Retail,Mid-Market,Mauritius,APAC,2025-08-24
14270,Davis-King,Retail,Mid-Market,Georgia,APAC,2025-02-26
14271,Owens-Young,Finance,Mid-Market,Vanuatu,LATAM,2024-01-13
14272,"Hancock, Thompson and Erickson",Technology,Enterprise,Guinea,APAC,2022-10-21
14273,Day Group,Technology,Enterprise,Holy See (Vatican City State),Europe,2026-02-27
14274,Matthews-Pitts,Healthcare,Mid-Market,Libyan Arab Jamahiriya,North America,2022-07-08
14275,Chavez Inc,Healthcare,Enterprise,Solomon Islands,APAC,2025-10-24
14276,Kelley-Stevenson,Healthcare,SMB,Ukraine,Europe,2024-03-10
14277,Spencer Group,Finance,SMB,Sri Lanka,APAC,2024-07-24
14278,"Wilson, Snyder and Turner",Retail,Enterprise,North Macedonia,APAC,2022-06-12
14279,Nguyen LLC,Retail,Enterprise,Latvia,North America,2025-09-21
14280,"Hopkins, Lane and Baldwin",Healthcare,Mid-Market,Saint Vincent and the Grenadines,Europe,2023-06-19
14281,"Black, Brown and Smith",Finance,SMB,Vanuatu,North America,2022-08-17
14282,Miller PLC,Retail,Enterprise,Latvia,North America,2023-04-18
14283,Clark-Perez,Technology,Enterprise,Burkina Faso,Europe,2025-04-20
14284,Morales-Jackson,Technology,Mid-Market,Eritrea,APAC,2022-12-24
14285,Chavez-Carpenter,Manufacturing,Mid-Market,Somalia,North America,2025-07-29
14286,"Nelson, Levy and Cook",Retail,Enterprise,Sri Lanka,Europe,2024-08-04
14287,"Johnson, Winters and Wilson",Finance,SMB,Iran,APAC,2024-09-29
14288,Schmidt PLC,Finance,Mid-Market,Denmark,Europe,2023-01-12
14289,"Shaw, Flores and Hoffman",Finance,Mid-Market,Bolivia,APAC,2023-03-05
14290,Tanner Inc,Technology,Enterprise,Chile,North America,2022-09-08
14291,Manning-Glenn,Finance,Enterprise,Oman,North America,2024-02-08
14292,"Carlson, Roberts and Villa",Retail,SMB,Burundi,North America,2025-01-23
14293,Becker LLC,Finance,Mid-Market,Armenia,LATAM,2026-04-06
14294,"Warren, Contreras and Sloan",Healthcare,SMB,Bolivia,LATAM,2023-12-15
14295,Torres PLC,Retail,SMB,Ireland,Europe,2024-11-04
14296,Fischer-Garza,Retail,Enterprise,Maldives,Europe,2025-01-19
14297,Lewis-Henry,Healthcare,Mid-Market,Malta,LATAM,2024-01-23
14298,Mitchell-Gordon,Retail,Enterprise,Libyan Arab Jamahiriya,APAC,2022-12-21
14299,"Berg, Winters and Cunningham",Retail,SMB,Suriname,North America,2024-03-04
14300,Everett Inc,Manufacturing,Mid-Market,Mayotte,Europe,2024-12-04
14301,"Harris, Young and Garrett",Healthcare,Mid-Market,Greece,North America,2024-02-29
14302,Brennan Ltd,Retail,Mid-Market,Indonesia,North America,2022-10-18
14303,Crosby LLC,Manufacturing,SMB,Mauritania,North America,2024-05-27
14304,Sullivan-Rivera,Technology,Enterprise,Jordan,North America,2024-05-06
14305,"Hamilton, Jackson and Lawrence",Technology,Mid-Market,Guam,LATAM,2024-11-28
14306,"Moran, Thompson and Payne",Healthcare,SMB,Bolivia,North America,2025-12-24
14307,Lewis-Kennedy,Finance,SMB,Qatar,LATAM,2023-07-07
14308,Velasquez-Davis,Technology,Mid-Market,Turkmenistan,LATAM,2023-08-21
14309,"Lee, Matthews and Scott",Manufacturing,Enterprise,Montenegro,North America,2025-04-23
14310,Mckay-House,Healthcare,Enterprise,Myanmar,Europe,2024-05-10
14311,Jones-Williams,Manufacturing,SMB,Estonia,North America,2025-01-05
14312,Moore-Villegas,Finance,SMB,Korea,APAC,2026-04-26
14313,Scott LLC,Manufacturing,Mid-Market,Antarctica (the territory South of 60 deg S),North America,2022-12-03
14314,"Schwartz, Walker and Harrison",Technology,Enterprise,Norway,LATAM,2023-01-20
14315,Peters Inc,Finance,SMB,Mexico,North America,2025-11-27
14316,"Foster, Turner and Daniel",Technology,SMB,Nigeria,LATAM,2025-03-10
14317,Casey-Winters,Manufacturing,Mid-Market,Saint Pierre and Miquelon,North America,2023-08-05
14318,"Garcia, Schultz and Pratt",Finance,Enterprise,Cyprus,Europe,2023-11-24
14319,Lang Inc,Healthcare,Mid-Market,Finland,North America,2025-06-05
14320,Reynolds LLC,Retail,Mid-Market,Saint Pierre and Miquelon,North America,2023-04-20
14321,Eaton-Alvarado,Finance,Enterprise,Heard Island and McDonald Islands,North America,2025-05-09
14322,Lee-Morales,Manufacturing,Enterprise,Palau,North America,2025-10-20
14323,Guerrero-Washington,Manufacturing,SMB,Cote d'Ivoire,LATAM,2026-02-08
14324,"Hopkins, Martinez and Dougherty",Healthcare,Mid-Market,Honduras,North America,2024-06-25
14325,"Vance, Hart and Smith",Technology,Mid-Market,Brazil,North America,2024-07-31
14326,"Fowler, Hahn and Ramirez",Healthcare,SMB,Oman,LATAM,2024-03-17
14327,Blevins Inc,Retail,Mid-Market,Mozambique,Europe,2022-09-19
14328,Collins-Stewart,Healthcare,Mid-Market,Indonesia,Europe,2022-08-14
14329,"Howard, Massey and Ford",Healthcare,SMB,Guinea-Bissau,Europe,2023-05-10
14330,Austin Inc,Technology,Enterprise,Holy See (Vatican City State),APAC,2025-02-13
14331,Rich PLC,Technology,Mid-Market,United Kingdom,Europe,2026-03-26
14332,"Powell, Fowler and Cooley",Healthcare,Enterprise,Bangladesh,LATAM,2025-01-10
14333,Olson-Duncan,Retail,SMB,Peru,Europe,2024-08-02
14334,Saunders-Murphy,Healthcare,SMB,Mexico,APAC,2025-07-18
14335,Nichols Inc,Retail,Enterprise,Zambia,LATAM,2025-09-07
14336,Pierce and Sons,Technology,Mid-Market,Belize,APAC,2024-05-27
14337,Baker Ltd,Technology,SMB,Costa Rica,LATAM,2023-03-25
14338,Myers-Peterson,Retail,Enterprise,Germany,LATAM,2022-09-07
14339,Miller PLC,Healthcare,Mid-Market,Italy,LATAM,2024-10-03
14340,Smith PLC,Finance,Enterprise,Bulgaria,APAC,2024-02-18
14341,Sexton LLC,Finance,Enterprise,Saint Kitts and Nevis,Europe,2025-10-15
14342,Rodriguez Inc,Finance,Mid-Market,Suriname,LATAM,2023-03-09
14343,"Dean, Smith and Graham",Healthcare,Enterprise,Cyprus,LATAM,2023-11-27
14344,Williams-Cole,Technology,SMB,North Macedonia,Europe,2026-04-01
14345,Miller-Anderson,Manufacturing,Enterprise,Montenegro,North America,2023-10-17
14346,Mays-Kirk,Finance,SMB,Trinidad and Tobago,APAC,2023-09-21
14347,Hickman-Rosales,Finance,SMB,Lebanon,Europe,2024-11-01
14348,"Jones, Curry and Snyder",Manufacturing,Mid-Market,Wallis and Futuna,Europe,2026-03-10
14349,Johns Ltd,Manufacturing,SMB,Czech Republic,North America,2023-02-16
14350,Harvey PLC,Healthcare,SMB,Montenegro,North America,2025-10-27
14351,"Baird, Phillips and Warner",Healthcare,SMB,Germany,APAC,2023-10-01
14352,Robinson PLC,Healthcare,SMB,Bolivia,APAC,2025-12-07
14353,Kirby Inc,Manufacturing,Enterprise,Falkland Islands (Malvinas),Europe,2024-03-07
14354,"Wilson, Murphy and Malone",Healthcare,SMB,Kazakhstan,Europe,2024-06-19
14355,Moreno-Rodriguez,Technology,Mid-Market,Finland,LATAM,2025-05-16
14356,"Ward, Chapman and Hodges",Technology,Enterprise,Togo,Europe,2025-07-14
14357,Mcclain Ltd,Manufacturing,Enterprise,Ghana,LATAM,2025-06-21
14358,Knight and Sons,Technology,Mid-Market,Tuvalu,LATAM,2025-06-07
14359,Anderson LLC,Technology,SMB,United Arab Emirates,LATAM,2023-06-18
14360,Marks LLC,Retail,SMB,Andorra,North America,2024-04-26
14361,Mosley LLC,Manufacturing,SMB,United States Virgin Islands,LATAM,2024-08-26
14362,"Sullivan, Murphy and Charles",Finance,Enterprise,Northern Mariana Islands,Europe,2025-03-28
14363,Walker-Patterson,Technology,Enterprise,Haiti,North America,2023-06-24
14364,Hernandez Ltd,Retail,Mid-Market,North Macedonia,LATAM,2024-02-26
14365,Wade-Spencer,Healthcare,SMB,South Africa,APAC,2022-08-09
14366,Turner Inc,Finance,SMB,Ecuador,APAC,2026-06-05
14367,Barber Ltd,Technology,Mid-Market,North Macedonia,North America,2024-05-04
14368,Harrington and Sons,Manufacturing,Mid-Market,Jersey,North America,2026-05-27
14369,Ward and Sons,Healthcare,Mid-Market,Syrian Arab Republic,APAC,2022-08-24
14370,Valdez-Kemp,Manufacturing,Enterprise,Jersey,APAC,2024-05-15
14371,Walker-Gordon,Finance,Mid-Market,Liechtenstein,North America,2026-02-11
14372,Pratt-Brock,Finance,Enterprise,Sao Tome and Principe,North America,2023-03-26
14373,Jones-Berry,Finance,Mid-Market,Somalia,APAC,2022-12-02
14374,Castillo LLC,Manufacturing,Enterprise,Lesotho,North America,2022-12-03
14375,"Morgan, Tran and Boyle",Manufacturing,SMB,Comoros,North America,2025-05-20
14376,Steele LLC,Manufacturing,Enterprise,Russian Federation,LATAM,2023-12-18
14377,"Diaz, Taylor and Vasquez",Manufacturing,SMB,Cote d'Ivoire,North America,2023-03-29
14378,"Ramirez, Russell and Stone",Retail,SMB,British Indian Ocean Territory (Chagos Archipelago),Europe,2023-12-10
14379,Owens-Mills,Manufacturing,Mid-Market,Tajikistan,Europe,2024-12-26
14380,"Adams, Harris and Summers",Finance,SMB,Zimbabwe,North America,2025-10-26
14381,Rush-Smith,Finance,Enterprise,Brazil,Europe,2022-11-09
14382,Randolph-Allen,Finance,Enterprise,Dominican Republic,LATAM,2026-02-12
14383,Jacobs Ltd,Manufacturing,SMB,Korea,APAC,2022-09-20
14384,Fox Inc,Finance,Mid-Market,Egypt,LATAM,2022-11-08
14385,Martinez-Gonzalez,Finance,Enterprise,Mali,Europe,2025-12-07
14386,Robertson PLC,Healthcare,Mid-Market,United States of America,APAC,2023-06-28
14387,Cherry and Sons,Healthcare,Enterprise,Angola,LATAM,2023-01-25
14388,Thompson-Meyer,Technology,Mid-Market,Syrian Arab Republic,APAC,2025-09-10
14389,"Martinez, Bowen and Flores",Retail,Enterprise,Saint Kitts and Nevis,Europe,2022-07-28
14390,Scott Ltd,Technology,Mid-Market,Micronesia,APAC,2026-04-13
14391,Richards LLC,Technology,SMB,Bulgaria,LATAM,2025-05-16
14392,Murphy PLC,Manufacturing,Mid-Market,Somalia,LATAM,2022-08-03
14393,Nguyen LLC,Finance,Enterprise,Cameroon,LATAM,2025-07-22
14394,"Martinez, Mcgrath and Vasquez",Manufacturing,SMB,Zimbabwe,APAC,2023-04-30
14395,Johnson-Mcdowell,Technology,SMB,Malawi,LATAM,2025-05-13
14396,Kirby-Morris,Retail,Mid-Market,Timor-Leste,LATAM,2025-04-16
14397,"Walker, Berry and Banks",Manufacturing,Enterprise,Mozambique,North America,2026-05-12
14398,Rivas and Sons,Manufacturing,Enterprise,Gibraltar,LATAM,2025-01-11
14399,Hampton Inc,Healthcare,Mid-Market,Brunei Darussalam,APAC,2025-08-25
14400,Kerr-Franco,Healthcare,Enterprise,Panama,North America,2023-09-17
14401,"Campbell, Jones and Galvan",Technology,Enterprise,Jordan,Europe,2026-03-09
14402,Tran-Thomas,Manufacturing,Mid-Market,Myanmar,APAC,2024-10-01
14403,"Owens, Morrison and Obrien",Technology,Enterprise,Antarctica (the territory South of 60 deg S),APAC,2025-08-13
14404,Johnston Group,Healthcare,Enterprise,Bolivia,LATAM,2024-07-28
14405,Shelton-Santana,Healthcare,SMB,San Marino,North America,2026-02-27
14406,Collins-Snyder,Finance,Enterprise,Croatia,North America,2026-03-29
14407,"Thomas, Ewing and Roberts",Finance,SMB,Iran,North America,2022-10-01
14408,"Hodges, Kirby and Bishop",Healthcare,SMB,Kyrgyz Republic,Europe,2026-01-10
14409,Carey PLC,Manufacturing,SMB,Svalbard & Jan Mayen Islands,APAC,2025-06-05
14410,"Hahn, Young and Spencer",Healthcare,Enterprise,Trinidad and Tobago,North America,2024-12-12
14411,Thomas-Stanley,Finance,Enterprise,Sudan,LATAM,2023-08-14
14412,"Jacobs, Moyer and Pearson",Technology,Mid-Market,Thailand,LATAM,2024-09-07
14413,"Lewis, Castro and Robinson",Finance,Enterprise,Guinea,LATAM,2022-06-09
14414,"Mitchell, Lam and Taylor",Healthcare,Mid-Market,Tanzania,APAC,2025-01-04
14415,"Jacobson, Hendricks and Horne",Finance,Mid-Market,Bosnia and Herzegovina,North America,2025-06-01
14416,Harrell and Sons,Retail,Enterprise,Seychelles,North America,2023-04-05
14417,"Sharp, Hampton and Gay",Healthcare,SMB,Bosnia and Herzegovina,Europe,2024-01-24
14418,Mcdonald Inc,Healthcare,Mid-Market,Croatia,North America,2024-12-03
14419,"Owens, Smith and Perez",Manufacturing,SMB,Turkmenistan,Europe,2022-09-23
14420,Romero LLC,Technology,Mid-Market,Guinea-Bissau,Europe,2025-06-17
14421,Bruce-White,Retail,SMB,Bhutan,North America,2024-01-26
14422,"Freeman, Stone and Garcia",Finance,SMB,Bahamas,Europe,2022-10-20
14423,Smith-Cole,Technology,SMB,Sudan,Europe,2025-01-23
14424,Cook LLC,Finance,Mid-Market,Timor-Leste,North America,2025-07-04
14425,Hernandez-Solis,Manufacturing,Mid-Market,Korea,APAC,2025-05-22
14426,Rivers-Goodman,Healthcare,SMB,Afghanistan,North America,2024-09-26
14427,Stone Ltd,Healthcare,Enterprise,North Macedonia,North America,2024-06-12
14428,Robertson Group,Technology,Enterprise,France,Europe,2024-07-24
14429,Brown Inc,Technology,Enterprise,San Marino,LATAM,2025-10-02
14430,Ramirez-Farmer,Manufacturing,SMB,Niue,Europe,2023-02-21
14431,Williams-Mullins,Finance,Enterprise,Gabon,APAC,2022-09-05
14432,"Faulkner, Parker and Navarro",Finance,SMB,Singapore,APAC,2025-06-28
14433,Maxwell-Clark,Retail,Mid-Market,Cambodia,LATAM,2026-05-23
14434,"Jones, Martinez and Ali",Healthcare,SMB,Kazakhstan,North America,2025-08-20
14435,Wilson Group,Retail,Mid-Market,Jamaica,LATAM,2025-07-22
14436,Owens-Johnson,Finance,Mid-Market,Burundi,APAC,2023-02-07
14437,Rojas Group,Technology,Enterprise,Liechtenstein,APAC,2023-05-20
14438,"Lopez, Kelly and Holland",Manufacturing,Enterprise,Libyan Arab Jamahiriya,North America,2025-07-15
14439,Atkinson-Carr,Retail,Enterprise,Uganda,Europe,2025-04-17
14440,Melendez-Johnson,Healthcare,SMB,Gibraltar,North America,2024-11-28
14441,"Sparks, Arellano and Hill",Technology,Enterprise,Honduras,North America,2024-04-10
14442,Williams-Freeman,Technology,Mid-Market,Slovenia,North America,2022-06-16
14443,Bell-Hamilton,Retail,Mid-Market,Japan,LATAM,2023-06-15
14444,"Hammond, Quinn and Cox",Manufacturing,Mid-Market,Bulgaria,APAC,2026-03-14
14445,Holland-Miller,Finance,Mid-Market,Seychelles,Europe,2022-06-17
14446,Cummings-Hall,Healthcare,SMB,South Africa,North America,2023-01-03
14447,Johnson Group,Finance,SMB,Svalbard & Jan Mayen Islands,North America,2023-04-09
14448,"Horn, Hunter and Salazar",Retail,Enterprise,Guyana,LATAM,2024-12-29
14449,Mccormick-Taylor,Healthcare,SMB,Dominica,APAC,2025-05-18
14450,Jenkins-White,Manufacturing,Enterprise,Lao People's Democratic Republic,APAC,2023-10-10
14451,Mitchell-Hanson,Manufacturing,Enterprise,Brunei Darussalam,LATAM,2024-05-15
14452,Miller-Garrison,Technology,SMB,Burkina Faso,Europe,2024-03-31
14453,Mendoza Group,Finance,Mid-Market,Saint Helena,Europe,2025-07-30
14454,Turner-Blankenship,Healthcare,Enterprise,Svalbard & Jan Mayen Islands,Europe,2025-08-30
14455,Kirk Inc,Technology,Enterprise,United Kingdom,LATAM,2025-12-15
14456,"Howard, Sanchez and Norman",Retail,Mid-Market,French Southern Territories,LATAM,2023-06-02
14457,Johnson-Gomez,Finance,Enterprise,Eritrea,Europe,2023-11-27
14458,Clark Inc,Technology,Mid-Market,Philippines,LATAM,2025-04-29
14459,"Henson, Baxter and Watson",Manufacturing,SMB,Belgium,LATAM,2024-04-20
14460,Sandoval Inc,Healthcare,SMB,Bolivia,APAC,2025-07-26
14461,"Brown, Ramirez and Baker",Manufacturing,Enterprise,Romania,LATAM,2026-04-12
14462,Bell-Lawrence,Healthcare,Enterprise,Saint Kitts and Nevis,Europe,2022-08-20
14463,Escobar LLC,Finance,SMB,Hungary,North America,2023-04-08
14464,"Miller, Rollins and Kirk",Manufacturing,SMB,Ethiopia,APAC,2025-02-24
14465,"Ellison, Parker and Cortez",Finance,SMB,Central African Republic,North America,2025-10-11
14466,"Phillips, Jones and Horn",Retail,SMB,Iraq,LATAM,2025-10-17
14467,Scott-Martin,Healthcare,Enterprise,Ecuador,North America,2023-12-27
14468,Cole Group,Healthcare,Mid-Market,Haiti,Europe,2026-05-13
14469,"Hernandez, Lynn and Mills",Healthcare,SMB,Thailand,APAC,2024-05-09
14470,Garner-Burke,Healthcare,SMB,Nepal,LATAM,2022-11-11
14471,Carter-Thomas,Technology,Enterprise,Senegal,Europe,2026-04-21
14472,"Deleon, Burke and Johnson",Finance,Enterprise,Morocco,APAC,2025-10-05
14473,"Berry, Schneider and Fernandez",Manufacturing,SMB,Albania,LATAM,2025-12-20
14474,Riley-Clark,Healthcare,SMB,Samoa,APAC,2024-04-26
14475,"Booker, Mccullough and Garcia",Finance,SMB,Jersey,LATAM,2025-08-01
14476,"Henson, Rivera and Clark",Finance,Mid-Market,Hong Kong,LATAM,2026-03-23
14477,Boone PLC,Technology,SMB,Gabon,Europe,2023-03-19
14478,"Singleton, Allison and Ryan",Finance,SMB,Andorra,APAC,2024-10-14
14479,Shah and Sons,Finance,Enterprise,Marshall Islands,North America,2024-11-03
14480,"Walsh, James and Hernandez",Healthcare,SMB,Micronesia,LATAM,2026-01-01
14481,Robles PLC,Finance,Mid-Market,New Caledonia,LATAM,2024-09-21
14482,Robinson Group,Finance,SMB,Iran,North America,2025-01-29
14483,Lutz Group,Finance,Enterprise,Chad,North America,2023-04-26
14484,Hunt and Sons,Finance,Enterprise,Turkmenistan,LATAM,2022-09-25
14485,Simpson-Harris,Healthcare,SMB,Armenia,APAC,2026-04-08
14486,"Ward, Logan and Williams",Technology,SMB,Saint Vincent and the Grenadines,APAC,2025-11-23
14487,"Jones, Stewart and Bishop",Healthcare,Enterprise,Tunisia,APAC,2023-06-13
14488,"Stewart, Diaz and Jones",Finance,SMB,United States Virgin Islands,Europe,2026-01-13
14489,Osborne Group,Healthcare,SMB,New Zealand,LATAM,2025-01-30
14490,"Morgan, Simmons and Owens",Retail,Mid-Market,Togo,North America,2024-10-27
14491,"Brown, Alexander and Miller",Retail,SMB,Martinique,APAC,2023-05-10
14492,Williams LLC,Retail,SMB,Cyprus,Europe,2023-02-03
14493,Reynolds-Reyes,Healthcare,Enterprise,Korea,North America,2024-09-16
14494,Hayes-Valentine,Manufacturing,Mid-Market,Armenia,North America,2022-12-02
14495,Robinson-Adams,Retail,Enterprise,Pitcairn Islands,LATAM,2023-03-05
14496,Davis-Shields,Retail,Enterprise,Grenada,North America,2023-06-04
14497,"Norris, Delacruz and Lee",Healthcare,Mid-Market,Northern Mariana Islands,North America,2026-01-01
14498,Morgan Inc,Finance,Enterprise,Austria,North America,2022-07-26
14499,Garcia-Martinez,Technology,Enterprise,Fiji,APAC,2024-09-29
14500,Pineda LLC,Retail,Mid-Market,Lebanon,North America,2023-11-02
14501,"Hayes, Chambers and Armstrong",Finance,SMB,Jordan,LATAM,2023-11-01
14502,"Strong, Gilmore and Garcia",Retail,Mid-Market,Bolivia,North America,2026-04-16
14503,Jimenez Ltd,Retail,Mid-Market,Morocco,Europe,2022-08-01
14504,Green LLC,Technology,SMB,Marshall Islands,APAC,2022-07-06
14505,Velez Inc,Technology,Mid-Market,Montserrat,North America,2024-06-20
14506,"Lozano, White and Saunders",Finance,SMB,Zimbabwe,Europe,2023-12-28
14507,"Marshall, Johnson and Garrett",Technology,Enterprise,Botswana,Europe,2022-07-26
14508,White Inc,Finance,SMB,Libyan Arab Jamahiriya,North America,2023-01-28
14509,Haynes PLC,Healthcare,Enterprise,Lao People's Democratic Republic,LATAM,2023-11-10
14510,Ramos Ltd,Healthcare,Enterprise,Croatia,APAC,2024-04-06
14511,Hernandez-Moore,Manufacturing,SMB,Latvia,LATAM,2024-12-08
14512,Ingram LLC,Manufacturing,Mid-Market,Ireland,LATAM,2025-06-06
14513,Russell-Garcia,Finance,Enterprise,Nicaragua,LATAM,2022-08-18
14514,Jones-Paul,Finance,Enterprise,Rwanda,Europe,2026-01-28
14515,Crawford Ltd,Healthcare,SMB,Malawi,North America,2025-12-18
14516,Simon-Allen,Manufacturing,SMB,Faroe Islands,North America,2025-02-08
14517,"Jacobs, Wilkinson and Martinez",Retail,SMB,Kiribati,APAC,2026-05-16
14518,"Wiley, King and Francis",Manufacturing,Enterprise,French Southern Territories,LATAM,2023-05-29
14519,Shaffer-Gould,Healthcare,Enterprise,Uruguay,LATAM,2023-09-19
14520,Anderson Inc,Finance,SMB,Equatorial Guinea,LATAM,2024-03-14
14521,"Gibson, Chase and Clark",Technology,Mid-Market,Germany,LATAM,2025-09-23
14522,"Burgess, Miller and Mitchell",Finance,Mid-Market,Martinique,APAC,2025-12-23
14523,Smith-Harrington,Healthcare,Enterprise,South Africa,LATAM,2024-04-15
14524,Moore and Sons,Retail,Enterprise,Guinea,North America,2023-06-10
14525,"Grimes, Dunn and Franklin",Manufacturing,Mid-Market,Marshall Islands,North America,2025-05-01
14526,Green Ltd,Finance,Mid-Market,Spain,North America,2026-02-24
14527,Ball and Sons,Finance,Enterprise,Moldova,Europe,2024-03-16
14528,Baker-Munoz,Retail,Enterprise,Jordan,APAC,2025-12-12
14529,Lewis LLC,Retail,Mid-Market,French Polynesia,APAC,2022-06-20
14530,"Carr, Wells and Olson",Manufacturing,SMB,Niue,LATAM,2025-12-18
14531,Miller-Fowler,Manufacturing,Enterprise,Palau,APAC,2024-01-15
14532,Hernandez LLC,Technology,SMB,Afghanistan,APAC,2024-12-19
14533,Price and Sons,Manufacturing,Mid-Market,Lithuania,Europe,2024-02-28
14534,Woods-Miller,Technology,Enterprise,Grenada,Europe,2023-06-27
14535,Colon-Randolph,Finance,Mid-Market,Turks and Caicos Islands,Europe,2024-02-06
14536,Franklin-York,Retail,Mid-Market,Yemen,APAC,2026-03-09
14537,Rodriguez LLC,Technology,Mid-Market,Honduras,APAC,2024-03-17
14538,Thompson-Fry,Healthcare,Mid-Market,Netherlands Antilles,North America,2023-11-15
14539,"Frye, Jensen and Stein",Retail,SMB,Montserrat,North America,2024-05-21
14540,Bryan-Brooks,Manufacturing,SMB,Gambia,LATAM,2025-08-06
14541,"Young, Escobar and Neal",Retail,Enterprise,Uzbekistan,APAC,2023-10-02
14542,Hayes PLC,Healthcare,Mid-Market,Bosnia and Herzegovina,APAC,2023-03-20
14543,Hardin-Reid,Retail,Mid-Market,Benin,APAC,2025-09-26
14544,"Little, Henry and Mosley",Manufacturing,SMB,Namibia,LATAM,2025-06-18
14545,Phillips Group,Retail,Mid-Market,Belarus,North America,2022-08-30
14546,"Mitchell, Carter and Williams",Healthcare,Enterprise,Poland,Europe,2023-09-12
14547,Miller Ltd,Manufacturing,Enterprise,Netherlands,Europe,2022-12-25
14548,Hoover-Jones,Finance,Mid-Market,Luxembourg,North America,2023-06-24
14549,"Chase, Kelley and Briggs",Manufacturing,Enterprise,United States of America,Europe,2024-01-26
14550,Welch and Sons,Healthcare,Enterprise,Gibraltar,North America,2023-09-17
14551,Brown-Brown,Technology,Mid-Market,Saint Vincent and the Grenadines,APAC,2025-06-19
14552,Edwards-House,Manufacturing,Mid-Market,Bouvet Island (Bouvetoya),North America,2024-04-23
14553,Smith-Williamson,Finance,SMB,United Arab Emirates,North America,2024-06-22
14554,Sutton-Bowen,Retail,Mid-Market,Thailand,Europe,2025-05-31
14555,"Taylor, Kelly and Higgins",Retail,Mid-Market,Peru,Europe,2022-08-14
14556,Myers Ltd,Manufacturing,Mid-Market,Bolivia,LATAM,2024-10-09
14557,Yoder-Jarvis,Finance,Mid-Market,Brazil,LATAM,2025-07-24
14558,Crawford and Sons,Healthcare,SMB,United Arab Emirates,LATAM,2022-07-30
14559,Smith-Williams,Finance,Mid-Market,Belarus,Europe,2025-03-22
14560,Garcia-Weaver,Manufacturing,Enterprise,Cyprus,North America,2023-12-29
14561,"Gaines, Walker and Cervantes",Retail,Mid-Market,Oman,LATAM,2025-02-02
14562,Martinez and Sons,Healthcare,Enterprise,Denmark,APAC,2023-05-28
14563,Chapman PLC,Finance,SMB,Guinea,North America,2023-11-09
14564,Oconnor-Smith,Retail,Mid-Market,Myanmar,APAC,2022-06-25
14565,Shields-Lewis,Manufacturing,Mid-Market,Jamaica,LATAM,2025-02-24
14566,"Lopez, Davis and Williams",Healthcare,SMB,Kenya,Europe,2023-04-02
14567,Swanson-Phillips,Retail,SMB,Nigeria,North America,2025-04-14
14568,"Lamb, Hernandez and Wood",Healthcare,Enterprise,Bhutan,Europe,2023-10-13
14569,Henson PLC,Technology,SMB,Myanmar,LATAM,2024-10-19
14570,"Green, Gallegos and Smith",Healthcare,Mid-Market,Zambia,LATAM,2022-10-01
14571,"Rivera, Chapman and Thomas",Manufacturing,Mid-Market,Solomon Islands,LATAM,2024-05-16
14572,Bryan PLC,Retail,Mid-Market,Greece,Europe,2023-02-28
14573,Navarro Ltd,Manufacturing,SMB,Kenya,Europe,2025-11-13
14574,Adams-Weiss,Retail,SMB,Saint Helena,APAC,2022-07-10
14575,Graham-Robles,Healthcare,Enterprise,Afghanistan,APAC,2025-07-16
14576,Graham-Combs,Manufacturing,Mid-Market,Algeria,LATAM,2024-01-07
14577,"Lopez, Turner and Jones",Technology,Mid-Market,Honduras,Europe,2025-02-16
14578,Rose-Cameron,Healthcare,Mid-Market,Northern Mariana Islands,North America,2022-08-04
14579,Stewart-Mitchell,Technology,Enterprise,Papua New Guinea,LATAM,2025-02-16
14580,"Bean, Mitchell and Nelson",Finance,Mid-Market,Moldova,LATAM,2024-11-24
14581,Mcmahon Inc,Technology,SMB,Turkey,North America,2023-02-03
14582,"Rhodes, Patterson and Hawkins",Retail,Mid-Market,Algeria,North America,2024-01-06
14583,"Cook, Hamilton and Jones",Technology,Enterprise,Czech Republic,North America,2023-09-01
14584,Lopez and Sons,Technology,Mid-Market,Guatemala,LATAM,2025-07-11
14585,"Santos, Thompson and Nash",Healthcare,Enterprise,Tuvalu,LATAM,2024-12-06
14586,Hill-Garza,Technology,Mid-Market,Finland,North America,2025-01-11
14587,"Hampton, Johnson and Davis",Healthcare,SMB,Thailand,LATAM,2024-01-07
14588,Lopez Ltd,Technology,Mid-Market,Anguilla,LATAM,2022-07-31
14589,Olson LLC,Retail,Enterprise,Sweden,LATAM,2023-01-05
14590,Lynch-Richardson,Healthcare,SMB,Tokelau,Europe,2022-09-02
14591,"Gonzalez, Keller and Walker",Retail,SMB,Nigeria,North America,2025-11-08
14592,"Mitchell, Sullivan and Humphrey",Retail,SMB,Honduras,Europe,2024-12-15
14593,"Thomas, Reese and Bean",Healthcare,Enterprise,Austria,LATAM,2022-10-12
14594,"Hill, Lewis and Little",Retail,SMB,India,North America,2026-04-30
14595,Johnson-Kennedy,Retail,Enterprise,French Polynesia,APAC,2026-03-12
14596,Garcia PLC,Retail,Enterprise,Belgium,North America,2024-07-29
14597,Valdez-Williams,Retail,Enterprise,Serbia,North America,2023-05-19
14598,Fisher Ltd,Healthcare,Mid-Market,Syrian Arab Republic,North America,2023-03-14
14599,Munoz PLC,Healthcare,Enterprise,Palau,APAC,2025-09-09
14600,Butler Inc,Healthcare,Mid-Market,Belize,North America,2022-10-02
14601,Le LLC,Healthcare,Mid-Market,Mali,Europe,2023-04-14
14602,Webb-Fuentes,Healthcare,Enterprise,Kyrgyz Republic,North America,2025-10-14
14603,"Hall, Hill and Phillips",Finance,Enterprise,Costa Rica,LATAM,2026-02-03
14604,Smith-Shaw,Manufacturing,SMB,Jersey,Europe,2022-11-03
14605,Davis Ltd,Healthcare,SMB,China,Europe,2025-06-09
14606,"Pena, Schneider and Andrews",Technology,Mid-Market,Heard Island and McDonald Islands,APAC,2025-05-26
14607,Richardson LLC,Manufacturing,SMB,Australia,APAC,2024-03-19
14608,"Singh, Robinson and Brooks",Manufacturing,SMB,Falkland Islands (Malvinas),Europe,2023-07-02
14609,"Monroe, Delgado and Wheeler",Retail,Mid-Market,Lao People's Democratic Republic,LATAM,2023-08-30
14610,Harrington LLC,Healthcare,Mid-Market,Myanmar,APAC,2025-05-16
14611,"Cook, Garcia and Carrillo",Finance,Enterprise,Mayotte,APAC,2025-08-18
14612,"Nelson, Barrett and Ellis",Manufacturing,Mid-Market,Mexico,North America,2026-02-12
14613,"Stewart, Pollard and Burch",Finance,SMB,Pitcairn Islands,North America,2024-08-03
14614,Jenkins and Sons,Manufacturing,Enterprise,Nepal,Europe,2026-03-13
14615,Mora-Brown,Manufacturing,Enterprise,Gambia,North America,2023-02-27
14616,Davis-Mejia,Technology,Enterprise,Russian Federation,LATAM,2026-05-26
14617,Smith LLC,Retail,Mid-Market,Belize,Europe,2026-05-25
14618,Cook-Snyder,Retail,Mid-Market,Norway,LATAM,2024-04-06
14619,Ruiz-Johnson,Finance,Mid-Market,Hungary,LATAM,2024-03-14
14620,Turner-Fox,Technology,Mid-Market,Guernsey,North America,2023-07-09
14621,Jimenez-Nichols,Healthcare,Mid-Market,Nigeria,Europe,2023-06-16
14622,Galloway-Robertson,Healthcare,Mid-Market,Guam,North America,2023-11-02
14623,Harris-Moreno,Finance,Mid-Market,Hungary,LATAM,2024-06-01
14624,"Harris, Schultz and Morris",Finance,Mid-Market,French Southern Territories,Europe,2023-04-14
14625,Jones-House,Finance,Enterprise,British Virgin Islands,APAC,2025-09-17
14626,"Jenkins, Leblanc and Morgan",Healthcare,SMB,Cambodia,Europe,2024-08-31
14627,Good Group,Technology,SMB,Guatemala,APAC,2023-07-20
14628,Villanueva Group,Retail,Mid-Market,Costa Rica,Europe,2023-04-24
14629,"Rivas, Lawson and Mathews",Technology,Enterprise,Tuvalu,Europe,2025-08-02
14630,Savage LLC,Finance,Enterprise,Russian Federation,APAC,2024-08-14
14631,Bradley-Woodward,Technology,SMB,Eritrea,Europe,2024-06-03
14632,Harvey and Sons,Healthcare,Mid-Market,United States of America,Europe,2022-10-05
14633,Smith and Sons,Technology,Enterprise,France,Europe,2025-12-22
14634,Stafford-Morton,Retail,Enterprise,Liberia,Europe,2024-02-17
14635,Nelson PLC,Finance,Enterprise,France,APAC,2023-07-30
14636,"Hernandez, Shea and Benson",Technology,Enterprise,Saint Helena,APAC,2023-06-09
14637,"Anderson, Avila and Miller",Technology,Enterprise,Finland,APAC,2023-12-24
14638,Carson LLC,Retail,Mid-Market,Tanzania,LATAM,2025-10-07
14639,Smith Group,Healthcare,SMB,Czech Republic,APAC,2023-09-05
14640,Turner Ltd,Manufacturing,Mid-Market,Kazakhstan,LATAM,2022-11-09
14641,"Collins, Gray and Bailey",Technology,SMB,Holy See (Vatican City State),LATAM,2024-11-06
14642,Hayes LLC,Healthcare,Enterprise,Iraq,North America,2023-03-12
14643,Payne-Bishop,Finance,SMB,Palau,APAC,2025-01-05
14644,Hill Ltd,Technology,Mid-Market,Bulgaria,North America,2025-04-02
14645,Reyes and Sons,Finance,Enterprise,Qatar,APAC,2023-06-21
14646,"Arnold, Bird and Norton",Healthcare,Enterprise,Bangladesh,Europe,2023-06-29
14647,Riley Group,Manufacturing,SMB,Denmark,LATAM,2023-07-09
14648,Myers-Harmon,Healthcare,SMB,Lithuania,North America,2024-06-17
14649,Evans LLC,Manufacturing,SMB,Taiwan,Europe,2025-11-18
14650,Fox Inc,Technology,Enterprise,Fiji,LATAM,2022-11-08
14651,Banks-Gross,Retail,SMB,Gabon,LATAM,2024-11-26
14652,"Cunningham, Cameron and Salazar",Healthcare,SMB,Bolivia,APAC,2023-02-01
14653,Mason-Sanchez,Healthcare,SMB,Turkey,APAC,2023-03-06
14654,"Johnson, Lopez and Baker",Finance,SMB,Azerbaijan,North America,2023-01-20
14655,Bautista-Thomas,Retail,Enterprise,Ecuador,North America,2026-02-25
14656,Kim-Perez,Retail,SMB,Vietnam,APAC,2024-06-19
14657,Espinoza-Choi,Manufacturing,Enterprise,Angola,APAC,2025-01-22
14658,Turner PLC,Healthcare,SMB,Georgia,APAC,2023-06-14
14659,Murphy PLC,Healthcare,SMB,Tajikistan,Europe,2025-10-17
14660,"Kelley, Bowman and Sharp",Healthcare,Enterprise,Puerto Rico,North America,2023-11-01
14661,Frye-Rivers,Retail,Enterprise,Netherlands,APAC,2024-11-14
14662,Hensley-Greer,Retail,Mid-Market,France,LATAM,2026-04-03
14663,Jones and Sons,Technology,Mid-Market,Puerto Rico,LATAM,2022-09-17
14664,Dougherty LLC,Manufacturing,SMB,Algeria,North America,2026-02-01
14665,"Hill, Lee and Charles",Healthcare,SMB,Haiti,North America,2025-11-23
14666,"Morris, Tate and Whitaker",Healthcare,Mid-Market,Monaco,APAC,2024-12-14
14667,Wood Inc,Retail,SMB,Peru,North America,2026-04-13
14668,"May, Robinson and Franco",Retail,Mid-Market,Indonesia,APAC,2025-04-26
14669,"Payne, Martinez and Drake",Manufacturing,SMB,French Guiana,APAC,2025-07-23
14670,Soto Group,Healthcare,Mid-Market,Saint Barthelemy,LATAM,2023-10-01
14671,"Yates, Fernandez and Sullivan",Healthcare,Mid-Market,Andorra,APAC,2026-03-29
14672,"Banks, Pena and Lee",Healthcare,Mid-Market,Kyrgyz Republic,North America,2024-01-30
14673,Johnson Ltd,Healthcare,Enterprise,Qatar,North America,2023-08-17
14674,Mueller-Robinson,Technology,SMB,Mexico,North America,2024-04-24
14675,"Brewer, Owens and Weaver",Manufacturing,Enterprise,Paraguay,APAC,2023-08-17
14676,Martinez-Carpenter,Finance,SMB,Albania,North America,2024-09-20
14677,Douglas Group,Manufacturing,SMB,Fiji,LATAM,2025-04-14
14678,Ortega PLC,Manufacturing,Mid-Market,Aruba,APAC,2022-09-02
14679,Morgan-Williams,Manufacturing,Mid-Market,United States Minor Outlying Islands,North America,2022-12-23
14680,Miller-Garcia,Technology,Mid-Market,Kazakhstan,APAC,2024-10-28
14681,Hamilton Inc,Retail,SMB,Seychelles,APAC,2022-11-14
14682,Jones Ltd,Manufacturing,Enterprise,Sri Lanka,North America,2024-06-20
14683,Wilson PLC,Technology,Enterprise,Denmark,North America,2024-09-07
14684,Benson PLC,Healthcare,SMB,South Georgia and the South Sandwich Islands,LATAM,2023-11-03
14685,Mercado Group,Finance,SMB,Monaco,North America,2024-08-16
14686,Smith and Sons,Manufacturing,Mid-Market,Cape Verde,Europe,2025-09-18
14687,"Simmons, Mendoza and Johnson",Retail,SMB,Uzbekistan,LATAM,2026-03-21
14688,"Knight, Olson and Wilson",Manufacturing,Mid-Market,Sierra Leone,LATAM,2025-07-11
14689,Hahn-Morton,Retail,Enterprise,Belarus,LATAM,2023-02-05
14690,Jones PLC,Retail,Mid-Market,Norfolk Island,Europe,2026-03-09
14691,Johnson Ltd,Manufacturing,SMB,Isle of Man,LATAM,2025-06-09
14692,Thompson Ltd,Retail,SMB,Argentina,North America,2022-12-09
14693,Holden-Singh,Technology,Enterprise,Egypt,Europe,2024-10-23
14694,"Taylor, Anderson and Fowler",Technology,SMB,Colombia,Europe,2025-02-14
14695,"Clark, Gardner and Thomas",Technology,SMB,Tokelau,North America,2024-05-06
14696,"Tucker, Walker and Boyer",Healthcare,SMB,Korea,North America,2025-05-08
14697,Vargas PLC,Technology,Mid-Market,Antigua and Barbuda,Europe,2024-06-20
14698,Watts-Moore,Finance,Enterprise,Tuvalu,LATAM,2024-01-25
14699,"Cruz, Perez and Greene",Manufacturing,SMB,Luxembourg,APAC,2025-01-15
14700,"Snow, Ramsey and Butler",Retail,SMB,Falkland Islands (Malvinas),APAC,2025-07-14
14701,Hardy-Park,Retail,Mid-Market,Niue,LATAM,2024-01-19
14702,"Jordan, Johnson and Williams",Healthcare,Mid-Market,Ghana,Europe,2024-12-06
14703,Howard Ltd,Technology,Enterprise,Pakistan,APAC,2023-12-05
14704,"Robles, Ramos and Perez",Technology,Mid-Market,Bermuda,APAC,2024-06-28
14705,"Houston, May and Morris",Technology,SMB,Cameroon,LATAM,2022-11-13
14706,Fuentes-Marsh,Manufacturing,SMB,Mauritius,Europe,2022-10-22
14707,"Heath, Smith and Orozco",Healthcare,Enterprise,Morocco,LATAM,2025-04-01
14708,Ward PLC,Technology,SMB,Georgia,LATAM,2023-10-19
14709,Rogers-Morris,Manufacturing,Enterprise,Lebanon,APAC,2023-02-28
14710,"Rodriguez, Taylor and Hartman",Healthcare,SMB,British Indian Ocean Territory (Chagos Archipelago),North America,2023-09-06
14711,Stevens-Williams,Manufacturing,SMB,Egypt,North America,2023-08-14
14712,Braun-Bryant,Manufacturing,SMB,Ireland,LATAM,2026-02-03
14713,Black-Brown,Manufacturing,Enterprise,Denmark,APAC,2026-05-07
14714,"Hall, Barnes and Butler",Finance,Enterprise,Jersey,APAC,2024-06-12
14715,"Walker, Calhoun and Robinson",Finance,Mid-Market,Cameroon,North America,2025-04-08
14716,Smith-Burns,Technology,Mid-Market,China,Europe,2023-11-09
14717,"Brown, Gibson and Rocha",Healthcare,Enterprise,Estonia,North America,2025-06-08
14718,Jenkins-Burke,Retail,Mid-Market,Uzbekistan,Europe,2025-05-31
14719,Hanson-Massey,Manufacturing,Mid-Market,Monaco,APAC,2025-06-12
14720,Dominguez-Martin,Manufacturing,Mid-Market,Anguilla,Europe,2025-12-26
14721,Robinson LLC,Retail,SMB,Pitcairn Islands,North America,2026-04-29
14722,"Sutton, Carroll and Campbell",Technology,Enterprise,Yemen,APAC,2024-10-06
14723,Hendrix Group,Finance,Enterprise,Switzerland,LATAM,2023-12-14
14724,"Phillips, Peterson and Bailey",Technology,Mid-Market,Peru,LATAM,2023-08-17
14725,Kane-Hughes,Finance,SMB,French Southern Territories,North America,2022-08-11
14726,"Mendez, Jones and Tucker",Manufacturing,Enterprise,Canada,Europe,2023-09-12
14727,Sullivan and Sons,Technology,Mid-Market,Afghanistan,LATAM,2022-06-22
14728,Reed-Herrera,Healthcare,Mid-Market,Switzerland,North America,2024-10-26
14729,"Spears, Davies and Baker",Healthcare,Mid-Market,Mozambique,APAC,2022-12-16
14730,Reilly-Brown,Manufacturing,Enterprise,Northern Mariana Islands,North America,2024-10-17
14731,Jones and Sons,Finance,Enterprise,Croatia,LATAM,2024-02-13
14732,Cervantes-Wright,Healthcare,Enterprise,French Guiana,North America,2023-03-21
14733,"Beasley, Brown and Ray",Manufacturing,SMB,Maldives,APAC,2025-07-04
14734,"Fisher, Rivas and Mckinney",Retail,Enterprise,Cocos (Keeling) Islands,Europe,2024-10-11
14735,"Cowan, Williams and Liu",Retail,SMB,Northern Mariana Islands,LATAM,2025-01-05
14736,Bryan Inc,Healthcare,Mid-Market,Lao People's Democratic Republic,North America,2026-03-02
14737,"Little, Brennan and Clark",Manufacturing,Enterprise,Malaysia,North America,2022-08-09
14738,Curry Ltd,Finance,Enterprise,Malta,Europe,2024-06-03
14739,"Farley, Hicks and Taylor",Healthcare,Mid-Market,Philippines,Europe,2026-04-19
14740,Hicks-Buchanan,Finance,Enterprise,Eritrea,APAC,2025-07-21
14741,Smith PLC,Finance,Enterprise,Saint Vincent and the Grenadines,APAC,2022-07-03
14742,Atkinson LLC,Technology,SMB,Saint Martin,North America,2022-12-16
14743,Jennings Ltd,Finance,Enterprise,Jordan,Europe,2026-04-13
14744,Fisher and Sons,Retail,SMB,Faroe Islands,APAC,2025-02-07
14745,Carney PLC,Finance,Mid-Market,Mexico,North America,2024-06-04
14746,Meyer Ltd,Technology,SMB,Benin,APAC,2023-04-02
14747,Ramos and Sons,Finance,SMB,Antarctica (the territory South of 60 deg S),North America,2025-07-08
14748,Thompson-Gamble,Finance,Mid-Market,Uganda,LATAM,2024-09-14
14749,Jones Ltd,Finance,SMB,Palau,LATAM,2022-10-01
14750,Bradford Inc,Healthcare,Mid-Market,Kiribati,North America,2025-02-08
14751,Woods-Johnson,Manufacturing,Enterprise,Northern Mariana Islands,LATAM,2024-03-18
14752,Carr and Sons,Manufacturing,Enterprise,Sao Tome and Principe,APAC,2025-02-09
14753,Elliott-Navarro,Technology,Enterprise,Macao,APAC,2025-07-02
14754,Perez-Sanchez,Finance,SMB,Slovakia (Slovak Republic),APAC,2024-03-09
14755,Webster-Douglas,Healthcare,Mid-Market,Guatemala,LATAM,2026-05-09
14756,Smith and Sons,Healthcare,SMB,French Polynesia,LATAM,2025-05-22
14757,"Howard, Perez and Larson",Finance,Mid-Market,Anguilla,Europe,2022-12-23
14758,"Brown, Shaw and Roberts",Retail,Mid-Market,Germany,LATAM,2024-01-12
14759,"Davis, Acosta and Sandoval",Retail,Mid-Market,Greenland,APAC,2023-04-07
14760,Cain LLC,Retail,SMB,Bahamas,APAC,2022-07-13
14761,"Tucker, Hall and Little",Healthcare,Enterprise,Slovakia (Slovak Republic),APAC,2024-01-01
14762,"Young, Ritter and Rowland",Technology,Mid-Market,Saint Lucia,North America,2023-01-18
14763,Phillips Ltd,Technology,Mid-Market,Wallis and Futuna,LATAM,2025-10-10
14764,Hunter PLC,Retail,Enterprise,Cambodia,LATAM,2025-10-14
14765,Brooks Inc,Manufacturing,Mid-Market,Western Sahara,LATAM,2026-02-20
14766,Gallegos and Sons,Finance,SMB,Kenya,North America,2024-08-22
14767,Hughes-Davis,Retail,Mid-Market,Tanzania,LATAM,2024-11-15
14768,Rice Group,Manufacturing,Enterprise,Cameroon,APAC,2026-02-01
14769,"Peterson, Anderson and Adams",Finance,Enterprise,Saint Barthelemy,Europe,2023-04-02
14770,West-Ramirez,Manufacturing,Mid-Market,Uganda,Europe,2023-08-21
14771,"Contreras, Hunt and Duffy",Technology,SMB,Norfolk Island,APAC,2022-11-17
14772,Ponce PLC,Technology,Enterprise,Dominican Republic,North America,2022-12-19
14773,"Gardner, Brooks and Wood",Finance,Mid-Market,Madagascar,APAC,2023-12-12
14774,Molina Inc,Technology,Mid-Market,Faroe Islands,North America,2023-12-17
14775,Schmidt Ltd,Manufacturing,SMB,Guatemala,Europe,2024-08-17
14776,Holt and Sons,Retail,SMB,French Guiana,Europe,2024-10-09
14777,"Stone, Sheppard and Snyder",Healthcare,SMB,Saint Vincent and the Grenadines,North America,2025-07-22
14778,"Reeves, Thomas and Garcia",Manufacturing,SMB,Switzerland,APAC,2023-03-26
14779,Powell-Cooper,Finance,SMB,Pakistan,APAC,2022-08-09
14780,Williams-Collier,Manufacturing,Enterprise,Luxembourg,North America,2025-12-12
14781,Liu-Jones,Technology,SMB,French Guiana,LATAM,2022-08-27
14782,"Rivera, Richardson and Pitts",Retail,Mid-Market,French Polynesia,LATAM,2024-12-14
14783,Pham-Nguyen,Finance,SMB,Australia,North America,2026-01-25
14784,Koch Ltd,Manufacturing,Enterprise,Ireland,Europe,2024-09-04
14785,"Turner, Lane and Allison",Manufacturing,SMB,Congo,Europe,2023-04-15
14786,"Murray, Keller and Mack",Healthcare,Enterprise,Thailand,North America,2022-06-24
14787,"Reed, Webb and Gamble",Finance,Mid-Market,Libyan Arab Jamahiriya,LATAM,2026-03-20
14788,Soto-Thompson,Retail,SMB,Gambia,North America,2025-05-02
14789,Atkins-Porter,Manufacturing,Enterprise,Tuvalu,APAC,2024-01-14
14790,Nelson PLC,Retail,Mid-Market,Guyana,APAC,2024-06-21
14791,Olson LLC,Manufacturing,SMB,Djibouti,Europe,2024-06-27
14792,Rodriguez-Hood,Manufacturing,SMB,Bulgaria,North America,2025-07-21
14793,Becker Inc,Manufacturing,Enterprise,Seychelles,Europe,2024-06-15
14794,Fitzgerald Ltd,Finance,Enterprise,North Macedonia,APAC,2025-10-31
14795,White LLC,Manufacturing,Mid-Market,Bosnia and Herzegovina,APAC,2025-03-28
14796,Moore-Robinson,Technology,SMB,Tokelau,Europe,2024-03-18
14797,Ballard Group,Finance,SMB,Guam,LATAM,2023-03-08
14798,Briggs Ltd,Healthcare,Mid-Market,Tajikistan,North America,2023-11-22
14799,"Wilson, Rogers and Garrett",Manufacturing,Mid-Market,Qatar,LATAM,2025-12-03
14800,"Martinez, Foster and Schmidt",Healthcare,Enterprise,Kazakhstan,North America,2026-05-08
14801,Taylor-Nelson,Healthcare,Enterprise,Eritrea,APAC,2025-07-15
14802,"Hamilton, Davila and Everett",Retail,Mid-Market,Seychelles,APAC,2026-05-12
14803,"Ross, Lee and Mason",Healthcare,Enterprise,Andorra,LATAM,2025-10-31
14804,Nicholson Ltd,Healthcare,Enterprise,Christmas Island,North America,2023-12-04
14805,Gonzalez-Cooper,Manufacturing,Enterprise,Colombia,North America,2023-03-07
14806,Lester-Campbell,Retail,Mid-Market,Guatemala,Europe,2025-04-15
14807,Collins-Foster,Finance,Mid-Market,Azerbaijan,Europe,2025-08-04
14808,Greene-Perez,Technology,Enterprise,Honduras,Europe,2023-02-19
14809,"Shaw, Garza and Clark",Finance,Enterprise,Falkland Islands (Malvinas),North America,2022-07-26
14810,Fernandez-Bennett,Finance,Mid-Market,Korea,LATAM,2025-01-29
14811,Bates-Reynolds,Manufacturing,Mid-Market,Belize,Europe,2025-12-02
14812,Scott-Sanchez,Retail,Enterprise,Saint Martin,LATAM,2024-10-04
14813,Parker PLC,Technology,SMB,Northern Mariana Islands,North America,2023-02-01
14814,Gomez PLC,Technology,Enterprise,Korea,North America,2022-12-20
14815,Wells Group,Retail,Mid-Market,Nepal,Europe,2025-10-03
14816,Castillo-Anderson,Finance,Mid-Market,Namibia,Europe,2024-11-09
14817,Jones-Reed,Healthcare,Enterprise,Vanuatu,APAC,2025-03-15
14818,Johnson and Sons,Healthcare,Enterprise,Antarctica (the territory South of 60 deg S),LATAM,2025-02-10
14819,Hall-Chambers,Finance,Enterprise,Slovakia (Slovak Republic),APAC,2025-10-17
14820,Morales PLC,Healthcare,SMB,Djibouti,LATAM,2026-04-04
14821,Johnson LLC,Finance,Mid-Market,Isle of Man,North America,2023-02-04
14822,Hunt Inc,Manufacturing,Enterprise,Pitcairn Islands,LATAM,2022-11-01
14823,Douglas Ltd,Healthcare,SMB,Spain,APAC,2023-11-24
14824,"Henson, Williams and Parker",Manufacturing,Mid-Market,Lebanon,Europe,2023-12-03
14825,Rodriguez LLC,Technology,Enterprise,Congo,North America,2024-06-04
14826,"Crawford, Mcdaniel and Cisneros",Healthcare,SMB,Guyana,North America,2023-04-25
14827,Berry-Mendez,Manufacturing,Enterprise,Micronesia,Europe,2026-03-25
14828,"Hoffman, Hancock and Brown",Finance,Enterprise,Mozambique,LATAM,2024-12-10
14829,Alvarado LLC,Manufacturing,Enterprise,Guadeloupe,APAC,2023-06-01
14830,"Miles, Bauer and Rodriguez",Technology,Mid-Market,Germany,APAC,2022-10-21
14831,Perez Inc,Finance,Mid-Market,Gambia,Europe,2025-07-11
14832,"Vargas, Hunter and Orozco",Healthcare,Enterprise,Liberia,Europe,2023-06-13
14833,Werner and Sons,Retail,SMB,Macao,Europe,2026-02-24
14834,Eaton and Sons,Finance,Enterprise,Faroe Islands,APAC,2025-04-04
14835,Miller-Wilson,Technology,SMB,Sao Tome and Principe,LATAM,2024-09-05
14836,May PLC,Healthcare,Mid-Market,Egypt,Europe,2023-11-28
14837,"Thompson, Perez and Thomas",Healthcare,Mid-Market,French Polynesia,LATAM,2022-09-16
14838,Johnson-Moore,Retail,Enterprise,Croatia,North America,2024-01-07
14839,"Young, Fuller and Barton",Manufacturing,SMB,Iceland,APAC,2025-09-07
14840,"Miller, Lucas and Mcdonald",Finance,Mid-Market,Liechtenstein,Europe,2024-07-20
14841,"Coleman, Bowman and Espinoza",Technology,Mid-Market,Luxembourg,APAC,2023-07-27
14842,Smith-Schultz,Technology,SMB,Uruguay,North America,2025-06-05
14843,Mitchell LLC,Healthcare,Enterprise,Pakistan,LATAM,2022-12-25
14844,Boyd Group,Healthcare,Enterprise,Libyan Arab Jamahiriya,LATAM,2026-02-08
14845,Gonzales PLC,Manufacturing,Enterprise,Angola,LATAM,2025-01-04
14846,Glass-Owen,Healthcare,SMB,Luxembourg,APAC,2025-04-06
14847,"Douglas, Wolfe and Velasquez",Healthcare,Mid-Market,Thailand,APAC,2023-03-18
14848,Clarke-Roy,Retail,Mid-Market,Morocco,North America,2025-06-17
14849,"Wood, Rangel and Mcdonald",Retail,Enterprise,Saint Barthelemy,North America,2022-12-08
14850,Graves LLC,Healthcare,SMB,Brunei Darussalam,APAC,2023-11-11
14851,Allen-Davis,Manufacturing,Enterprise,Chad,APAC,2025-02-09
14852,"Decker, Roman and Murphy",Finance,SMB,Andorra,Europe,2024-04-08
14853,Barnes-Marshall,Manufacturing,Mid-Market,Cote d'Ivoire,North America,2025-02-18
14854,"Owen, Clayton and Lewis",Retail,Mid-Market,Spain,Europe,2025-04-18
14855,Gamble Group,Manufacturing,Mid-Market,Tonga,LATAM,2024-07-10
14856,Green Group,Technology,Mid-Market,Niger,LATAM,2025-03-16
14857,Harvey-Dixon,Technology,Mid-Market,Bolivia,APAC,2024-03-11
14858,"Douglas, Crawford and Fernandez",Finance,Enterprise,Uruguay,APAC,2024-07-25
14859,Harrison-Mann,Technology,SMB,Lithuania,Europe,2023-08-24
14860,"Ferguson, Nelson and Gentry",Retail,Mid-Market,Burundi,North America,2025-03-04
14861,Jones Group,Retail,SMB,Tokelau,LATAM,2023-01-08
14862,Burton Group,Technology,SMB,Romania,APAC,2024-03-09
14863,Harper Group,Healthcare,SMB,Heard Island and McDonald Islands,APAC,2023-11-08
14864,Matthews Group,Finance,Enterprise,Mongolia,APAC,2023-12-09
14865,Swanson-Ramirez,Retail,Enterprise,Suriname,APAC,2025-02-18
14866,"Walker, Davis and Lee",Healthcare,Mid-Market,Germany,LATAM,2023-08-01
14867,"Smith, Maxwell and Taylor",Manufacturing,Mid-Market,Uruguay,Europe,2022-09-11
14868,Robertson and Sons,Healthcare,SMB,Belize,Europe,2024-09-15
14869,"Lopez, Lyons and Hardin",Retail,Mid-Market,Guam,North America,2025-09-16
14870,Brady-Jarvis,Healthcare,Enterprise,Isle of Man,APAC,2022-11-01
14871,"Thomas, Kirby and Dyer",Retail,Enterprise,Mayotte,LATAM,2025-09-18
14872,"Riley, James and Sharp",Manufacturing,SMB,Liberia,North America,2025-05-29
14873,Richard LLC,Technology,Mid-Market,Mayotte,Europe,2023-09-28
14874,Long PLC,Manufacturing,Mid-Market,Vanuatu,LATAM,2023-06-04
14875,"Smith, Ballard and Larsen",Finance,Mid-Market,Kazakhstan,LATAM,2026-05-07
14876,Fisher Inc,Healthcare,SMB,Ecuador,Europe,2024-11-13
14877,Murphy-Wagner,Retail,Enterprise,Djibouti,LATAM,2023-02-14
14878,Hudson-Keller,Manufacturing,Enterprise,Croatia,LATAM,2023-02-11
14879,"Phillips, Huff and Porter",Healthcare,Enterprise,Taiwan,North America,2026-01-15
14880,"Cox, Ramos and Ford",Healthcare,SMB,Timor-Leste,APAC,2024-04-16
14881,"Parker, Stewart and Booth",Healthcare,SMB,Peru,APAC,2024-06-02
14882,Robinson-Roberts,Finance,SMB,India,APAC,2023-02-18
14883,Ellis and Sons,Healthcare,SMB,Mexico,Europe,2024-12-24
14884,"Hopkins, Hill and Sherman",Finance,SMB,Benin,LATAM,2026-05-27
14885,Wilson-Phillips,Healthcare,Mid-Market,Pakistan,LATAM,2025-01-21
14886,Walton-Johnson,Manufacturing,Enterprise,Trinidad and Tobago,APAC,2024-02-14
14887,Alvarez-Pennington,Manufacturing,Enterprise,Fiji,North America,2025-07-02
14888,"Bailey, Johnson and Williams",Healthcare,SMB,Canada,North America,2025-04-17
14889,Sanchez-Lee,Technology,SMB,Faroe Islands,APAC,2025-09-27
14890,Moses Group,Finance,Enterprise,Belize,LATAM,2023-12-17
14891,Cunningham and Sons,Manufacturing,Mid-Market,Saint Vincent and the Grenadines,APAC,2023-07-13
14892,Cameron and Sons,Technology,Mid-Market,Afghanistan,APAC,2025-12-22
14893,Turner LLC,Technology,Mid-Market,Bahamas,North America,2024-08-31
14894,Contreras-Thompson,Retail,Enterprise,Falkland Islands (Malvinas),LATAM,2026-05-07
14895,Velez-Gomez,Technology,Mid-Market,Mozambique,APAC,2023-01-18
14896,"Terry, Campbell and Turner",Retail,Mid-Market,Mongolia,Europe,2023-06-16
14897,Richardson LLC,Technology,Mid-Market,Isle of Man,APAC,2024-12-15
14898,Greer-Lewis,Manufacturing,Enterprise,Liechtenstein,Europe,2022-06-10
14899,"Horton, Bell and Gallegos",Retail,SMB,Latvia,LATAM,2026-06-03
14900,"Rodriguez, White and Palmer",Manufacturing,Mid-Market,San Marino,APAC,2024-04-25
14901,Maddox and Sons,Manufacturing,SMB,Brunei Darussalam,North America,2022-10-20
14902,Delacruz-Mitchell,Manufacturing,Enterprise,British Virgin Islands,Europe,2024-02-06
14903,Gordon-Russell,Finance,SMB,Taiwan,North America,2025-02-06
14904,Jones-Huber,Manufacturing,Enterprise,Bosnia and Herzegovina,Europe,2025-01-24
14905,"Hudson, Harris and Gallagher",Finance,Enterprise,Central African Republic,LATAM,2023-09-18
14906,"Hughes, Robinson and Wilson",Retail,Enterprise,Burundi,LATAM,2025-05-19
14907,"Shaw, Bailey and Thomas",Retail,SMB,Myanmar,Europe,2022-09-24
14908,"Anderson, Tucker and Garcia",Finance,Enterprise,Nicaragua,North America,2022-07-14
14909,Buchanan-Lyons,Finance,Mid-Market,Anguilla,LATAM,2023-07-28
14910,"Johnson, Rivera and Morrison",Finance,Enterprise,Djibouti,LATAM,2025-06-06
14911,Blackwell-Knight,Retail,Enterprise,Canada,Europe,2024-08-24
14912,Castro Group,Finance,Enterprise,Western Sahara,North America,2022-08-12
14913,Wright-Fischer,Manufacturing,Enterprise,Fiji,LATAM,2023-08-18
14914,Maldonado-Johnson,Finance,Mid-Market,Macao,North America,2023-02-27
14915,Wheeler Group,Technology,SMB,Guatemala,North America,2024-06-26
14916,"Wilson, Beard and James",Retail,SMB,Bosnia and Herzegovina,Europe,2022-06-27
14917,Nguyen-Cabrera,Technology,Mid-Market,Montserrat,APAC,2024-08-30
14918,"Brown, Oliver and Williams",Technology,SMB,Mali,LATAM,2025-07-01
14919,"Garcia, Stone and Hernandez",Healthcare,SMB,Tajikistan,APAC,2024-07-28
14920,"Dillon, Thomas and Taylor",Technology,Enterprise,Antarctica (the territory South of 60 deg S),Europe,2024-09-28
14921,Garza Ltd,Healthcare,Mid-Market,Equatorial Guinea,North America,2025-08-05
14922,Jones-Sanders,Finance,Enterprise,Cambodia,LATAM,2024-05-29
14923,Mitchell PLC,Healthcare,Enterprise,Isle of Man,Europe,2023-09-11
14924,"Munoz, Thomas and Warner",Manufacturing,Mid-Market,Vietnam,North America,2023-10-21
14925,Snyder-Velazquez,Technology,Enterprise,Hong Kong,APAC,2023-10-17
14926,Schultz-Huerta,Technology,Mid-Market,Ghana,LATAM,2024-09-04
14927,"Johnson, Smith and Parker",Healthcare,Enterprise,Ireland,Europe,2023-03-05
14928,"Hood, Hensley and Ross",Healthcare,SMB,British Indian Ocean Territory (Chagos Archipelago),Europe,2024-08-24
14929,Willis LLC,Healthcare,Enterprise,Cameroon,APAC,2025-09-17
14930,"Foster, Gonzalez and Fernandez",Technology,Enterprise,Cameroon,LATAM,2023-02-27
14931,Fernandez PLC,Technology,Mid-Market,Turkmenistan,North America,2022-09-28
14932,West PLC,Manufacturing,Enterprise,Guam,LATAM,2024-08-18
14933,Wood-Eaton,Finance,Enterprise,Northern Mariana Islands,North America,2025-09-09
14934,Guerra LLC,Manufacturing,SMB,Uzbekistan,LATAM,2023-10-27
14935,"Landry, Jarvis and Bowman",Finance,SMB,Macao,North America,2023-08-05
14936,Ray LLC,Technology,SMB,Swaziland,Europe,2025-04-04
14937,Alvarado PLC,Healthcare,Enterprise,France,North America,2025-10-30
14938,Hart-Contreras,Technology,Mid-Market,Mexico,North America,2026-04-13
14939,"Fowler, Hernandez and Rollins",Finance,Mid-Market,Costa Rica,LATAM,2024-12-14
14940,Owens Inc,Manufacturing,SMB,Ukraine,LATAM,2022-08-31
14941,Coleman-Leon,Technology,Mid-Market,Palestinian Territory,Europe,2026-01-05
14942,"Payne, Vargas and Castillo",Healthcare,Enterprise,Barbados,North America,2023-10-26
14943,"Tran, Forbes and Medina",Finance,Enterprise,Ethiopia,Europe,2024-09-04
14944,"Phillips, Galloway and Vega",Retail,SMB,South Africa,Europe,2023-06-19
14945,"Perez, Davis and Austin",Manufacturing,Mid-Market,United States Virgin Islands,Europe,2022-10-15
14946,"Curtis, Gonzalez and Malone",Retail,Mid-Market,Finland,APAC,2022-07-17
14947,Ellis PLC,Finance,Enterprise,Tuvalu,Europe,2026-03-26
14948,Graham LLC,Manufacturing,Mid-Market,Belgium,North America,2022-07-03
14949,Cruz PLC,Healthcare,Enterprise,Northern Mariana Islands,LATAM,2024-03-04
14950,Martinez and Sons,Healthcare,Enterprise,Qatar,Europe,2022-10-21
14951,Gilbert-Owens,Finance,Mid-Market,Marshall Islands,APAC,2023-09-04
14952,"Davis, Wilson and Adams",Technology,Enterprise,Honduras,Europe,2024-02-02
14953,"Leblanc, Lara and Arellano",Finance,SMB,United States Minor Outlying Islands,North America,2024-06-01
14954,Stanley-Lewis,Healthcare,Mid-Market,Cook Islands,North America,2026-04-17
14955,Harris and Sons,Technology,Enterprise,Mayotte,North America,2024-01-03
14956,Aguilar-Mcintosh,Technology,Enterprise,Poland,LATAM,2024-07-03
14957,"Ross, Smith and Carter",Finance,SMB,Costa Rica,North America,2022-09-16
14958,Brown Group,Healthcare,SMB,French Guiana,North America,2024-10-15
14959,"Reyes, May and Lopez",Healthcare,Mid-Market,Lebanon,Europe,2024-09-23
14960,"Smith, Fisher and Rose",Manufacturing,Enterprise,Portugal,Europe,2023-09-16
14961,"Hull, Nicholson and Rodriguez",Retail,Enterprise,Seychelles,North America,2022-06-12
14962,Boyd-Phillips,Finance,Mid-Market,Slovakia (Slovak Republic),APAC,2025-12-09
14963,Skinner and Sons,Manufacturing,Mid-Market,Slovakia (Slovak Republic),North America,2025-04-07
14964,Clark Group,Finance,SMB,Turkmenistan,LATAM,2024-04-19
14965,"Howell, White and Parsons",Finance,SMB,Antigua and Barbuda,APAC,2022-07-11
14966,Franco LLC,Finance,Mid-Market,Uzbekistan,LATAM,2024-05-16
14967,"Blackwell, Ryan and Salazar",Technology,Enterprise,Chad,North America,2023-06-13
14968,Barrett-Chan,Retail,SMB,Hungary,Europe,2024-01-20
14969,Brown-Smith,Healthcare,Mid-Market,Montenegro,APAC,2023-11-20
14970,Hendrix PLC,Finance,Mid-Market,United States Minor Outlying Islands,APAC,2024-03-05
14971,Washington-Aguirre,Technology,Enterprise,Saint Lucia,APAC,2024-02-08
14972,"Shaw, Davis and Gomez",Finance,SMB,United Kingdom,LATAM,2025-05-08
14973,"Oliver, Sanchez and Garcia",Retail,SMB,Togo,APAC,2025-10-24
14974,"James, Davis and Roberts",Technology,Enterprise,Timor-Leste,LATAM,2025-02-09
14975,Hopkins-Gardner,Manufacturing,Enterprise,Svalbard & Jan Mayen Islands,Europe,2022-07-09
14976,Hahn-Meyers,Manufacturing,SMB,Uruguay,Europe,2024-11-24
14977,Smith and Sons,Manufacturing,Mid-Market,Lesotho,Europe,2022-06-25
14978,Baker Group,Retail,SMB,Burkina Faso,APAC,2024-10-16
14979,"Fox, Carroll and Martinez",Manufacturing,Mid-Market,Moldova,Europe,2025-11-23
14980,"Bennett, Velasquez and Patterson",Retail,Mid-Market,Micronesia,North America,2022-08-06
14981,Morton-Stephens,Technology,SMB,United States Minor Outlying Islands,Europe,2023-03-13
14982,Becker Inc,Technology,Enterprise,Senegal,Europe,2023-01-29
14983,Kennedy-Martinez,Healthcare,Mid-Market,Madagascar,Europe,2024-12-12
14984,Williams-Roberts,Manufacturing,SMB,Kyrgyz Republic,North America,2024-09-11
14985,"Jordan, Hendricks and Mcdonald",Technology,SMB,Azerbaijan,LATAM,2024-06-12
14986,"Walsh, Bradley and Wright",Retail,Enterprise,Trinidad and Tobago,LATAM,2023-07-08
14987,Woods-Ferguson,Manufacturing,Mid-Market,Slovakia (Slovak Republic),LATAM,2024-03-02
14988,"Edwards, Nichols and Thomas",Technology,Enterprise,Moldova,LATAM,2024-07-26
14989,"Mata, Holt and Lopez",Manufacturing,Enterprise,Saint Martin,APAC,2024-06-01
14990,Powell Inc,Manufacturing,Mid-Market,Somalia,Europe,2025-06-13
14991,Mcgee-Reed,Technology,Enterprise,Cameroon,Europe,2023-01-16
14992,Bryant-Shaw,Manufacturing,Enterprise,Mayotte,APAC,2025-01-31
14993,"Schneider, Black and Guerra",Manufacturing,SMB,Lebanon,North America,2024-09-28
14994,"Harris, Adams and Ward",Technology,SMB,Palestinian Territory,North America,2025-09-01
14995,"Shea, Daniel and Colon",Technology,Enterprise,Swaziland,Europe,2025-12-21
14996,Cook-Stewart,Manufacturing,Mid-Market,Bermuda,Europe,2023-07-27
14997,"Carter, Brown and White",Finance,SMB,Austria,APAC,2024-04-17
14998,"Mitchell, Tapia and Moore",Technology,SMB,Ethiopia,LATAM,2022-08-01
14999,Austin LLC,Finance,Mid-Market,Grenada,Europe,2024-11-04
15000,"Short, Boyer and Young",Retail,Enterprise,Vanuatu,Europe,2024-11-01
15001,Wilson Inc,Manufacturing,SMB,Vanuatu,APAC,2025-04-28
15002,Lopez-Rogers,Manufacturing,SMB,Brazil,North America,2023-02-08
15003,Campos-Gonzalez,Retail,SMB,Falkland Islands (Malvinas),APAC,2026-04-16
15004,Santos PLC,Healthcare,Enterprise,Moldova,Europe,2024-06-30
15005,Martinez PLC,Retail,Mid-Market,Kiribati,Europe,2024-09-09
15006,Coffey-Moore,Retail,SMB,Suriname,APAC,2025-05-23
15007,Norman-Roth,Retail,Mid-Market,Uzbekistan,LATAM,2023-09-23
15008,"Cox, Morgan and Martinez",Manufacturing,Mid-Market,Anguilla,Europe,2026-04-27
15009,Caldwell PLC,Manufacturing,Mid-Market,Israel,APAC,2022-11-07
15010,"Mills, Smith and Garza",Retail,SMB,Myanmar,North America,2023-11-16
15011,Velasquez-Gibbs,Finance,SMB,Benin,Europe,2022-12-14
15012,Larson-Wagner,Technology,SMB,Dominican Republic,Europe,2023-12-08
15013,"Vang, Ramsey and Ramirez",Technology,SMB,Antarctica (the territory South of 60 deg S),North America,2025-12-17
15014,Cook Group,Retail,Enterprise,Portugal,LATAM,2024-05-24
15015,"Reyes, Murphy and Miller",Finance,Mid-Market,Puerto Rico,Europe,2022-11-15
15016,"Nelson, Rodriguez and Orr",Technology,SMB,Taiwan,Europe,2025-11-08
15017,Zimmerman Group,Manufacturing,SMB,Ireland,North America,2025-11-24
15018,Johnson Ltd,Retail,Mid-Market,Papua New Guinea,LATAM,2024-10-18
15019,"Sherman, Vasquez and Howard",Healthcare,SMB,Norfolk Island,APAC,2025-09-09
15020,Carter Group,Manufacturing,SMB,Botswana,Europe,2023-12-06
15021,"Daniels, Ward and Morales",Healthcare,Mid-Market,Aruba,North America,2025-02-28
15022,"Smith, Jensen and Mosley",Retail,Mid-Market,Cote d'Ivoire,Europe,2026-05-04
15023,"Haley, Williams and Peters",Retail,SMB,Panama,Europe,2025-04-09
15024,Gonzalez Group,Healthcare,Mid-Market,Cayman Islands,North America,2024-09-25
15025,Marks Group,Finance,SMB,Singapore,North America,2025-01-07
15026,Bentley-Anderson,Finance,Enterprise,Bhutan,Europe,2026-05-23
15027,"Martin, Garcia and Mayer",Retail,Enterprise,Reunion,APAC,2024-12-27
15028,Castillo Inc,Technology,Enterprise,Afghanistan,Europe,2024-03-28
15029,Davila and Sons,Finance,Enterprise,Egypt,North America,2022-11-24
15030,Gibbs and Sons,Retail,Enterprise,Georgia,LATAM,2022-10-31
15031,Patterson Inc,Technology,Enterprise,Gambia,LATAM,2024-08-16
15032,Martinez-Garcia,Manufacturing,Mid-Market,Belarus,Europe,2026-04-12
15033,Hamilton and Sons,Healthcare,Enterprise,Monaco,LATAM,2023-08-01
15034,Soto and Sons,Retail,SMB,Latvia,Europe,2023-05-24
15035,"Moore, Bradley and Wallace",Technology,Enterprise,Paraguay,APAC,2024-04-29
15036,Shelton LLC,Finance,Mid-Market,Somalia,LATAM,2024-09-10
15037,"Fields, Newman and Collins",Healthcare,Mid-Market,Latvia,APAC,2025-05-05
15038,Mathews-Tran,Technology,Mid-Market,Chad,North America,2022-11-26
15039,Young LLC,Technology,Enterprise,Peru,APAC,2025-01-09
15040,Rice-Cole,Finance,Mid-Market,Taiwan,North America,2024-10-16
15041,"Rodgers, Martinez and Reed",Retail,Enterprise,Pitcairn Islands,LATAM,2026-05-19
15042,Banks PLC,Technology,Enterprise,Greece,Europe,2024-10-12
15043,Flowers Inc,Manufacturing,SMB,Guernsey,APAC,2024-01-21
15044,Mendez-Smith,Retail,Mid-Market,Martinique,LATAM,2024-02-14
15045,Cox Ltd,Manufacturing,SMB,Brunei Darussalam,North America,2023-12-16
15046,"Murphy, Brown and Miller",Finance,Mid-Market,British Indian Ocean Territory (Chagos Archipelago),Europe,2024-05-03
15047,Parrish-Joseph,Healthcare,Enterprise,Pitcairn Islands,LATAM,2025-09-26
15048,Rodriguez Group,Finance,SMB,Bangladesh,LATAM,2026-05-04
15049,May Inc,Technology,SMB,Turkey,APAC,2026-05-14
15050,Robinson-Robbins,Finance,Enterprise,Lesotho,APAC,2022-09-13
15051,Smith-Davis,Technology,Mid-Market,Saint Lucia,LATAM,2023-12-24
15052,Callahan-Johnson,Finance,Mid-Market,Burundi,North America,2026-04-02
15053,"Allen, Ryan and Lawson",Manufacturing,SMB,Azerbaijan,APAC,2024-07-01
15054,"Guzman, Young and Nunez",Retail,Enterprise,Saint Barthelemy,North America,2026-04-29
15055,Murphy LLC,Manufacturing,Enterprise,Suriname,LATAM,2022-08-11
15056,Rice-Velasquez,Manufacturing,Enterprise,Montenegro,Europe,2024-08-06
15057,Nelson Ltd,Healthcare,Enterprise,Slovenia,Europe,2023-05-03
15058,Taylor PLC,Technology,SMB,Armenia,APAC,2025-02-11
15059,"Carr, Harvey and Morrison",Manufacturing,Mid-Market,Albania,Europe,2026-03-17
15060,Sanchez LLC,Manufacturing,Enterprise,Brunei Darussalam,APAC,2023-01-16
15061,Jones Group,Finance,SMB,Germany,APAC,2023-09-10
15062,Sanders and Sons,Healthcare,SMB,Togo,LATAM,2023-10-20
15063,Burke-Richardson,Retail,Mid-Market,Vietnam,Europe,2025-01-19
15064,Taylor PLC,Healthcare,Enterprise,Ethiopia,LATAM,2023-09-23
15065,Williams LLC,Healthcare,Mid-Market,Trinidad and Tobago,LATAM,2024-01-14
15066,"Crawford, Orozco and Garcia",Manufacturing,Enterprise,Colombia,Europe,2022-07-21
15067,Gray-Perez,Manufacturing,Mid-Market,Guernsey,LATAM,2025-03-13
15068,Owens LLC,Technology,Mid-Market,Netherlands,North America,2025-08-13
15069,Scott LLC,Manufacturing,Mid-Market,Guyana,Europe,2025-07-19
15070,Willis LLC,Healthcare,Mid-Market,Pakistan,Europe,2025-06-28
15071,Johnson-Rivera,Manufacturing,Mid-Market,Grenada,North America,2024-10-26
15072,Price Group,Retail,Mid-Market,Tajikistan,North America,2025-01-19
15073,Ferrell PLC,Manufacturing,Mid-Market,Mali,Europe,2022-11-11
15074,"Vasquez, Lynch and Wiggins",Healthcare,Mid-Market,Pitcairn Islands,LATAM,2023-06-14
15075,Johnson LLC,Healthcare,SMB,South Africa,LATAM,2026-03-30
15076,Harvey Group,Finance,Enterprise,Lao People's Democratic Republic,LATAM,2023-03-24
15077,Gray Ltd,Finance,SMB,Moldova,LATAM,2025-09-30
15078,Lee-Moon,Healthcare,SMB,Guam,North America,2023-12-30
15079,Henderson and Sons,Manufacturing,Mid-Market,Maldives,Europe,2025-07-12
15080,Silva LLC,Manufacturing,SMB,Cote d'Ivoire,APAC,2023-02-05
15081,Jimenez-Henry,Retail,Enterprise,China,Europe,2024-12-04
15082,"Ross, Maynard and Gomez",Manufacturing,SMB,Korea,North America,2024-06-06
15083,James and Sons,Manufacturing,Mid-Market,Slovakia (Slovak Republic),APAC,2024-10-10
15084,"Phillips, King and Bennett",Healthcare,Enterprise,Faroe Islands,LATAM,2024-11-03
15085,Ramirez-Kennedy,Retail,SMB,Rwanda,LATAM,2026-06-03
15086,"Espinoza, Bennett and Edwards",Healthcare,SMB,Malta,North America,2025-12-03
15087,Rodriguez-Johnson,Retail,Enterprise,Western Sahara,LATAM,2022-06-22
15088,"Cox, Parker and Johnson",Manufacturing,Enterprise,Nauru,North America,2023-08-01
15089,Nichols PLC,Finance,Enterprise,Madagascar,Europe,2024-06-20
15090,White-Wheeler,Finance,Mid-Market,Montserrat,APAC,2022-09-05
15091,Brooks-Thompson,Technology,SMB,Guinea,APAC,2025-07-05
15092,Martin LLC,Retail,Enterprise,Mauritania,Europe,2024-11-13
15093,Coleman-Tucker,Healthcare,Mid-Market,San Marino,North America,2023-12-24
15094,"Davenport, Rivers and Barrera",Healthcare,Enterprise,Georgia,Europe,2022-10-28
15095,"Carlson, Hayes and Moore",Retail,SMB,Armenia,Europe,2022-06-20
15096,"Morgan, Hill and Odonnell",Manufacturing,Mid-Market,Sierra Leone,Europe,2025-02-16
15097,Roberts Inc,Retail,SMB,Armenia,APAC,2022-11-11
15098,Vang Inc,Healthcare,Mid-Market,Lesotho,North America,2022-08-06
15099,Lopez-Miller,Retail,Mid-Market,San Marino,LATAM,2023-12-06
15100,Sims Ltd,Finance,Enterprise,Bahrain,North America,2022-10-03
15101,Meyer-Waller,Technology,SMB,Zambia,Europe,2023-10-13
15102,Mason Ltd,Technology,Mid-Market,Russian Federation,Europe,2025-04-11
15103,Duke-Taylor,Finance,Mid-Market,Kiribati,APAC,2026-02-14
15104,Hernandez Inc,Finance,SMB,Somalia,LATAM,2024-04-25
15105,Bell Group,Healthcare,Enterprise,Tajikistan,LATAM,2024-03-13
15106,Sharp-Rivera,Technology,Enterprise,Thailand,North America,2025-06-22
15107,Walker Ltd,Finance,Mid-Market,Uruguay,Europe,2026-02-11
15108,Villa Inc,Healthcare,SMB,Algeria,APAC,2026-03-14
15109,"Parks, Martinez and Price",Finance,Enterprise,Cambodia,North America,2022-07-11
15110,Gallegos-Copeland,Healthcare,Mid-Market,Western Sahara,North America,2025-07-06
15111,Woods Group,Technology,Mid-Market,Micronesia,APAC,2024-04-01
15112,"Bailey, Peterson and Alvarez",Retail,Mid-Market,Afghanistan,North America,2024-04-27
15113,"Davis, Mullins and Lyons",Technology,Enterprise,Isle of Man,APAC,2024-04-12
15114,"Lee, Mills and Ray",Retail,SMB,Namibia,Europe,2025-07-16
15115,King LLC,Finance,Mid-Market,El Salvador,LATAM,2026-04-20
15116,"Schneider, Carlson and Williamson",Retail,SMB,Suriname,North America,2025-08-15
15117,Simpson-Stewart,Manufacturing,Enterprise,Turkmenistan,Europe,2023-09-23
15118,"Compton, Hall and Campbell",Finance,Enterprise,Seychelles,Europe,2023-06-27
15119,Aguirre PLC,Manufacturing,Enterprise,British Indian Ocean Territory (Chagos Archipelago),North America,2025-03-30
15120,Gutierrez-Hunter,Manufacturing,Mid-Market,Svalbard & Jan Mayen Islands,APAC,2024-12-10
15121,"Leon, Haynes and Frederick",Manufacturing,Enterprise,Fiji,Europe,2026-02-08
15122,Lopez-Bennett,Healthcare,SMB,Swaziland,North America,2023-01-23
15123,Zavala-Smith,Finance,Enterprise,Brunei Darussalam,LATAM,2024-02-05
15124,"Hicks, Perez and Deleon",Manufacturing,Enterprise,Uzbekistan,LATAM,2026-02-22
15125,Garza Group,Retail,Enterprise,Peru,Europe,2026-01-20
15126,"Wolf, Herring and Miller",Manufacturing,Mid-Market,Saint Barthelemy,Europe,2026-03-19
15127,Griffin-Herrera,Finance,SMB,Holy See (Vatican City State),Europe,2025-04-23
15128,"Rodriguez, Jones and Chase",Healthcare,Mid-Market,Peru,Europe,2022-08-18
15129,Small Ltd,Finance,SMB,Lebanon,Europe,2026-04-08
15130,Swanson LLC,Retail,Mid-Market,Tuvalu,APAC,2026-02-25
15131,Davila and Sons,Manufacturing,Enterprise,Palestinian Territory,APAC,2023-01-20
15132,Vasquez LLC,Manufacturing,Mid-Market,Bulgaria,Europe,2024-08-15
15133,"Le, Ford and Rivera",Manufacturing,Mid-Market,Korea,North America,2023-04-04
15134,Cummings-Douglas,Retail,Enterprise,Malta,North America,2024-07-22
15135,Hall and Sons,Technology,Enterprise,Zambia,APAC,2025-08-21
15136,"Porter, Hudson and Crane",Healthcare,SMB,Senegal,North America,2024-09-24
15137,Nguyen Inc,Finance,Enterprise,Kazakhstan,North America,2024-12-24
15138,Smith and Sons,Retail,SMB,Poland,North America,2025-11-28
15139,Green Ltd,Technology,SMB,Qatar,North America,2022-11-07
15140,Fernandez-Keith,Finance,SMB,Holy See (Vatican City State),LATAM,2025-10-11
15141,"Smith, Huff and Reeves",Technology,Mid-Market,Niger,LATAM,2022-09-16
15142,"Rodriguez, Barnett and Bishop",Finance,Enterprise,Oman,Europe,2024-12-19
15143,Carroll-Hicks,Retail,SMB,Tanzania,APAC,2022-08-17
15144,"Edwards, Mcclure and Brown",Technology,Enterprise,Gabon,North America,2024-11-14
15145,"Love, Johnson and Price",Retail,Enterprise,Italy,Europe,2022-10-02
15146,Martin LLC,Manufacturing,Enterprise,Costa Rica,North America,2022-07-05
15147,Nguyen-Lamb,Healthcare,Mid-Market,Bangladesh,Europe,2023-10-19
15148,Thomas Group,Manufacturing,SMB,Christmas Island,North America,2023-05-14
15149,Fisher-Tran,Manufacturing,Enterprise,Saudi Arabia,APAC,2025-06-22
15150,"Fuller, Smith and Gray",Technology,Mid-Market,United States Virgin Islands,Europe,2026-05-12
15151,Hunt Group,Retail,SMB,Ecuador,APAC,2025-06-11
15152,Watkins Ltd,Retail,SMB,Puerto Rico,LATAM,2022-06-18
15153,Knight Ltd,Healthcare,Enterprise,Azerbaijan,Europe,2025-11-30
15154,Navarro and Sons,Technology,Mid-Market,Reunion,Europe,2023-07-05
15155,Norton-Silva,Retail,SMB,Cyprus,Europe,2026-05-21
15156,"Lawrence, Stevens and Fitzgerald",Finance,Mid-Market,Norfolk Island,APAC,2023-08-08
15157,"White, Oconnor and Gonzalez",Manufacturing,SMB,Norway,Europe,2025-01-22
15158,"Anderson, Soto and Figueroa",Manufacturing,Mid-Market,Tonga,LATAM,2024-03-10
15159,"Hart, Logan and Shields",Technology,Enterprise,Palestinian Territory,North America,2026-03-11
15160,"Howard, Smith and Miller",Manufacturing,Enterprise,French Polynesia,Europe,2026-01-01
15161,Hudson Group,Finance,Mid-Market,El Salvador,LATAM,2025-05-02
15162,Murray Ltd,Finance,SMB,Iran,Europe,2026-03-21
15163,Hogan Inc,Manufacturing,Mid-Market,Dominica,Europe,2023-09-24
15164,Williams Inc,Finance,Enterprise,Grenada,Europe,2025-01-10
15165,"Moreno, Greene and Cooper",Finance,SMB,Anguilla,APAC,2024-02-01
15166,"Roy, Nelson and Murphy",Retail,SMB,Saint Martin,LATAM,2024-01-16
15167,"Drake, Anderson and Williams",Manufacturing,Enterprise,Libyan Arab Jamahiriya,APAC,2024-08-20
15168,"Clements, Horton and Baker",Retail,Enterprise,Saint Helena,Europe,2022-07-29
15169,Torres Inc,Healthcare,SMB,Holy See (Vatican City State),APAC,2025-07-26
15170,Ellis-Valdez,Technology,Mid-Market,Samoa,Europe,2023-11-20
15171,Rivera-Morton,Healthcare,SMB,Tonga,LATAM,2023-05-11
15172,Peterson LLC,Manufacturing,Mid-Market,Christmas Island,Europe,2025-06-15
15173,Huff Inc,Finance,Enterprise,Equatorial Guinea,APAC,2024-08-01
15174,"Rodgers, Schneider and Martin",Retail,Mid-Market,Montenegro,North America,2024-10-19
15175,James Ltd,Finance,SMB,Niger,North America,2026-01-17
15176,"Chavez, Hunt and Bell",Technology,Mid-Market,Saint Kitts and Nevis,LATAM,2024-08-30
15177,Parks-Miller,Finance,SMB,South Georgia and the South Sandwich Islands,North America,2025-09-19
15178,Thomas PLC,Finance,Enterprise,Liberia,Europe,2023-04-15
15179,"Stewart, Nelson and Edwards",Retail,Mid-Market,Turks and Caicos Islands,APAC,2026-01-30
15180,Young Ltd,Retail,Enterprise,Niue,Europe,2026-01-05
15181,Cameron Ltd,Technology,Enterprise,Uganda,LATAM,2023-07-24
15182,Brooks and Sons,Healthcare,Enterprise,Uruguay,North America,2023-04-28
15183,"Lewis, Barnes and Ferrell",Technology,Enterprise,Cook Islands,APAC,2025-10-06
15184,Butler-Barnett,Finance,Enterprise,United States Virgin Islands,Europe,2025-12-15
15185,"Mccarthy, Davis and Jackson",Technology,SMB,Cayman Islands,Europe,2024-01-08
15186,Lewis PLC,Finance,SMB,Monaco,APAC,2024-04-18
15187,Patterson LLC,Healthcare,Enterprise,Greenland,North America,2023-04-19
15188,Butler PLC,Healthcare,Enterprise,Tajikistan,LATAM,2024-09-22
15189,Casey PLC,Retail,Enterprise,Swaziland,APAC,2025-03-22
15190,Arroyo-Vasquez,Finance,Mid-Market,Korea,APAC,2026-03-12
15191,Rodriguez and Sons,Healthcare,SMB,Grenada,North America,2023-09-30
15192,"Stone, Herrera and Gonzalez",Finance,Mid-Market,Cayman Islands,North America,2024-11-13
15193,Perkins Ltd,Manufacturing,SMB,United States Minor Outlying Islands,North America,2024-01-14
15194,"Thompson, Jones and Williams",Healthcare,Mid-Market,Gambia,Europe,2024-02-05
15195,Chavez-Tate,Finance,Mid-Market,Kenya,APAC,2023-07-25
15196,"Beltran, Woodward and Davis",Technology,Mid-Market,Libyan Arab Jamahiriya,LATAM,2024-02-20
15197,Adams-Lozano,Retail,Enterprise,Qatar,LATAM,2023-12-28
15198,"Alexander, Baird and Barber",Technology,Mid-Market,Libyan Arab Jamahiriya,North America,2023-09-07
15199,"Nguyen, Church and Gomez",Finance,SMB,Samoa,Europe,2024-12-12
15200,Kelly-Hughes,Technology,Mid-Market,Canada,North America,2025-11-04
15201,Holt-Henry,Healthcare,Enterprise,Egypt,LATAM,2023-04-24
15202,Lin Ltd,Healthcare,SMB,San Marino,Europe,2024-07-20
15203,Perkins-Murray,Manufacturing,Mid-Market,Namibia,Europe,2023-01-01
15204,"Mcdaniel, Maynard and Schroeder",Healthcare,SMB,Mauritius,Europe,2026-02-01
15205,Walters Inc,Finance,Enterprise,Mexico,APAC,2026-03-12
15206,Barry LLC,Manufacturing,Mid-Market,Saint Pierre and Miquelon,APAC,2024-04-05
15207,"Martin, Green and Wolfe",Healthcare,SMB,Spain,APAC,2024-06-17
15208,Valdez-Sherman,Healthcare,Enterprise,Switzerland,APAC,2024-05-17
15209,"Vargas, Brown and Hughes",Finance,Enterprise,Macao,North America,2024-09-09
15210,Hopkins-Cowan,Finance,Mid-Market,Chile,APAC,2024-12-06
15211,Melton-Shaffer,Technology,Mid-Market,Cocos (Keeling) Islands,LATAM,2026-05-08
15212,Garcia-Hill,Retail,Enterprise,Iceland,North America,2022-08-30
15213,"Ray, Pope and Lewis",Technology,Mid-Market,Maldives,Europe,2024-06-28
15214,Leon LLC,Healthcare,Mid-Market,Zambia,North America,2022-09-06
15215,"Cantrell, Price and Duran",Technology,Mid-Market,Kenya,North America,2023-04-25
15216,"Luna, Lee and Johnson",Technology,Enterprise,Saint Barthelemy,North America,2026-03-20
15217,Woodard Ltd,Technology,Mid-Market,Western Sahara,LATAM,2026-04-10
15218,Robinson Ltd,Finance,SMB,Reunion,Europe,2023-06-25
15219,"Gray, Schmidt and Jackson",Technology,Enterprise,Micronesia,North America,2023-07-09
15220,"Pratt, Brady and White",Retail,Mid-Market,Montserrat,LATAM,2025-06-10
15221,Hunt-White,Finance,Enterprise,Turkey,Europe,2023-07-14
15222,Cain PLC,Healthcare,Enterprise,Bahamas,APAC,2022-10-04
15223,"Hammond, Williams and Craig",Manufacturing,Enterprise,Israel,APAC,2024-09-18
15224,Young LLC,Finance,SMB,Svalbard & Jan Mayen Islands,Europe,2025-09-07
15225,"Peterson, Webb and Mathis",Manufacturing,SMB,Belarus,Europe,2023-12-17
15226,Yang-Martinez,Finance,Enterprise,Argentina,North America,2022-11-27
15227,Pittman-Flynn,Technology,SMB,Bahamas,Europe,2025-08-09
15228,Hamilton Inc,Finance,SMB,Czech Republic,LATAM,2025-11-19
15229,"Gallagher, Sims and Chen",Finance,Enterprise,Lao People's Democratic Republic,North America,2023-01-24
15230,Ramos LLC,Manufacturing,Mid-Market,Taiwan,LATAM,2026-02-08
15231,Patel-Brewer,Healthcare,Mid-Market,Greenland,APAC,2024-04-02
15232,Cline-Delacruz,Retail,SMB,Switzerland,LATAM,2024-03-05
15233,"Bates, Bowers and Phelps",Technology,SMB,Eritrea,North America,2025-07-29
15234,"Chandler, Wilkins and Rice",Retail,Mid-Market,Vanuatu,Europe,2025-10-24
15235,Parks-Hernandez,Manufacturing,Enterprise,Saint Kitts and Nevis,North America,2025-10-06
15236,"Torres, Glover and Glenn",Finance,Enterprise,Greece,LATAM,2025-06-19
15237,"Barker, Graves and Tucker",Manufacturing,Enterprise,Reunion,APAC,2022-11-14
15238,Smith-Figueroa,Manufacturing,Mid-Market,Syrian Arab Republic,North America,2024-05-08
15239,Thompson PLC,Healthcare,Mid-Market,India,North America,2024-08-06
15240,"Anderson, Aguilar and Navarro",Retail,SMB,Turks and Caicos Islands,APAC,2023-10-08
15241,"Simmons, Ramos and Crosby",Healthcare,Mid-Market,Guinea-Bissau,APAC,2026-01-07
15242,Hall and Sons,Finance,Enterprise,Bouvet Island (Bouvetoya),Europe,2026-04-01
15243,"Lopez, Sanchez and Rhodes",Finance,Enterprise,Taiwan,North America,2023-03-22
15244,Bennett-Chapman,Healthcare,Mid-Market,Trinidad and Tobago,Europe,2022-12-27
15245,"Anderson, Mcfarland and Kaufman",Retail,Enterprise,British Indian Ocean Territory (Chagos Archipelago),APAC,2023-11-16
15246,White PLC,Finance,Enterprise,Lesotho,North America,2022-07-27
15247,Hawkins and Sons,Manufacturing,SMB,British Indian Ocean Territory (Chagos Archipelago),North America,2022-09-21
15248,Hamilton-Jones,Retail,SMB,Netherlands Antilles,Europe,2024-07-25
15249,"Cooley, Rich and Fowler",Healthcare,SMB,Taiwan,LATAM,2025-11-22
15250,Davis-Jackson,Manufacturing,SMB,Belize,LATAM,2024-12-25
15251,"Quinn, Williamson and Acosta",Healthcare,Enterprise,Congo,North America,2022-12-24
15252,"Andrews, Ballard and Petty",Finance,Enterprise,Djibouti,North America,2024-06-15
15253,"Hamilton, Brown and Jenkins",Retail,SMB,Ukraine,Europe,2025-10-29
15254,Ellis-Merritt,Healthcare,Enterprise,United States of America,North America,2022-07-02
15255,"Barnett, Moore and Johnson",Technology,Mid-Market,Luxembourg,Europe,2022-09-01
15256,"Watson, Wheeler and White",Manufacturing,Mid-Market,Guam,LATAM,2024-02-17
15257,Maynard and Sons,Healthcare,Mid-Market,Israel,Europe,2026-01-12
15258,"Kelly, Lee and Sanford",Technology,Mid-Market,Hungary,North America,2023-05-09
15259,Jennings-Johnson,Healthcare,SMB,Nauru,Europe,2024-12-20
15260,Smith Inc,Manufacturing,Mid-Market,Bosnia and Herzegovina,North America,2024-09-08
15261,Pratt-Rios,Technology,SMB,Czech Republic,Europe,2025-01-04
15262,"Fox, Roberts and Logan",Finance,Enterprise,Guinea,North America,2023-11-30
15263,Warren-Chandler,Healthcare,Enterprise,Malawi,North America,2025-10-05
15264,"Tate, Thompson and Waters",Retail,SMB,Mauritius,North America,2022-09-28
15265,Salinas-Cherry,Retail,Mid-Market,Italy,LATAM,2024-01-22
15266,"Flores, Aguilar and Garza",Healthcare,Mid-Market,Uganda,Europe,2023-10-13
15267,"Bennett, Klein and Williams",Technology,SMB,South Africa,APAC,2025-08-22
15268,Mueller Inc,Technology,Mid-Market,Bahrain,Europe,2023-07-20
15269,"Baker, Dunn and Dawson",Finance,Enterprise,Samoa,Europe,2026-06-03
15270,Delacruz-Woodward,Healthcare,Enterprise,Dominican Republic,LATAM,2025-07-06
15271,Davis-Snyder,Healthcare,SMB,Liberia,LATAM,2024-07-14
15272,Villarreal Ltd,Finance,Mid-Market,Cote d'Ivoire,Europe,2024-01-01
15273,Odonnell Group,Technology,SMB,Kiribati,North America,2023-06-24
15274,Smith Inc,Finance,Mid-Market,Madagascar,LATAM,2026-03-06
15275,"Salazar, Watson and Castro",Manufacturing,Mid-Market,Romania,APAC,2025-01-05
15276,Smith-Hayes,Manufacturing,SMB,Falkland Islands (Malvinas),LATAM,2025-07-30
15277,Cook-Miller,Technology,Mid-Market,Cote d'Ivoire,Europe,2025-11-05
15278,"Smith, Harvey and Bailey",Manufacturing,SMB,Cote d'Ivoire,LATAM,2025-09-23
15279,Braun Inc,Retail,SMB,Uganda,LATAM,2024-11-02
15280,"Miller, Thomas and Patterson",Retail,Enterprise,Nicaragua,Europe,2023-05-02
15281,Stone-Patterson,Healthcare,SMB,Albania,Europe,2024-09-20
15282,Hubbard LLC,Finance,SMB,Hungary,APAC,2025-04-25
15283,"Roman, Robinson and Baker",Healthcare,SMB,Austria,North America,2023-03-20
15284,"Figueroa, Williams and Lutz",Retail,SMB,Uganda,Europe,2023-10-17
15285,"Romero, Gonzalez and Alvarez",Healthcare,SMB,Moldova,APAC,2025-01-02
15286,"Tucker, Guzman and Howard",Retail,SMB,Bulgaria,Europe,2024-09-17
15287,"Campbell, Moore and Bass",Healthcare,Mid-Market,Tuvalu,LATAM,2023-08-26
15288,"Sandoval, Trevino and Hamilton",Retail,Enterprise,Antigua and Barbuda,Europe,2023-02-21
15289,Valdez and Sons,Healthcare,Mid-Market,Cuba,Europe,2022-12-04
15290,"Farmer, Miller and Richardson",Retail,Enterprise,Tuvalu,LATAM,2025-07-30
15291,Sims and Sons,Finance,Mid-Market,Andorra,APAC,2026-05-16
15292,Duran-Lambert,Healthcare,Enterprise,Slovakia (Slovak Republic),LATAM,2025-08-01
15293,Daugherty-Vazquez,Retail,SMB,Timor-Leste,Europe,2023-02-10
15294,Camacho-Dodson,Healthcare,Mid-Market,Oman,LATAM,2023-03-28
15295,Johnson Inc,Healthcare,SMB,Benin,LATAM,2022-09-16
15296,"Wright, Thompson and Hobbs",Finance,Enterprise,Madagascar,North America,2022-09-06
15297,Miller Ltd,Manufacturing,SMB,Taiwan,APAC,2022-09-29
15298,"Cooper, Rose and Klein",Manufacturing,SMB,Cameroon,Europe,2025-07-08
15299,Castro PLC,Retail,Mid-Market,Guinea,Europe,2023-03-02
15300,Henderson-Ho,Finance,Enterprise,Bosnia and Herzegovina,LATAM,2024-05-28
15301,Wheeler and Sons,Manufacturing,Enterprise,Lao People's Democratic Republic,North America,2025-04-03
15302,"Jones, Salazar and Levy",Retail,Enterprise,Barbados,APAC,2023-12-18
15303,"Adkins, Jackson and Espinoza",Manufacturing,Mid-Market,Japan,North America,2025-02-10
15304,Norman-Whitehead,Manufacturing,Mid-Market,Canada,LATAM,2024-12-03
15305,"Cohen, Fisher and Hanson",Retail,SMB,Bolivia,Europe,2026-01-26
15306,Moore-Brown,Finance,Mid-Market,New Caledonia,Europe,2026-05-07
15307,"Williams, Miller and Elliott",Retail,Mid-Market,Christmas Island,LATAM,2026-06-05
15308,Casey-Lynch,Healthcare,Mid-Market,Russian Federation,Europe,2023-01-21
15309,Poole Inc,Manufacturing,Mid-Market,United States of America,APAC,2024-12-22
15310,"Rhodes, Bautista and Washington",Finance,Mid-Market,Kuwait,Europe,2024-11-28
15311,Gonzalez-Baker,Retail,SMB,Italy,LATAM,2025-12-28
15312,Jones PLC,Technology,SMB,Solomon Islands,APAC,2026-02-18
15313,"Heath, Bean and Marquez",Retail,Enterprise,Tuvalu,LATAM,2022-09-03
15314,Reed-James,Finance,SMB,Palau,APAC,2023-03-20
15315,Murphy PLC,Finance,SMB,Afghanistan,APAC,2023-09-17
15316,"Moran, Mccoy and Lopez",Technology,Enterprise,Peru,APAC,2024-09-16
15317,Carson and Sons,Healthcare,SMB,Togo,Europe,2023-11-03
15318,Little PLC,Manufacturing,Mid-Market,Holy See (Vatican City State),North America,2022-07-25
15319,Jenkins and Sons,Manufacturing,Mid-Market,Peru,Europe,2025-05-25
15320,"Foster, Benitez and Davis",Finance,SMB,Isle of Man,LATAM,2024-05-09
15321,Lopez Group,Technology,Mid-Market,Lao People's Democratic Republic,Europe,2023-09-05
15322,Thompson Group,Healthcare,Enterprise,Brazil,LATAM,2023-09-24
15323,"Jones, Roberts and Moon",Healthcare,Enterprise,Zimbabwe,APAC,2024-06-23
15324,Butler Inc,Technology,Enterprise,Jersey,LATAM,2026-01-06
15325,"Campbell, Griffin and Ellis",Healthcare,Mid-Market,Equatorial Guinea,LATAM,2023-05-08
15326,Park PLC,Healthcare,SMB,Estonia,North America,2025-06-30
15327,Thornton-Taylor,Retail,Mid-Market,Norway,Europe,2025-10-20
15328,"Romero, Young and Eaton",Finance,SMB,Saint Vincent and the Grenadines,APAC,2026-01-29
15329,Hale-Caldwell,Manufacturing,SMB,Ethiopia,LATAM,2025-05-25
15330,Cook-Brown,Manufacturing,Mid-Market,United States of America,LATAM,2024-06-03
15331,"Hunt, Shelton and Silva",Manufacturing,Mid-Market,Isle of Man,LATAM,2026-03-15
15332,"Ramirez, Long and Madden",Finance,Mid-Market,British Indian Ocean Territory (Chagos Archipelago),APAC,2022-12-28
15333,Gutierrez LLC,Healthcare,Enterprise,Cape Verde,APAC,2025-02-24
15334,Moore Inc,Finance,Enterprise,Portugal,Europe,2022-08-31
15335,Walsh-Sweeney,Healthcare,Enterprise,Grenada,LATAM,2026-04-19
15336,"Sanford, Fuentes and Hopkins",Manufacturing,Enterprise,Tunisia,APAC,2023-06-01
15337,Walker LLC,Manufacturing,Mid-Market,Guernsey,LATAM,2024-12-01
15338,Johnson-Franco,Manufacturing,Mid-Market,Germany,APAC,2025-08-24
15339,Perez Group,Finance,Enterprise,Norway,APAC,2026-02-16
15340,Webb PLC,Finance,Enterprise,Venezuela,North America,2024-02-10
15341,Thompson-Miller,Retail,Enterprise,Mauritania,LATAM,2025-08-20
15342,"Allen, Martin and Bates",Retail,Enterprise,Austria,North America,2023-04-27
15343,Moreno PLC,Manufacturing,Mid-Market,Venezuela,Europe,2024-06-19
15344,Martinez Ltd,Manufacturing,Mid-Market,Turkey,LATAM,2025-10-24
15345,Chan Ltd,Manufacturing,Enterprise,Oman,LATAM,2025-05-15
15346,"Osborne, Baker and Mccarty",Retail,Mid-Market,France,APAC,2024-12-29
15347,Marshall and Sons,Technology,Mid-Market,Japan,North America,2025-10-27
15348,Riley LLC,Retail,Enterprise,Martinique,Europe,2025-10-29
15349,Bishop-Anderson,Manufacturing,Mid-Market,Palestinian Territory,Europe,2023-08-26
15350,"Mcdowell, Smith and Castillo",Finance,Mid-Market,American Samoa,LATAM,2026-02-19
15351,"Jones, Dodson and Stokes",Technology,Enterprise,Barbados,APAC,2025-06-13
15352,Neal Ltd,Healthcare,SMB,Singapore,LATAM,2023-05-17
15353,"Smith, Lewis and Brown",Healthcare,SMB,Togo,LATAM,2023-04-01
15354,Johnson-Jackson,Healthcare,SMB,Cameroon,North America,2023-11-30
15355,Knight Ltd,Healthcare,SMB,Kuwait,LATAM,2026-01-11
15356,Clark and Sons,Manufacturing,SMB,India,North America,2023-05-18
15357,Freeman and Sons,Healthcare,SMB,Chad,Europe,2024-07-02
15358,Thomas-Oneill,Retail,SMB,Bangladesh,Europe,2023-01-29
15359,Barnett-Bryan,Manufacturing,Mid-Market,North Macedonia,North America,2024-05-02
15360,"Stark, Brown and Rodriguez",Healthcare,Mid-Market,Mongolia,North America,2022-12-26
15361,"Walker, Taylor and Myers",Healthcare,Mid-Market,Belize,LATAM,2025-09-22
15362,Johnson-Fox,Technology,SMB,Niger,LATAM,2023-08-20
15363,Gross-Smith,Healthcare,SMB,Bhutan,Europe,2023-08-04
15364,Sherman Inc,Manufacturing,Mid-Market,Thailand,North America,2025-10-16
15365,Sanchez-Haynes,Manufacturing,Enterprise,Zambia,North America,2023-05-08
15366,"Hayden, Webb and Dunn",Retail,Mid-Market,Hong Kong,APAC,2025-06-03
15367,Farmer Group,Manufacturing,SMB,Senegal,Europe,2025-06-28
15368,Smith PLC,Finance,Mid-Market,Angola,North America,2024-05-29
15369,Perry-Molina,Technology,Enterprise,Poland,LATAM,2023-05-07
15370,Ballard PLC,Retail,Enterprise,Aruba,Europe,2023-08-21
15371,Dougherty Ltd,Finance,Mid-Market,Martinique,North America,2024-08-04
15372,Vega and Sons,Retail,Mid-Market,Djibouti,Europe,2023-02-18
15373,Graham-Carrillo,Technology,Enterprise,Ukraine,APAC,2023-12-13
15374,Smith Inc,Retail,Enterprise,Venezuela,North America,2026-04-19
15375,"Cook, Mcconnell and Rowland",Retail,Mid-Market,Philippines,LATAM,2024-03-07
15376,Sanford-Werner,Technology,Mid-Market,South Africa,North America,2026-02-19
15377,Nguyen-Garcia,Retail,Mid-Market,Seychelles,Europe,2022-12-29
15378,Martin LLC,Technology,Enterprise,Yemen,Europe,2025-11-22
15379,"Frazier, Smith and Lopez",Retail,SMB,Papua New Guinea,APAC,2023-11-18
15380,"Martin, Zuniga and Smith",Finance,Mid-Market,Norway,LATAM,2024-11-24
15381,Mccarty Ltd,Technology,SMB,Chile,North America,2022-09-30
15382,Mccarthy-Wiley,Technology,SMB,Peru,Europe,2024-09-27
15383,Torres Group,Retail,Mid-Market,Seychelles,APAC,2023-01-16
15384,Smith and Sons,Finance,SMB,Nicaragua,North America,2022-12-01
15385,"Clark, West and Robinson",Retail,Enterprise,Georgia,Europe,2022-12-03
15386,Smith-Sanchez,Finance,Enterprise,Northern Mariana Islands,North America,2023-06-25
15387,"Flores, Franco and Williams",Finance,SMB,Latvia,Europe,2024-11-20
15388,Boyd Inc,Manufacturing,SMB,Palau,LATAM,2024-03-18
15389,"Foster, Horne and Smith",Finance,Enterprise,French Polynesia,LATAM,2025-05-21
15390,Macias-Mason,Manufacturing,Mid-Market,Ukraine,APAC,2023-05-26
15391,Schmidt-Macdonald,Technology,Enterprise,Equatorial Guinea,North America,2024-05-27
15392,Dorsey Ltd,Retail,Mid-Market,Austria,Europe,2023-02-26
15393,Green Group,Healthcare,SMB,Ghana,LATAM,2023-05-15
15394,"Berger, Williams and Bass",Finance,SMB,Congo,APAC,2024-12-27
15395,Garcia PLC,Finance,Enterprise,Hungary,APAC,2022-07-28
15396,Burns-Mckay,Technology,Enterprise,Indonesia,Europe,2025-07-17
15397,Holloway and Sons,Retail,Mid-Market,Grenada,North America,2026-02-07
15398,"Warner, Lewis and Odom",Retail,SMB,Mongolia,LATAM,2022-11-02
15399,Sanchez LLC,Manufacturing,SMB,Reunion,APAC,2025-07-10
15400,Lutz-Peterson,Healthcare,SMB,Belarus,Europe,2026-03-07
15401,Baker-Escobar,Finance,Enterprise,Panama,APAC,2024-03-18
15402,Christian-Gonzalez,Manufacturing,SMB,Tonga,APAC,2025-01-16
15403,Moore-Lee,Retail,Mid-Market,Denmark,North America,2025-05-15
15404,"Orozco, Hart and Stanley",Retail,Mid-Market,Korea,North America,2022-07-06
15405,Hernandez LLC,Retail,SMB,Honduras,Europe,2025-01-01
15406,"Flynn, Harper and Faulkner",Healthcare,SMB,Liberia,LATAM,2022-07-22
15407,Caldwell-Jenkins,Finance,Mid-Market,Malta,APAC,2022-07-13
15408,Calderon-Rogers,Finance,SMB,Svalbard & Jan Mayen Islands,Europe,2026-05-15
15409,Pham-Larson,Healthcare,SMB,Iceland,APAC,2024-11-30
15410,"Davis, Ramirez and Gillespie",Technology,Enterprise,Saudi Arabia,LATAM,2025-12-10
15411,"Dunn, Brown and Cruz",Finance,Mid-Market,Paraguay,North America,2022-07-17
15412,Jackson-Jefferson,Healthcare,Mid-Market,Cocos (Keeling) Islands,APAC,2024-03-27
15413,"Simmons, Rubio and Faulkner",Finance,Mid-Market,Chad,LATAM,2022-10-05
15414,Jones LLC,Retail,Mid-Market,Anguilla,APAC,2024-01-13
15415,"Hoffman, Martin and Gomez",Finance,SMB,Mauritania,Europe,2025-06-24
15416,Washington Inc,Manufacturing,SMB,Namibia,Europe,2022-08-29
15417,"Mayer, Henson and Clayton",Retail,SMB,France,Europe,2025-03-22
15418,"Stewart, Henson and Gomez",Technology,Enterprise,Saint Kitts and Nevis,Europe,2023-05-25
15419,Miller-Patel,Finance,Mid-Market,Zimbabwe,LATAM,2025-03-03
15420,Reyes-Terry,Healthcare,Enterprise,Russian Federation,Europe,2025-10-19
15421,Baker Inc,Technology,Enterprise,Norfolk Island,LATAM,2025-03-24
15422,Stewart-Oconnell,Technology,Enterprise,Svalbard & Jan Mayen Islands,APAC,2023-12-22
15423,"Stevens, Brewer and Durham",Technology,SMB,India,LATAM,2026-04-23
15424,Riley-Andrews,Finance,Mid-Market,Vanuatu,LATAM,2024-05-05
15425,Robles Group,Manufacturing,Enterprise,Solomon Islands,LATAM,2023-12-31
15426,Becker LLC,Technology,SMB,Wallis and Futuna,North America,2024-01-05
15427,Mcgee Inc,Technology,SMB,Djibouti,APAC,2025-06-21
15428,Collins-Curtis,Healthcare,Mid-Market,Cote d'Ivoire,APAC,2025-06-30
15429,"Berry, Webb and Reid",Healthcare,Enterprise,Cocos (Keeling) Islands,LATAM,2022-12-20
15430,Bradley PLC,Technology,Mid-Market,Libyan Arab Jamahiriya,Europe,2024-02-12
15431,Nelson and Sons,Manufacturing,Enterprise,Brunei Darussalam,LATAM,2025-08-04
15432,Washington Inc,Healthcare,Enterprise,Mali,North America,2024-08-02
15433,Sellers-Farmer,Healthcare,Enterprise,Niger,LATAM,2022-10-25
15434,Ayala and Sons,Healthcare,Mid-Market,Tunisia,LATAM,2026-03-01
15435,"Owens, Lawson and Morton",Manufacturing,Enterprise,Switzerland,APAC,2024-07-12
15436,Schmidt Ltd,Finance,Enterprise,Tokelau,APAC,2022-12-21
15437,"Dunn, Turner and Hoffman",Finance,Mid-Market,Georgia,North America,2024-10-22
15438,Marks Inc,Retail,Enterprise,Cyprus,LATAM,2023-05-02
15439,Hendricks LLC,Finance,SMB,Iran,LATAM,2024-09-15
15440,Cruz-Clements,Manufacturing,SMB,Pitcairn Islands,LATAM,2023-07-11
15441,Torres PLC,Finance,Mid-Market,Equatorial Guinea,APAC,2023-05-31
15442,Cohen LLC,Retail,SMB,Indonesia,LATAM,2024-05-22
15443,Martin-Jenkins,Finance,Mid-Market,Mayotte,North America,2026-04-04
15444,"Taylor, King and Reilly",Healthcare,Mid-Market,India,LATAM,2026-05-16
15445,Rosales Inc,Healthcare,Mid-Market,Sao Tome and Principe,Europe,2025-06-14
15446,Maxwell PLC,Healthcare,Mid-Market,Timor-Leste,Europe,2022-11-18
15447,Hoffman LLC,Technology,Enterprise,Bahrain,LATAM,2023-01-06
15448,Meyer-Ross,Finance,Enterprise,Swaziland,North America,2026-01-15
15449,Bruce Group,Finance,SMB,Honduras,LATAM,2024-03-29
15450,Bryant and Sons,Technology,Enterprise,Jordan,North America,2025-10-24
15451,Brewer-Martin,Technology,Mid-Market,Saint Helena,LATAM,2024-08-14
15452,Miller-West,Healthcare,Enterprise,Malta,LATAM,2026-02-28
15453,Church-Martin,Finance,SMB,Azerbaijan,APAC,2023-02-05
15454,"Jackson, Murphy and Watson",Manufacturing,SMB,Italy,APAC,2025-12-16
15455,Leonard PLC,Retail,SMB,Lesotho,APAC,2022-08-18
15456,Oliver-Williams,Healthcare,SMB,Afghanistan,LATAM,2022-10-09
15457,Fox Group,Healthcare,Mid-Market,Palestinian Territory,LATAM,2024-08-07
15458,"Solomon, Cervantes and Parks",Technology,SMB,Saint Barthelemy,LATAM,2024-01-12
15459,"Hancock, Nelson and Hayes",Finance,SMB,Azerbaijan,Europe,2026-03-19
15460,"Gomez, Valentine and Smith",Retail,SMB,Belgium,APAC,2024-01-05
15461,Perez-Jimenez,Finance,SMB,Uzbekistan,Europe,2023-07-31
15462,"Lloyd, Hernandez and Tran",Finance,Mid-Market,Guatemala,North America,2025-03-04
15463,Williams-Davis,Healthcare,Mid-Market,Comoros,North America,2025-03-26
15464,Perez-Mitchell,Manufacturing,SMB,Japan,Europe,2025-07-25
15465,Todd LLC,Retail,Mid-Market,United Arab Emirates,LATAM,2026-01-29
15466,Cunningham-Gardner,Healthcare,SMB,Niue,Europe,2023-06-29
15467,Mills-Terrell,Technology,Enterprise,Uzbekistan,LATAM,2023-03-05
15468,"May, Moses and Lam",Technology,Enterprise,French Polynesia,North America,2024-10-12
15469,Murray Group,Technology,Mid-Market,Samoa,North America,2022-11-14
15470,Noble-Norman,Technology,Mid-Market,Tokelau,APAC,2024-08-07
15471,"Lester, Davis and Hicks",Retail,Enterprise,Saudi Arabia,Europe,2024-03-08
15472,"Bennett, Miller and Thomas",Healthcare,Enterprise,Lithuania,LATAM,2023-07-15
15473,Yates LLC,Healthcare,Mid-Market,Brazil,North America,2023-02-05
15474,Taylor and Sons,Healthcare,Mid-Market,Madagascar,LATAM,2025-04-03
15475,Watts-Fisher,Finance,SMB,Netherlands Antilles,North America,2025-09-10
15476,Fuller-Harris,Retail,Mid-Market,Guam,LATAM,2026-01-21
15477,Shah PLC,Technology,Enterprise,Zimbabwe,APAC,2025-12-23
15478,"Choi, George and Pittman",Manufacturing,Mid-Market,Bahamas,Europe,2026-04-24
15479,Wright Group,Retail,Enterprise,Reunion,LATAM,2026-01-23
15480,"Roberts, Allen and Weaver",Healthcare,Enterprise,North Macedonia,APAC,2026-02-20
15481,Lewis-Schmidt,Manufacturing,SMB,Ghana,Europe,2024-05-15
15482,Davis-Martinez,Manufacturing,SMB,Germany,APAC,2022-07-31
15483,"Garcia, Brown and Stevenson",Manufacturing,Enterprise,Western Sahara,APAC,2025-05-30
15484,Mayer-Whitney,Retail,Enterprise,Yemen,Europe,2024-04-13
15485,Buchanan-Robinson,Healthcare,SMB,Palestinian Territory,Europe,2024-06-21
15486,Mclaughlin-Johnson,Retail,Mid-Market,Poland,APAC,2023-11-08
15487,Clark PLC,Healthcare,Mid-Market,Burundi,North America,2025-12-06
15488,"Barnes, Castro and Simmons",Finance,Mid-Market,Italy,Europe,2024-04-05
15489,"Smith, Wolfe and Diaz",Retail,SMB,Kyrgyz Republic,LATAM,2025-11-07
15490,"Fuller, Howard and Hudson",Technology,Enterprise,Dominican Republic,North America,2023-12-12
15491,"Reed, Salazar and Kane",Manufacturing,SMB,United Arab Emirates,North America,2025-07-03
15492,Perez LLC,Technology,Mid-Market,Haiti,APAC,2025-10-03
15493,Tanner PLC,Manufacturing,Mid-Market,Tonga,LATAM,2023-01-29
15494,Wang LLC,Healthcare,Enterprise,Egypt,APAC,2023-05-05
15495,Reed and Sons,Technology,Enterprise,Liberia,APAC,2024-12-06
15496,Stone PLC,Retail,Enterprise,El Salvador,APAC,2023-07-26
15497,"Jones, Cruz and Gilbert",Finance,Mid-Market,Mozambique,LATAM,2022-08-06
15498,Richmond-Smith,Healthcare,Mid-Market,Sudan,LATAM,2022-12-02
15499,Murray Inc,Manufacturing,Enterprise,United Kingdom,APAC,2024-10-14
15500,"Williams, Andrade and Gonzalez",Retail,Mid-Market,Malaysia,LATAM,2025-10-03
15501,"West, Lopez and Vincent",Finance,SMB,Botswana,Europe,2024-10-02
15502,Patton-Brady,Manufacturing,Mid-Market,Qatar,Europe,2024-11-11
15503,Brown LLC,Finance,SMB,Bulgaria,Europe,2023-10-15
15504,"Ochoa, Jackson and Melendez",Finance,Mid-Market,Micronesia,LATAM,2025-03-03
15505,"Collier, Harvey and Caldwell",Retail,SMB,Malawi,Europe,2026-05-22
15506,Warner-Pena,Finance,Enterprise,India,LATAM,2023-01-31
15507,Gilbert-Miller,Retail,SMB,Spain,North America,2023-04-23
15508,Gentry-Byrd,Retail,Mid-Market,Madagascar,LATAM,2026-04-17
15509,Vaughn-Jones,Technology,Mid-Market,Belarus,LATAM,2026-01-24
15510,Gutierrez LLC,Finance,Enterprise,France,North America,2024-09-12
15511,"Gonzalez, Atkinson and Fisher",Retail,SMB,Christmas Island,Europe,2024-12-01
15512,Diaz Group,Finance,SMB,Zimbabwe,North America,2024-07-09
15513,Boyd-Case,Manufacturing,Mid-Market,Nauru,Europe,2025-07-01
15514,Cortez-Newton,Finance,Enterprise,Russian Federation,Europe,2023-11-19
15515,Aguirre-Griffin,Manufacturing,SMB,Maldives,APAC,2023-06-30
15516,Shelton and Sons,Retail,Enterprise,Armenia,APAC,2023-05-15
15517,Jones and Sons,Technology,SMB,Bouvet Island (Bouvetoya),LATAM,2024-03-27
15518,Smith Inc,Technology,Enterprise,Denmark,Europe,2024-08-15
15519,"Johnson, Hardy and Hurst",Retail,Enterprise,Tajikistan,Europe,2022-12-06
15520,"Wallace, Harris and Baker",Retail,Enterprise,Lebanon,Europe,2023-06-09
15521,Hardy-Serrano,Technology,Enterprise,Cuba,North America,2023-01-05
15522,"Best, Sheppard and Walker",Healthcare,Mid-Market,Guernsey,Europe,2024-05-28
15523,Mendoza Inc,Retail,Enterprise,Kenya,Europe,2024-01-01
15524,"Ball, Thomas and Hammond",Healthcare,SMB,Cape Verde,North America,2024-07-02
15525,Carr Ltd,Healthcare,Mid-Market,Suriname,Europe,2024-10-17
15526,"Stewart, Davidson and Miller",Technology,Enterprise,United Kingdom,LATAM,2026-02-04
15527,Joseph LLC,Retail,Enterprise,Malta,APAC,2024-02-09
15528,Brown Inc,Finance,Enterprise,Sweden,Europe,2025-10-08
15529,"Ruiz, Burns and Hess",Finance,Mid-Market,Micronesia,APAC,2024-02-27
15530,Frank-Hernandez,Manufacturing,Enterprise,Angola,LATAM,2024-08-23
15531,Hall PLC,Finance,SMB,Haiti,APAC,2023-04-12
15532,Price Inc,Manufacturing,Mid-Market,Vanuatu,North America,2025-10-26
15533,Cummings PLC,Retail,Enterprise,Bulgaria,LATAM,2023-02-19
15534,Marshall-Bell,Finance,Enterprise,Mayotte,Europe,2023-10-24
15535,"Howe, Hansen and Kennedy",Finance,Enterprise,Liberia,LATAM,2024-09-06
15536,"Burnett, Osborn and Rosario",Technology,SMB,Saint Barthelemy,LATAM,2025-08-16
15537,Ruiz LLC,Finance,Enterprise,Trinidad and Tobago,Europe,2024-02-22
15538,"Swanson, Whitaker and Rios",Retail,SMB,Papua New Guinea,North America,2023-04-13
15539,Bryant-Bishop,Manufacturing,Mid-Market,Norfolk Island,APAC,2025-04-10
15540,Thomas and Sons,Healthcare,Enterprise,Korea,Europe,2023-01-22
15541,"Green, Price and Cummings",Technology,SMB,Swaziland,Europe,2025-05-13
15542,Atkins and Sons,Healthcare,Mid-Market,Senegal,LATAM,2022-06-27
15543,Richardson PLC,Finance,Mid-Market,Kiribati,LATAM,2024-11-05
15544,"Michael, Miller and Ray",Manufacturing,SMB,Mayotte,Europe,2023-05-22
15545,Brown-Armstrong,Retail,Enterprise,Mongolia,LATAM,2026-05-18
15546,Nichols-Holden,Retail,SMB,Micronesia,Europe,2023-10-01
15547,"Merritt, Sims and Bell",Finance,Enterprise,Monaco,LATAM,2025-06-21
15548,Yoder Group,Technology,Enterprise,United Kingdom,Europe,2023-12-05
15549,Booth-Thomas,Technology,Enterprise,Comoros,LATAM,2026-02-10
15550,Campbell Inc,Finance,Enterprise,Ethiopia,APAC,2023-09-11
15551,Martinez LLC,Technology,SMB,Morocco,LATAM,2024-01-04
15552,"Richardson, Rollins and Owen",Manufacturing,SMB,Cuba,APAC,2022-10-16
15553,Nguyen LLC,Finance,Mid-Market,North Macedonia,North America,2024-04-16
15554,"Patterson, Ayala and Caldwell",Finance,SMB,Central African Republic,LATAM,2023-12-16
15555,Lowe Inc,Technology,Enterprise,Mayotte,LATAM,2025-12-30
15556,Nichols Group,Retail,Enterprise,Serbia,APAC,2025-10-21
15557,Smith and Sons,Retail,Mid-Market,Micronesia,North America,2024-02-29
15558,Edwards-Smith,Finance,Enterprise,Zimbabwe,APAC,2026-01-12
15559,Lee and Sons,Technology,Mid-Market,Vietnam,LATAM,2025-12-03
15560,"Smith, Scott and Allen",Retail,SMB,French Polynesia,APAC,2022-10-23
15561,Mckinney-Wang,Retail,Mid-Market,United Arab Emirates,North America,2024-11-11
15562,George and Sons,Manufacturing,SMB,Guatemala,Europe,2024-04-14
15563,Graham Group,Retail,SMB,Niger,Europe,2025-02-05
15564,Thomas and Sons,Manufacturing,Enterprise,Burundi,North America,2025-08-31
15565,Johnson PLC,Healthcare,Mid-Market,Comoros,APAC,2025-06-30
15566,"Lin, Phelps and Shelton",Technology,SMB,Rwanda,APAC,2026-03-27
15567,Martinez-Mullen,Finance,SMB,Bangladesh,Europe,2025-08-24
15568,Miller-Santiago,Finance,Mid-Market,Uganda,Europe,2025-05-26
15569,Anthony PLC,Healthcare,Enterprise,South Georgia and the South Sandwich Islands,Europe,2025-03-17
15570,"Hernandez, Cole and Lucas",Retail,Mid-Market,Swaziland,LATAM,2024-05-14
15571,"Cobb, Reynolds and Reyes",Finance,SMB,India,APAC,2026-03-28
15572,Jackson-Bell,Finance,SMB,Jersey,LATAM,2022-12-27
15573,Jones Ltd,Retail,Enterprise,Central African Republic,LATAM,2023-04-05
15574,"Randall, Brown and Roy",Finance,Enterprise,Austria,North America,2022-11-15
15575,"Hartman, Martinez and Ramirez",Retail,Enterprise,Bahamas,Europe,2023-06-01
15576,"Fields, Mason and Thompson",Healthcare,SMB,Bermuda,LATAM,2025-05-10
15577,"Mccall, Sweeney and Sexton",Retail,Mid-Market,Sudan,APAC,2025-11-13
15578,Ward LLC,Healthcare,Mid-Market,Korea,Europe,2023-05-24
15579,"Fisher, Davis and Smith",Finance,Enterprise,Bahrain,North America,2023-06-28
15580,"Case, Ramirez and Soto",Finance,Enterprise,Jersey,APAC,2025-05-30
15581,"Mcpherson, Myers and Cummings",Retail,Mid-Market,Timor-Leste,North America,2025-10-20
15582,"Jones, Powell and Hall",Manufacturing,SMB,Czech Republic,North America,2024-07-27
15583,"Nelson, Jones and Garcia",Retail,SMB,Chile,APAC,2025-07-20
15584,"Washington, Mullins and Dorsey",Technology,Enterprise,Kenya,Europe,2025-10-14
15585,Hess PLC,Healthcare,SMB,Svalbard & Jan Mayen Islands,Europe,2024-10-21
15586,Banks-Hall,Retail,Enterprise,Luxembourg,Europe,2024-03-16
15587,Taylor-Sloan,Finance,SMB,Qatar,Europe,2023-07-13
15588,Miller Inc,Healthcare,Mid-Market,Armenia,APAC,2024-04-12
15589,"Fisher, Malone and Harris",Finance,Mid-Market,Costa Rica,Europe,2024-09-19
15590,Roberts-Weber,Retail,SMB,Brazil,LATAM,2025-03-01
15591,Hall Group,Healthcare,SMB,Svalbard & Jan Mayen Islands,Europe,2025-10-23
15592,Scott-Jones,Finance,Mid-Market,Saint Vincent and the Grenadines,North America,2025-01-17
15593,"Robinson, Miller and Reed",Technology,Mid-Market,Netherlands,APAC,2022-11-09
15594,Velasquez Ltd,Healthcare,Mid-Market,Kuwait,North America,2023-10-28
15595,Romero-Miller,Finance,Mid-Market,Kenya,North America,2022-07-24
15596,Hernandez and Sons,Retail,SMB,Belarus,North America,2022-07-14
15597,Clark Inc,Manufacturing,Mid-Market,Jordan,North America,2023-04-26
15598,Thomas-Huerta,Manufacturing,Enterprise,Yemen,Europe,2025-08-26
15599,Bowers-Mcgee,Manufacturing,Enterprise,France,APAC,2022-07-18
15600,Shaw-White,Finance,Mid-Market,Venezuela,LATAM,2022-09-05
15601,Wilson-Cole,Finance,Enterprise,Liechtenstein,North America,2026-04-05
15602,"Moran, Johnson and Lang",Finance,Enterprise,Heard Island and McDonald Islands,LATAM,2023-10-06
15603,Brown-Hawkins,Healthcare,SMB,Antigua and Barbuda,Europe,2025-01-04
15604,Rose PLC,Healthcare,Mid-Market,Namibia,APAC,2023-09-22
15605,Sexton-Bryan,Retail,SMB,French Polynesia,APAC,2023-02-27
15606,"Best, Wood and Short",Finance,SMB,Timor-Leste,APAC,2025-01-18
15607,Mason-Strong,Retail,Enterprise,Bermuda,LATAM,2025-03-25
15608,Wheeler Inc,Manufacturing,Mid-Market,Faroe Islands,APAC,2025-11-30
15609,Meyers-Bailey,Retail,SMB,Hong Kong,APAC,2024-11-03
15610,Bush Group,Retail,SMB,Haiti,LATAM,2023-11-25
15611,Wall-Scott,Manufacturing,Mid-Market,Iran,APAC,2023-11-19
15612,Bishop Ltd,Retail,Mid-Market,Central African Republic,LATAM,2023-10-29
15613,Mueller-Hayes,Finance,Mid-Market,Macao,APAC,2025-08-22
15614,Davis LLC,Finance,Mid-Market,Turkey,Europe,2023-07-13
15615,Gray-Price,Retail,SMB,Trinidad and Tobago,APAC,2023-04-24
15616,Ortiz Ltd,Finance,SMB,Niger,Europe,2022-12-22
15617,Sanders Inc,Manufacturing,Enterprise,Sweden,LATAM,2022-12-20
15618,Sherman-Callahan,Finance,SMB,Nepal,APAC,2025-12-01
15619,Williams-Andrade,Manufacturing,Mid-Market,Central African Republic,Europe,2022-09-18
15620,"Collins, Todd and Jones",Finance,Mid-Market,Iraq,Europe,2023-01-13
15621,Spears Group,Manufacturing,Mid-Market,Angola,APAC,2023-08-06
15622,Malone LLC,Technology,Enterprise,British Virgin Islands,Europe,2024-10-07
15623,Graham and Sons,Finance,Mid-Market,Tonga,LATAM,2022-11-13
15624,Green-Liu,Retail,Mid-Market,Saint Lucia,LATAM,2023-03-11
15625,Wallace Ltd,Healthcare,Enterprise,South Georgia and the South Sandwich Islands,Europe,2026-03-05
15626,Jackson-Gonzalez,Manufacturing,SMB,Seychelles,North America,2023-04-02
15627,Brown and Sons,Manufacturing,Mid-Market,Faroe Islands,Europe,2025-07-18
15628,"Johnson, Baker and Harris",Retail,Mid-Market,Montenegro,APAC,2025-11-09
15629,"Murphy, Gonzalez and Duncan",Manufacturing,SMB,Dominica,Europe,2025-05-14
15630,"Foster, Hughes and King",Healthcare,SMB,Italy,Europe,2026-03-29
15631,Pierce-Torres,Healthcare,Enterprise,Congo,LATAM,2024-02-24
15632,Sweeney-Chavez,Healthcare,Mid-Market,Benin,Europe,2025-05-29
15633,"Davis, Cochran and Gibson",Technology,Mid-Market,Oman,LATAM,2026-03-30
15634,Carter LLC,Healthcare,Mid-Market,Dominican Republic,APAC,2024-02-07
15635,Barron Inc,Retail,Enterprise,Cocos (Keeling) Islands,APAC,2025-01-11
15636,Cherry-Garcia,Manufacturing,Mid-Market,Moldova,APAC,2023-05-28
15637,"Le, Yates and Perez",Finance,SMB,Albania,Europe,2025-03-24
15638,Fritz Inc,Finance,Enterprise,Djibouti,North America,2023-04-19
15639,"Hamilton, Jenkins and Burke",Technology,Mid-Market,Suriname,APAC,2022-09-23
15640,"Mccarthy, Scott and Wu",Healthcare,SMB,Malawi,APAC,2023-10-11
15641,Estrada PLC,Finance,SMB,Uzbekistan,North America,2023-11-06
15642,Stewart-Cunningham,Finance,SMB,Andorra,LATAM,2024-05-09
15643,"Wu, Cuevas and Martin",Technology,Enterprise,Svalbard & Jan Mayen Islands,LATAM,2024-10-29
15644,Lopez Group,Technology,Mid-Market,Romania,North America,2023-04-08
15645,"Love, Woods and Hernandez",Finance,Mid-Market,Yemen,Europe,2022-10-28
15646,Stevens-Schroeder,Finance,Mid-Market,Greenland,Europe,2023-03-14
15647,"Sheppard, Hogan and Robertson",Finance,Enterprise,Argentina,APAC,2023-05-18
15648,Rodriguez and Sons,Finance,Enterprise,Denmark,LATAM,2023-02-18
15649,Sparks-Robinson,Healthcare,Mid-Market,Kenya,North America,2023-08-01
15650,Jones and Sons,Technology,Enterprise,Hong Kong,APAC,2023-03-13
15651,Smith PLC,Manufacturing,SMB,Hong Kong,North America,2023-11-21
15652,Perez-Trevino,Finance,Mid-Market,Mauritius,APAC,2026-03-27
15653,"Hayes, Neal and Robinson",Manufacturing,Enterprise,Botswana,LATAM,2023-01-30
15654,Armstrong Ltd,Manufacturing,Enterprise,Sweden,Europe,2025-04-23
15655,"Nelson, Thompson and Baker",Healthcare,Mid-Market,Northern Mariana Islands,APAC,2023-05-18
15656,"Jones, Shaw and Carpenter",Finance,Mid-Market,Cote d'Ivoire,LATAM,2025-05-23
15657,Ruiz LLC,Manufacturing,Enterprise,Antigua and Barbuda,LATAM,2024-10-08
15658,Norman-Callahan,Retail,Mid-Market,Nigeria,North America,2022-07-25
15659,Randolph-Steele,Technology,Enterprise,Guinea,Europe,2024-04-10
15660,"Hayden, Martin and Davis",Finance,Mid-Market,Saint Martin,APAC,2023-11-12
15661,Knight LLC,Manufacturing,Enterprise,Cote d'Ivoire,LATAM,2022-09-05
15662,"Peters, Pearson and Schwartz",Manufacturing,Enterprise,Netherlands,APAC,2024-11-03
15663,Sanchez-Carr,Technology,SMB,Isle of Man,LATAM,2023-08-11
15664,Hernandez-Hester,Healthcare,Enterprise,Botswana,APAC,2025-09-07
15665,Clark Ltd,Technology,Enterprise,Bahrain,LATAM,2024-05-20
15666,"Sherman, Ryan and Brown",Finance,Mid-Market,Bolivia,North America,2022-11-14
15667,"Booth, Le and Ray",Healthcare,Enterprise,Costa Rica,North America,2023-05-20
15668,"Lopez, Irwin and Peterson",Technology,Mid-Market,Guadeloupe,Europe,2024-08-30
15669,"Whitehead, Charles and Hamilton",Finance,Mid-Market,British Virgin Islands,North America,2025-10-16
15670,Delgado-Tucker,Technology,Enterprise,Togo,APAC,2025-11-24
15671,"Love, Cortez and Ward",Finance,SMB,Tuvalu,APAC,2026-04-24
15672,Hess Group,Manufacturing,SMB,Malaysia,APAC,2026-03-17
15673,"Chen, Henderson and Doyle",Manufacturing,SMB,Honduras,APAC,2024-09-11
15674,Garza Inc,Healthcare,SMB,Maldives,APAC,2023-05-08
15675,White Group,Technology,Enterprise,Kyrgyz Republic,APAC,2023-12-11
15676,Bennett Ltd,Technology,SMB,Denmark,Europe,2024-02-06
15677,Parker-Turner,Healthcare,SMB,Azerbaijan,APAC,2022-12-30
15678,"Carpenter, Gonzales and Murray",Technology,Mid-Market,Slovakia (Slovak Republic),North America,2024-06-01
15679,Schultz Group,Finance,Mid-Market,United Arab Emirates,APAC,2025-02-20
15680,"Lopez, Price and Carter",Retail,Enterprise,Gibraltar,APAC,2024-06-27
15681,Walker-Roth,Technology,Mid-Market,Dominican Republic,Europe,2024-07-27
15682,Ford LLC,Healthcare,Enterprise,Burkina Faso,North America,2024-10-01
15683,"Cooper, Morgan and Ray",Technology,Enterprise,Indonesia,North America,2022-11-22
15684,White-Haney,Healthcare,Enterprise,Yemen,LATAM,2025-02-11
15685,"Mitchell, Davis and Miranda",Technology,SMB,Egypt,APAC,2025-04-17
15686,Bolton-Carter,Finance,Mid-Market,Netherlands,APAC,2023-06-20
15687,"Walton, King and Lewis",Finance,SMB,Switzerland,North America,2023-06-10
15688,"Davis, Stevenson and Beasley",Retail,Enterprise,Saint Kitts and Nevis,Europe,2024-01-19
15689,Bullock Inc,Technology,Mid-Market,Cambodia,North America,2025-01-24
15690,Hunt-Kemp,Retail,Enterprise,Cote d'Ivoire,APAC,2024-07-01
15691,"Hanna, Wagner and Rhodes",Finance,SMB,Sao Tome and Principe,Europe,2024-06-13
15692,Salinas Inc,Technology,Mid-Market,Korea,Europe,2025-11-23
15693,Scott Ltd,Technology,Enterprise,Bulgaria,North America,2024-04-07
15694,Edwards and Sons,Finance,Enterprise,Sweden,North America,2025-06-23
15695,Green Inc,Manufacturing,Mid-Market,Burkina Faso,Europe,2023-08-28
15696,Sandoval-Chapman,Manufacturing,SMB,Venezuela,North America,2025-01-26
15697,Hawkins-Horne,Manufacturing,Enterprise,France,North America,2024-08-16
15698,Lamb and Sons,Retail,Mid-Market,Poland,Europe,2023-11-10
15699,"Castillo, Gordon and Miles",Technology,Enterprise,Senegal,LATAM,2025-06-09
15700,Smith-Anderson,Finance,Enterprise,Tonga,LATAM,2023-02-23
15701,Simmons Ltd,Retail,Enterprise,Russian Federation,LATAM,2023-04-08
15702,"Jones, Chan and Hernandez",Manufacturing,Enterprise,Samoa,APAC,2024-11-30
15703,French-Brown,Technology,SMB,Austria,North America,2023-01-11
15704,"Davis, Ware and Rice",Healthcare,Mid-Market,Jamaica,Europe,2023-01-11
15705,Blankenship-Moran,Retail,SMB,Portugal,Europe,2025-02-03
15706,Allen-Smith,Technology,Mid-Market,Iceland,APAC,2023-05-05
15707,Richards Inc,Manufacturing,Mid-Market,Spain,Europe,2023-03-22
15708,"Jones, Castillo and Kidd",Retail,Enterprise,Spain,Europe,2025-11-22
15709,Taylor LLC,Manufacturing,Enterprise,Nauru,APAC,2025-07-21
15710,Noble LLC,Finance,Enterprise,Switzerland,APAC,2025-12-12
15711,"Perez, Stewart and Burton",Finance,Mid-Market,United States of America,Europe,2023-01-21
15712,Fleming LLC,Technology,Enterprise,British Indian Ocean Territory (Chagos Archipelago),North America,2023-04-05
15713,"Medina, Arnold and Thomas",Technology,Enterprise,Seychelles,APAC,2024-11-02
15714,"Garza, Manning and Flynn",Healthcare,SMB,French Southern Territories,APAC,2023-01-15
15715,Huynh and Sons,Retail,Enterprise,Kenya,APAC,2025-07-22
15716,Green-Bentley,Technology,Mid-Market,Tanzania,Europe,2025-01-02
15717,"Reyes, Hawkins and Reyes",Finance,Enterprise,Korea,Europe,2025-05-21
15718,"Thomas, English and Collier",Retail,SMB,Paraguay,North America,2024-12-05
15719,"Lewis, Ryan and Callahan",Manufacturing,SMB,Kuwait,North America,2025-05-26
15720,Davenport-Brown,Technology,Mid-Market,United Arab Emirates,APAC,2025-06-23
15721,Mills Ltd,Technology,Mid-Market,Mali,APAC,2024-06-11
15722,"Aguilar, Charles and Mayer",Retail,Enterprise,Hungary,LATAM,2025-04-24
15723,"Hernandez, Sutton and Perez",Healthcare,Enterprise,Guinea-Bissau,LATAM,2023-09-14
15724,Perry-Hooper,Technology,Enterprise,Maldives,Europe,2025-04-25
15725,Evans-Hill,Finance,SMB,Haiti,APAC,2025-07-08
15726,Mata-Williams,Finance,Mid-Market,Bahamas,Europe,2024-01-23
15727,Acosta-Shea,Finance,Mid-Market,Brazil,APAC,2024-08-25
15728,Gilmore PLC,Healthcare,Mid-Market,Japan,Europe,2026-03-03
15729,Graham-Johnson,Technology,SMB,Niue,Europe,2026-03-05
15730,Barker LLC,Manufacturing,Enterprise,Greenland,APAC,2026-01-08
15731,Johnson and Sons,Technology,Mid-Market,United States of America,APAC,2023-10-29
15732,Stevens-Williams,Retail,SMB,Botswana,Europe,2026-05-26
15733,Sanders Inc,Finance,SMB,Bahrain,North America,2024-07-16
15734,Benjamin-White,Retail,SMB,Slovenia,APAC,2026-03-30
15735,"Alexander, Patrick and Harrington",Healthcare,SMB,Eritrea,Europe,2023-10-03
15736,"Richards, Meyers and Owens",Retail,Enterprise,Finland,APAC,2026-04-08
15737,"Montoya, Thomas and Romero",Healthcare,Enterprise,United States Minor Outlying Islands,Europe,2022-08-08
15738,Carr-Ryan,Finance,SMB,Jordan,APAC,2024-12-08
15739,Hoffman Inc,Healthcare,SMB,Norway,LATAM,2023-03-13
15740,"Mayo, Lawson and Sims",Retail,Mid-Market,Belize,APAC,2023-11-18
15741,Houston LLC,Retail,Enterprise,Bahrain,North America,2023-12-01
15742,Khan LLC,Finance,Mid-Market,Bosnia and Herzegovina,North America,2022-12-14
15743,Anderson Ltd,Manufacturing,SMB,Luxembourg,LATAM,2025-08-30
15744,Oliver PLC,Healthcare,Mid-Market,Indonesia,LATAM,2025-09-20
15745,"Torres, Velez and Rodriguez",Manufacturing,SMB,Isle of Man,APAC,2023-08-28
15746,Flores Inc,Manufacturing,Mid-Market,Tokelau,Europe,2024-07-29
15747,Franklin-Martinez,Technology,Enterprise,Denmark,LATAM,2025-03-08
15748,Garrett-Cook,Manufacturing,SMB,Belgium,Europe,2025-04-18
15749,Williams-White,Technology,Mid-Market,Northern Mariana Islands,LATAM,2025-07-29
15750,Reed and Sons,Finance,Enterprise,Dominican Republic,APAC,2023-03-17
15751,Clark LLC,Finance,Enterprise,Cook Islands,APAC,2025-09-27
15752,Bell and Sons,Manufacturing,SMB,Iran,APAC,2024-09-19
15753,Lucero Group,Manufacturing,Mid-Market,Liberia,Europe,2025-01-24
15754,Gordon and Sons,Finance,SMB,Saint Helena,LATAM,2023-05-17
15755,"Sanchez, Walker and Goodman",Healthcare,SMB,Central African Republic,LATAM,2023-06-07
15756,Nguyen PLC,Healthcare,Mid-Market,Argentina,Europe,2024-07-13
15757,Boyd and Sons,Retail,Enterprise,Venezuela,LATAM,2022-07-16
15758,Butler LLC,Healthcare,Mid-Market,Jersey,LATAM,2024-09-09
15759,Fuller-Wheeler,Manufacturing,SMB,Cambodia,APAC,2023-10-31
15760,Williams-Carpenter,Finance,Enterprise,Saint Helena,Europe,2026-06-07
15761,"Perez, Smith and Barnett",Retail,SMB,New Caledonia,North America,2023-09-17
15762,Brown-Mcfarland,Technology,Mid-Market,Kenya,Europe,2022-11-07
15763,Peck-Nolan,Manufacturing,Enterprise,Peru,Europe,2023-04-01
15764,"Rodriguez, Khan and Elliott",Finance,Mid-Market,Guadeloupe,Europe,2024-08-07
15765,Flores Inc,Manufacturing,SMB,Barbados,North America,2025-01-27
15766,Davenport-Myers,Healthcare,SMB,Norfolk Island,LATAM,2022-07-23
15767,"Stout, Nichols and Walsh",Healthcare,Enterprise,Bermuda,APAC,2025-08-25
15768,Neal-Rodriguez,Technology,SMB,Bolivia,Europe,2025-05-31
15769,Mcpherson Inc,Healthcare,Mid-Market,Estonia,Europe,2025-09-11
15770,Castro and Sons,Technology,Enterprise,Bangladesh,Europe,2024-11-16
15771,Burke PLC,Manufacturing,Mid-Market,South Africa,Europe,2024-10-27
15772,Bolton-Zimmerman,Healthcare,Mid-Market,Singapore,APAC,2024-06-08
15773,"Robles, Black and Delgado",Technology,Enterprise,Sri Lanka,APAC,2024-06-29
15774,Terry LLC,Manufacturing,Mid-Market,Saint Lucia,Europe,2024-08-11
15775,"Moses, Salazar and Johnson",Healthcare,Mid-Market,Kyrgyz Republic,LATAM,2023-11-14
15776,Brown and Sons,Technology,Enterprise,Saint Martin,North America,2023-07-14
15777,"Schmitt, Everett and Jones",Retail,Enterprise,Mongolia,APAC,2025-08-19
15778,York PLC,Finance,Enterprise,Germany,LATAM,2023-01-03
15779,"Miller, Soto and Padilla",Technology,Enterprise,Heard Island and McDonald Islands,APAC,2023-04-12
15780,Baldwin and Sons,Technology,Mid-Market,Zimbabwe,North America,2022-12-13
15781,"Mccullough, Smith and Glenn",Finance,Enterprise,Falkland Islands (Malvinas),LATAM,2024-03-27
15782,"Jacobs, Lambert and Jackson",Manufacturing,Mid-Market,Ghana,LATAM,2024-03-21
15783,Long-Fuller,Technology,SMB,Kenya,North America,2025-06-23
15784,Weaver-Cardenas,Manufacturing,Mid-Market,Burkina Faso,North America,2023-08-26
15785,Glover-Conrad,Finance,SMB,Latvia,North America,2025-04-30
15786,Walker-Weber,Technology,Mid-Market,Bangladesh,North America,2023-11-10
15787,"Smith, Walker and Sandoval",Healthcare,Enterprise,Sudan,APAC,2025-01-16
15788,Gray-Wood,Finance,SMB,Estonia,LATAM,2026-05-25
15789,Bolton Group,Finance,Enterprise,Mauritania,North America,2025-02-20
15790,Beck Ltd,Manufacturing,Mid-Market,Libyan Arab Jamahiriya,APAC,2023-10-17
15791,Allen-Patterson,Technology,Enterprise,Afghanistan,LATAM,2024-08-28
15792,Moore LLC,Retail,Enterprise,Trinidad and Tobago,Europe,2026-04-07
15793,Harmon Group,Manufacturing,Mid-Market,Lesotho,North America,2025-05-20
15794,Smith-Forbes,Retail,Mid-Market,Haiti,North America,2023-06-02
15795,Brown-Foster,Healthcare,SMB,Guadeloupe,APAC,2023-01-25
15796,Williams-Roberson,Healthcare,SMB,Cyprus,LATAM,2024-10-03
15797,"Oconnor, Bowman and Garner",Retail,SMB,Portugal,North America,2026-04-22
15798,"Banks, Phillips and Garcia",Retail,Mid-Market,Haiti,North America,2025-09-13
15799,"Nelson, Winters and Morse",Technology,Enterprise,Iceland,Europe,2024-02-15
15800,Walker-Phillips,Manufacturing,Enterprise,Afghanistan,APAC,2026-01-07
15801,Stewart LLC,Healthcare,Enterprise,Philippines,APAC,2022-10-08
15802,Greer LLC,Healthcare,SMB,India,APAC,2023-03-19
15803,Mcgee-Molina,Technology,Mid-Market,New Caledonia,APAC,2024-04-14
15804,"Small, Jackson and Chan",Manufacturing,Mid-Market,Zambia,North America,2025-01-07
15805,Frank-Glenn,Finance,Mid-Market,Singapore,North America,2022-08-30
15806,"Wang, Walker and Wood",Retail,Enterprise,Guernsey,APAC,2024-10-27
15807,Yu-Martin,Retail,SMB,Saint Martin,Europe,2026-05-14
15808,Kemp PLC,Finance,Enterprise,Monaco,LATAM,2022-07-13
15809,Rivera-Rogers,Retail,Mid-Market,Guyana,North America,2022-10-19
15810,"Johnson, Berry and Foster",Healthcare,Mid-Market,Angola,Europe,2025-11-02
15811,King-Coleman,Healthcare,Enterprise,Mali,LATAM,2022-09-09
15812,Jimenez Inc,Healthcare,SMB,Mozambique,APAC,2025-01-09
15813,"Jimenez, Gill and Sharp",Retail,SMB,Djibouti,LATAM,2022-09-28
15814,Riggs-Robertson,Retail,Mid-Market,Svalbard & Jan Mayen Islands,Europe,2022-06-24
15815,Young Ltd,Finance,Mid-Market,Sierra Leone,APAC,2026-03-15
15816,White and Sons,Retail,SMB,Andorra,North America,2024-07-29
15817,Robinson Inc,Technology,Mid-Market,Hungary,North America,2023-11-02
15818,"Lewis, Rodriguez and Rice",Finance,Mid-Market,Svalbard & Jan Mayen Islands,Europe,2024-03-27
15819,Ramirez Group,Manufacturing,Enterprise,Uruguay,North America,2024-03-02
15820,Smith Ltd,Finance,Mid-Market,Nicaragua,LATAM,2023-09-13
15821,"Williamson, Williams and Taylor",Technology,SMB,Lesotho,North America,2023-07-19
15822,Alexander-Henry,Manufacturing,Enterprise,Azerbaijan,Europe,2023-12-23
15823,"Campos, Perez and Caldwell",Finance,Mid-Market,Taiwan,Europe,2024-10-15
15824,"Walker, Glover and Collins",Manufacturing,SMB,Morocco,Europe,2025-08-10
15825,Scott PLC,Technology,Mid-Market,Angola,North America,2025-10-10
15826,"Stein, Kent and Saunders",Healthcare,SMB,Guam,APAC,2025-02-14
15827,Velez-Kirby,Manufacturing,Mid-Market,Thailand,North America,2025-11-18
15828,"Morrison, Duncan and Huang",Technology,Enterprise,Mexico,Europe,2026-05-18
15829,King-Coffey,Finance,SMB,Kazakhstan,LATAM,2022-10-24
15830,Ware-Howard,Retail,Mid-Market,Tonga,LATAM,2024-10-21
15831,Torres Ltd,Retail,Enterprise,Morocco,Europe,2022-10-25
15832,Mccarthy PLC,Healthcare,Mid-Market,Guyana,APAC,2024-06-13
15833,Wise Ltd,Finance,Mid-Market,Honduras,Europe,2022-09-25
15834,Barajas Ltd,Technology,SMB,Philippines,North America,2023-08-18
15835,"Cabrera, Gonzalez and Meza",Finance,Mid-Market,Georgia,LATAM,2023-07-24
15836,Wiley Group,Healthcare,SMB,Chile,Europe,2022-12-30
15837,"Perez, Hubbard and Green",Finance,SMB,Guatemala,APAC,2023-05-24
15838,Wagner-Morgan,Technology,SMB,Moldova,LATAM,2025-09-29
15839,Thomas Group,Technology,SMB,Maldives,Europe,2023-03-11
15840,"Flores, Moore and Wells",Manufacturing,Enterprise,Cayman Islands,Europe,2022-09-15
15841,Evans-Bailey,Manufacturing,Enterprise,Serbia,APAC,2022-06-19
15842,"Riley, Flores and Robinson",Technology,Enterprise,Palau,North America,2023-08-07
15843,Davis LLC,Finance,Enterprise,Svalbard & Jan Mayen Islands,Europe,2026-03-09
15844,Allen and Sons,Retail,SMB,Pakistan,LATAM,2023-09-19
15845,Jones PLC,Technology,Mid-Market,Mongolia,LATAM,2024-11-18
15846,Copeland-Melton,Retail,Enterprise,Morocco,Europe,2022-11-19
15847,Bass and Sons,Manufacturing,SMB,Jersey,LATAM,2023-09-13
15848,Brown-Santana,Finance,Mid-Market,British Indian Ocean Territory (Chagos Archipelago),LATAM,2022-08-12
15849,Johnson PLC,Finance,Mid-Market,Cook Islands,North America,2023-12-18
15850,Thornton Group,Retail,SMB,Honduras,North America,2024-09-14
15851,"Smith, Mckee and Mckenzie",Manufacturing,Enterprise,Sierra Leone,Europe,2023-10-11
15852,Mcdonald-Davidson,Retail,Mid-Market,Ukraine,Europe,2025-11-04
15853,Levine LLC,Manufacturing,Mid-Market,Tanzania,APAC,2023-01-22
15854,Smith Ltd,Retail,Enterprise,Dominican Republic,APAC,2023-06-17
15855,"Morales, Gomez and Joseph",Healthcare,SMB,Denmark,North America,2023-07-13
15856,"Rhodes, Harrison and Prince",Manufacturing,Enterprise,Czech Republic,APAC,2022-06-20
15857,Silva-Blake,Finance,Enterprise,Faroe Islands,APAC,2024-03-15
15858,Nielsen-Lopez,Technology,Mid-Market,Antarctica (the territory South of 60 deg S),Europe,2025-12-05
15859,"Davies, Shelton and Watson",Healthcare,Mid-Market,Ethiopia,LATAM,2026-05-31
15860,"Adams, Anderson and Williams",Manufacturing,Mid-Market,Germany,Europe,2023-02-17
15861,"Jackson, Leon and Doyle",Retail,SMB,Dominican Republic,APAC,2026-02-06
15862,Choi-Hill,Finance,Mid-Market,Kuwait,APAC,2026-01-19
15863,"Lee, Smith and Rivas",Finance,Mid-Market,New Caledonia,APAC,2025-09-02
15864,Miller Inc,Technology,SMB,Honduras,North America,2026-04-28
15865,Molina Inc,Finance,Enterprise,North Macedonia,North America,2025-04-17
15866,Clark PLC,Healthcare,Enterprise,Botswana,North America,2026-02-22
15867,Kaufman-Liu,Retail,Mid-Market,Cote d'Ivoire,APAC,2024-09-05
15868,Warren Ltd,Technology,SMB,Sierra Leone,North America,2023-11-24
15869,Walker-Galvan,Finance,Mid-Market,Seychelles,APAC,2025-07-27
15870,Kaiser-Berry,Finance,SMB,Maldives,Europe,2026-02-16
15871,"Ruiz, Tran and Hernandez",Technology,Enterprise,Benin,APAC,2022-12-23
15872,"Graham, Russell and Reid",Technology,Enterprise,Haiti,APAC,2023-11-08
15873,Anderson Ltd,Manufacturing,Mid-Market,United Kingdom,APAC,2023-01-28
15874,Cook-Mullins,Healthcare,SMB,Macao,APAC,2026-03-09
15875,Hanson-Mcdonald,Technology,Mid-Market,Norway,APAC,2025-05-06
15876,"Reyes, Harris and Graham",Retail,Mid-Market,Belgium,Europe,2023-08-14
15877,Gill Group,Manufacturing,Enterprise,Yemen,North America,2022-11-05
15878,Ramirez Group,Technology,SMB,Serbia,LATAM,2022-09-05
15879,Young PLC,Finance,Mid-Market,Tunisia,APAC,2025-12-29
15880,Haas-Brown,Technology,Mid-Market,Tuvalu,Europe,2024-12-23
15881,"Maxwell, Schultz and Williams",Technology,SMB,Martinique,APAC,2023-01-16
15882,Harrison Inc,Technology,Enterprise,Belgium,APAC,2026-01-03
15883,Harris-Garcia,Healthcare,SMB,Netherlands Antilles,APAC,2022-12-06
15884,Jones Group,Healthcare,SMB,Tanzania,Europe,2025-09-17
15885,Stevens PLC,Healthcare,SMB,Cuba,LATAM,2024-02-20
15886,"Watson, Johnson and Mcclain",Technology,SMB,Netherlands,APAC,2023-06-07
15887,"Anderson, Jones and Walter",Finance,SMB,Solomon Islands,APAC,2022-08-10
15888,Nunez-Adams,Technology,Enterprise,Saint Kitts and Nevis,Europe,2025-12-21
15889,"Wiggins, Brock and Ward",Retail,SMB,Malawi,North America,2023-07-02
15890,"Diaz, Mckinney and Reyes",Technology,SMB,Azerbaijan,Europe,2025-07-25
15891,Taylor-Henry,Manufacturing,Mid-Market,Fiji,North America,2023-02-13
15892,"Dickerson, Mayo and Green",Finance,Mid-Market,Kyrgyz Republic,APAC,2024-05-16
15893,Choi LLC,Technology,SMB,Northern Mariana Islands,North America,2025-04-19
15894,"Estrada, Shelton and Brown",Manufacturing,Mid-Market,Montenegro,APAC,2022-06-27
15895,Bradley Inc,Finance,SMB,Guinea-Bissau,Europe,2022-07-19
15896,"Cooley, Thompson and Scott",Finance,Mid-Market,Solomon Islands,LATAM,2023-05-13
15897,"Olson, Rowe and Yoder",Healthcare,Mid-Market,Falkland Islands (Malvinas),Europe,2025-06-16
15898,"Griffin, Stein and Hayes",Technology,Enterprise,Antigua and Barbuda,North America,2024-05-23
15899,Davis-Hoffman,Retail,SMB,Cambodia,Europe,2026-03-01
15900,Dominguez-Russell,Healthcare,Mid-Market,Japan,Europe,2023-03-26
15901,"Robinson, Salas and Roy",Manufacturing,Enterprise,Tokelau,North America,2023-04-04
15902,Wilson-Evans,Technology,SMB,Cameroon,Europe,2026-03-16
15903,"White, Carter and Garner",Retail,SMB,Ghana,Europe,2026-04-19
15904,"Welch, Davis and Browning",Manufacturing,Mid-Market,Guyana,North America,2024-07-31
15905,Murphy-Vega,Finance,SMB,Armenia,LATAM,2022-07-25
15906,"Figueroa, Mcbride and Davis",Healthcare,SMB,Brunei Darussalam,LATAM,2024-05-08
15907,"Glover, Smith and Guerrero",Finance,Enterprise,Turkey,APAC,2025-11-22
15908,"Mckay, Brown and Peterson",Manufacturing,Mid-Market,Aruba,LATAM,2025-02-22
15909,Maldonado Inc,Retail,Mid-Market,Georgia,LATAM,2026-02-16
15910,Peterson-Hicks,Retail,Mid-Market,Liechtenstein,LATAM,2023-05-17
15911,"Ellis, Santana and Liu",Finance,SMB,Nicaragua,Europe,2024-06-27
15912,"Shah, Pope and Parker",Healthcare,SMB,Palestinian Territory,LATAM,2024-06-23
15913,Reid-Chapman,Technology,Enterprise,Egypt,LATAM,2025-08-08
15914,"Gonzalez, Graves and Hart",Retail,Mid-Market,Switzerland,North America,2024-03-23
15915,Moore-Harvey,Finance,SMB,Uzbekistan,APAC,2022-07-22
15916,Hill Inc,Finance,Enterprise,Bangladesh,North America,2026-05-12
15917,"Long, Meyer and Rivera",Technology,Mid-Market,Algeria,Europe,2024-05-20
15918,"Scott, Miller and Ferguson",Technology,Enterprise,Suriname,Europe,2023-07-06
15919,Carlson LLC,Retail,Enterprise,Cuba,Europe,2022-07-04
15920,"Davis, Brooks and Mckay",Manufacturing,Enterprise,Maldives,North America,2023-07-28
15921,"Pierce, Morris and Carr",Retail,SMB,Pakistan,LATAM,2023-12-26
15922,Williams LLC,Retail,Mid-Market,Peru,North America,2025-01-16
15923,Harrell Ltd,Finance,Mid-Market,Singapore,APAC,2024-02-10
15924,Gonzalez-Flores,Retail,Enterprise,Jersey,APAC,2023-12-10
15925,Hart Group,Finance,Mid-Market,Mayotte,Europe,2024-11-01
15926,Garcia PLC,Finance,Enterprise,Rwanda,North America,2022-09-20
15927,"George, Coffey and Torres",Retail,SMB,Madagascar,LATAM,2024-06-04
15928,"Patterson, Rodriguez and Lara",Healthcare,Mid-Market,Palestinian Territory,LATAM,2024-08-18
15929,Price-Robinson,Finance,SMB,Tuvalu,North America,2025-03-17
15930,Vasquez PLC,Healthcare,Enterprise,Saint Pierre and Miquelon,LATAM,2023-03-20
15931,Welch-Holmes,Manufacturing,SMB,Fiji,APAC,2025-04-21
15932,Rangel LLC,Technology,Mid-Market,Yemen,LATAM,2026-04-14
15933,"Mitchell, Martinez and Hanson",Finance,Mid-Market,Bulgaria,Europe,2024-03-20
15934,"Nunez, Barry and Simmons",Retail,SMB,Cayman Islands,APAC,2022-10-25
15935,Smith-Montoya,Technology,Mid-Market,Korea,Europe,2022-12-07
15936,"Peterson, Odom and Middleton",Technology,SMB,Bulgaria,North America,2025-06-10
15937,"Clark, Moore and Atkins",Retail,Mid-Market,Reunion,APAC,2026-01-30
15938,"Hudson, White and Johnson",Healthcare,SMB,Nauru,APAC,2023-07-23
15939,Jackson-Galvan,Retail,Mid-Market,Philippines,LATAM,2023-01-01
15940,Bernard Ltd,Healthcare,Enterprise,Wallis and Futuna,APAC,2026-05-13
15941,Chavez-Bass,Retail,Mid-Market,Dominica,Europe,2023-12-22
15942,"Chavez, Ayala and Buck",Finance,Enterprise,Jamaica,LATAM,2024-06-19
15943,Matthews PLC,Healthcare,SMB,Uganda,LATAM,2023-12-16
15944,Cooper Group,Retail,Mid-Market,Cayman Islands,North America,2024-06-01
15945,"Jensen, Johnson and Austin",Technology,SMB,Kyrgyz Republic,Europe,2022-08-02
15946,Jenkins Group,Manufacturing,SMB,Turkey,LATAM,2025-10-06
15947,"Short, Andrews and Welch",Technology,Mid-Market,Luxembourg,APAC,2022-07-05
15948,"Skinner, Martin and Hull",Manufacturing,Enterprise,Colombia,APAC,2025-06-07
15949,"Clark, Wall and King",Technology,Mid-Market,American Samoa,Europe,2024-12-14
15950,"Simon, Gregory and Dixon",Manufacturing,Mid-Market,French Southern Territories,North America,2024-04-14
15951,Baker-Barton,Technology,Enterprise,Cote d'Ivoire,APAC,2024-03-06
15952,Burgess Group,Retail,Mid-Market,Costa Rica,APAC,2025-06-02
15953,Bond-Mclaughlin,Healthcare,Mid-Market,Bermuda,APAC,2025-12-12
15954,"Perez, Waters and Owens",Retail,Enterprise,Tonga,North America,2022-12-08
15955,Thompson LLC,Retail,Enterprise,American Samoa,APAC,2023-12-04
15956,Patterson Ltd,Technology,SMB,Bulgaria,APAC,2024-12-15
15957,Mitchell-Johnston,Technology,SMB,Aruba,LATAM,2024-05-27
15958,Jones-Schmidt,Retail,SMB,Gabon,LATAM,2024-04-21
15959,"Schmidt, Shaw and Terrell",Manufacturing,Enterprise,Northern Mariana Islands,LATAM,2024-09-28
15960,"Ellis, Cardenas and Rowland",Retail,Enterprise,Turkey,North America,2025-09-05
15961,Valenzuela LLC,Finance,SMB,Albania,Europe,2024-11-25
15962,Brown Inc,Healthcare,Mid-Market,Saint Pierre and Miquelon,Europe,2026-04-10
15963,Thompson-Hernandez,Manufacturing,SMB,Saint Kitts and Nevis,APAC,2022-12-23
15964,Garcia Inc,Manufacturing,Enterprise,Sri Lanka,LATAM,2024-10-30
15965,Brown-Harris,Manufacturing,SMB,Vietnam,North America,2024-03-12
15966,Lopez-Cook,Retail,Mid-Market,Albania,North America,2024-12-10
15967,"Ruiz, Hill and Mayer",Manufacturing,Mid-Market,Malawi,LATAM,2026-05-26
15968,Dickerson Ltd,Technology,Mid-Market,Malaysia,North America,2023-06-19
15969,"Roth, Miller and Heath",Retail,Mid-Market,Cyprus,Europe,2024-03-18
15970,Charles Group,Manufacturing,Mid-Market,Uganda,North America,2024-05-18
15971,Burch Group,Retail,SMB,Uganda,LATAM,2026-03-19
15972,"Gonzales, Henderson and Hall",Finance,Mid-Market,French Guiana,Europe,2026-02-03
15973,White-James,Manufacturing,Mid-Market,Somalia,APAC,2023-07-06
15974,Morrow Inc,Retail,SMB,Slovakia (Slovak Republic),APAC,2026-02-12
15975,Macdonald Inc,Manufacturing,SMB,Latvia,LATAM,2025-03-23
15976,Fernandez and Sons,Technology,Enterprise,Malta,North America,2022-08-18
15977,Henry-Espinoza,Manufacturing,Mid-Market,Romania,North America,2023-02-01
15978,Mendez PLC,Technology,Enterprise,Djibouti,Europe,2024-10-03
15979,Brown-Lane,Finance,Enterprise,Paraguay,LATAM,2024-04-20
15980,Hamilton-Fisher,Manufacturing,Mid-Market,Taiwan,APAC,2026-03-18
15981,Morris LLC,Finance,SMB,Togo,Europe,2024-12-29
15982,Pace Group,Retail,Mid-Market,Cote d'Ivoire,Europe,2024-02-11
15983,Jennings-Young,Technology,Enterprise,Malta,LATAM,2026-02-23
15984,Palmer Inc,Technology,Enterprise,Cayman Islands,APAC,2026-02-10
15985,"Booker, Cabrera and Robinson",Manufacturing,SMB,Australia,Europe,2026-05-03
15986,"Torres, Alexander and Williams",Retail,Enterprise,Senegal,LATAM,2023-12-14
15987,Ray-Johnson,Healthcare,SMB,Mexico,APAC,2025-10-10
15988,"Carter, Howard and Davis",Manufacturing,SMB,Saint Barthelemy,North America,2022-11-07
15989,Hurley and Sons,Retail,Enterprise,Netherlands Antilles,Europe,2025-03-06
15990,Alvarez-Horton,Finance,Mid-Market,Argentina,LATAM,2024-10-06
15991,Terrell-Armstrong,Healthcare,Mid-Market,Montenegro,North America,2024-07-16
15992,Torres Inc,Retail,Enterprise,Austria,APAC,2025-08-02
15993,Cole-Grimes,Technology,SMB,Sao Tome and Principe,LATAM,2023-04-06
15994,Ramos Inc,Technology,SMB,Bahamas,Europe,2023-09-14
15995,Zamora-Randall,Technology,Mid-Market,Reunion,North America,2025-07-08
15996,Ellis-Nelson,Finance,SMB,Mozambique,North America,2025-09-08
15997,Mitchell-Anderson,Healthcare,SMB,Burundi,LATAM,2024-05-11
15998,"Grant, Barrera and Montgomery",Retail,Mid-Market,Costa Rica,LATAM,2024-02-04
15999,Mcintosh Inc,Manufacturing,Enterprise,Switzerland,Europe,2023-07-27
16000,Gonzalez Inc,Finance,Enterprise,Guinea,North America,2023-10-15
16001,Medina-Briggs,Technology,Enterprise,Bahrain,Europe,2026-01-15
16002,Wilson-Berg,Technology,SMB,Mauritius,North America,2023-01-29
16003,"Gardner, Smith and Hernandez",Healthcare,Enterprise,Togo,APAC,2023-03-25
16004,Carroll-Pineda,Retail,SMB,Jamaica,North America,2022-12-15
16005,Scott Group,Retail,Mid-Market,Iraq,APAC,2024-11-25
16006,"Soto, Hicks and Barnett",Manufacturing,SMB,Moldova,LATAM,2023-11-12
16007,Ali Ltd,Healthcare,SMB,Hungary,APAC,2025-12-06
16008,Contreras-Hall,Technology,Mid-Market,Maldives,APAC,2025-08-03
16009,"Hubbard, Choi and Rodriguez",Manufacturing,Mid-Market,Lesotho,LATAM,2025-12-20
16010,"Ross, Scott and Blair",Manufacturing,Enterprise,United Arab Emirates,LATAM,2023-07-06
16011,Simmons LLC,Retail,Enterprise,Dominica,LATAM,2025-07-30
16012,Spears LLC,Manufacturing,SMB,Bahamas,LATAM,2022-09-22
16013,"Parsons, Neal and Kelley",Finance,SMB,Indonesia,Europe,2024-11-02
16014,"Yang, Patel and Lane",Manufacturing,Mid-Market,American Samoa,APAC,2024-05-06
16015,Hutchinson-Carlson,Retail,Enterprise,Suriname,LATAM,2025-12-08
16016,"Mathis, Smith and Ryan",Finance,SMB,Kyrgyz Republic,LATAM,2023-06-07
16017,Cole-Lewis,Retail,SMB,Nigeria,North America,2025-10-01
16018,Hughes-Mendoza,Healthcare,Mid-Market,Paraguay,LATAM,2024-02-01
16019,Baker-Rivera,Healthcare,Enterprise,Jordan,North America,2025-07-28
16020,"Carlson, Norris and Long",Healthcare,Mid-Market,Dominican Republic,Europe,2024-07-30
16021,"Ford, Mcmahon and Ellis",Technology,Enterprise,Equatorial Guinea,LATAM,2026-05-17
16022,Hebert Inc,Healthcare,Enterprise,Korea,LATAM,2023-06-16
16023,Ford Ltd,Retail,SMB,Philippines,APAC,2026-04-09
16024,Medina PLC,Technology,Enterprise,Portugal,North America,2023-09-12
16025,Oneal-Bell,Manufacturing,Enterprise,Qatar,Europe,2023-01-23
16026,Peterson-Gonzalez,Finance,SMB,Panama,LATAM,2023-06-21
16027,Munoz and Sons,Retail,SMB,Chile,APAC,2024-10-13
16028,Vance PLC,Healthcare,Mid-Market,Ireland,APAC,2024-07-09
16029,Lopez-Alvarez,Retail,Enterprise,Uganda,LATAM,2024-09-10
16030,Brooks-Jennings,Finance,Mid-Market,Mozambique,LATAM,2025-03-31
16031,Coleman Inc,Finance,Mid-Market,Australia,APAC,2023-12-24
16032,Garza Group,Retail,SMB,Bulgaria,Europe,2025-11-01
16033,"Graham, Walker and Gallagher",Retail,SMB,Hong Kong,LATAM,2022-08-19
16034,Gonzalez-Booker,Healthcare,Mid-Market,Luxembourg,APAC,2023-09-25
16035,Pena LLC,Technology,SMB,Kyrgyz Republic,North America,2024-01-30
16036,Williams-Moran,Retail,Enterprise,Cocos (Keeling) Islands,North America,2022-11-23
16037,"Jones, Watkins and Cherry",Healthcare,Mid-Market,Aruba,APAC,2025-03-18
16038,Smith-Paul,Technology,Enterprise,Tajikistan,North America,2024-08-30
16039,"Hayes, Gonzalez and Matthews",Manufacturing,Enterprise,Guinea,LATAM,2025-12-21
16040,Walsh LLC,Manufacturing,Mid-Market,Papua New Guinea,North America,2026-04-22
16041,Jimenez-Owen,Finance,Enterprise,Iran,APAC,2023-05-30
16042,Walters-Bass,Retail,Mid-Market,Croatia,APAC,2023-07-06
16043,Church-Wagner,Healthcare,Enterprise,Guyana,North America,2024-03-27
16044,Johnson-Huff,Retail,Enterprise,Trinidad and Tobago,APAC,2025-05-13
16045,"Edwards, Ball and Scott",Technology,Enterprise,Macao,Europe,2025-09-04
16046,Smith-Lopez,Manufacturing,Enterprise,Ethiopia,Europe,2023-07-31
16047,Sanders-Sanders,Manufacturing,Enterprise,Turkmenistan,North America,2025-05-29
16048,Mendez-Estrada,Manufacturing,Mid-Market,Eritrea,Europe,2026-03-21
16049,Mayo Inc,Technology,Enterprise,Pitcairn Islands,North America,2022-09-04
16050,Smith LLC,Healthcare,Enterprise,Hong Kong,North America,2024-11-10
16051,Walker-Hunter,Healthcare,Mid-Market,Lao People's Democratic Republic,APAC,2024-01-14
16052,"Johnston, Kirby and Price",Finance,Enterprise,Burkina Faso,LATAM,2025-05-27
16053,"Martinez, Thompson and Kent",Retail,Enterprise,New Zealand,North America,2023-10-13
16054,Newman Group,Finance,Enterprise,Burundi,Europe,2026-01-20
16055,"Murphy, Costa and Cline",Finance,SMB,Guinea,Europe,2022-10-31
16056,Suarez-Long,Finance,Mid-Market,Marshall Islands,LATAM,2023-02-01
16057,"Martin, Mcclain and Scott",Finance,SMB,Turkey,APAC,2024-01-02
16058,"Dixon, Houston and Howard",Technology,SMB,Estonia,LATAM,2025-11-02
16059,Morrison Inc,Retail,Mid-Market,Sierra Leone,North America,2024-04-14
16060,Grant-Taylor,Finance,Enterprise,Nigeria,Europe,2025-03-21
16061,"Rivera, Carter and Rodgers",Healthcare,SMB,Bahamas,APAC,2024-10-08
16062,Montgomery Inc,Healthcare,SMB,Benin,LATAM,2023-12-17
16063,Lee LLC,Manufacturing,SMB,Equatorial Guinea,Europe,2023-01-11
16064,Johnson-Lamb,Manufacturing,Mid-Market,Grenada,Europe,2025-03-19
16065,Castillo Group,Technology,Enterprise,Mayotte,APAC,2022-07-01
16066,York PLC,Manufacturing,SMB,Grenada,North America,2025-07-26
16067,Harrison PLC,Healthcare,Enterprise,Uruguay,North America,2025-03-25
16068,Moore LLC,Technology,Mid-Market,Mongolia,APAC,2026-01-11
16069,Mathews LLC,Finance,Enterprise,Reunion,Europe,2023-09-26
16070,King Group,Manufacturing,Mid-Market,Zambia,LATAM,2023-01-21
16071,"Miller, Jones and Oconnor",Manufacturing,SMB,Latvia,LATAM,2026-04-22
16072,Hayes Group,Healthcare,Mid-Market,Malta,North America,2024-07-03
16073,"Wagner, Mitchell and Armstrong",Technology,Mid-Market,Kiribati,North America,2024-10-23
16074,"Weber, Rogers and Summers",Retail,Enterprise,Latvia,Europe,2025-04-12
16075,"Jordan, Powell and Patterson",Finance,SMB,Taiwan,APAC,2023-09-01
16076,Reed Group,Finance,SMB,Afghanistan,North America,2024-07-21
16077,"Molina, Bush and Huffman",Healthcare,Mid-Market,Oman,Europe,2025-03-11
16078,"Rivas, Wagner and Kelly",Technology,Enterprise,Guernsey,North America,2024-03-03
16079,Curry-Nguyen,Finance,SMB,Qatar,North America,2026-01-03
16080,Young-Huynh,Healthcare,Enterprise,Mozambique,LATAM,2025-05-04
16081,Small-Michael,Manufacturing,SMB,Wallis and Futuna,LATAM,2025-04-08
16082,Johnson LLC,Manufacturing,SMB,French Polynesia,Europe,2022-10-31
16083,"Fox, Lewis and Hill",Manufacturing,Enterprise,Cambodia,APAC,2025-12-30
16084,Harrell Group,Finance,SMB,United States Minor Outlying Islands,LATAM,2025-09-21
16085,"Adams, Gibbs and Ortiz",Retail,Mid-Market,Tonga,APAC,2023-03-01
16086,Vasquez-Johnson,Retail,Enterprise,North Macedonia,Europe,2026-04-10
16087,Hughes Ltd,Finance,Enterprise,France,LATAM,2022-11-02
16088,Webb Ltd,Finance,Mid-Market,Uruguay,Europe,2022-10-09
16089,Hayden-Price,Technology,Enterprise,Senegal,Europe,2024-10-12
16090,Castro PLC,Retail,SMB,Cameroon,APAC,2022-11-14
16091,"Allison, Mckinney and Carter",Finance,Mid-Market,Isle of Man,LATAM,2023-01-02
16092,Joseph PLC,Manufacturing,Mid-Market,Liechtenstein,APAC,2022-07-07
16093,"Brown, Williams and Joyce",Finance,Mid-Market,Grenada,APAC,2023-08-20
16094,"Miller, Olsen and Mcdaniel",Finance,Mid-Market,Slovakia (Slovak Republic),Europe,2023-12-14
16095,Smith-Huang,Technology,SMB,Wallis and Futuna,APAC,2025-01-02
16096,Smith and Sons,Finance,SMB,Croatia,North America,2023-09-07
16097,Morales-Peck,Manufacturing,SMB,Latvia,Europe,2024-05-30
16098,Bowman-Howell,Finance,Mid-Market,Tanzania,North America,2024-06-03
16099,Brooks-Peters,Healthcare,Mid-Market,Tajikistan,Europe,2025-09-23
16100,Day-Santos,Healthcare,Mid-Market,Barbados,Europe,2022-11-06
16101,Liu Ltd,Retail,SMB,China,LATAM,2024-06-04
16102,"Hill, Rios and Roberts",Healthcare,SMB,Eritrea,APAC,2023-07-13
16103,Hudson Ltd,Finance,Mid-Market,Reunion,LATAM,2023-05-02
16104,"Williams, Harris and Bennett",Manufacturing,SMB,Togo,Europe,2022-11-10
16105,"Richards, Curry and Perez",Finance,Mid-Market,French Guiana,APAC,2025-02-10
16106,Gibson PLC,Manufacturing,SMB,Seychelles,APAC,2025-12-16
16107,Watkins Ltd,Finance,SMB,Kiribati,APAC,2025-04-15
16108,"Sims, Howard and Reed",Healthcare,Mid-Market,Portugal,Europe,2024-07-25
16109,Cooper-Lopez,Healthcare,Mid-Market,Uruguay,APAC,2024-10-12
16110,Jones-Roberts,Finance,SMB,New Caledonia,North America,2024-09-13
16111,Rangel-Gibson,Manufacturing,Mid-Market,Uganda,APAC,2024-09-13
16112,Mendoza Ltd,Finance,Mid-Market,Bouvet Island (Bouvetoya),North America,2025-08-06
16113,Kelley Group,Technology,Enterprise,Qatar,North America,2025-06-24
16114,"Bates, Proctor and Rivas",Retail,Enterprise,Congo,Europe,2023-07-09
16115,"Sanchez, Nelson and Brown",Finance,Enterprise,Cote d'Ivoire,APAC,2025-05-29
16116,"Mcdowell, Wilson and Sims",Manufacturing,SMB,Kyrgyz Republic,APAC,2023-03-04
16117,Roberts and Sons,Manufacturing,SMB,Dominica,Europe,2022-11-10
16118,"Green, Steele and Ross",Manufacturing,SMB,Gambia,APAC,2023-03-02
16119,"Smith, Wells and Cordova",Manufacturing,Enterprise,Thailand,Europe,2023-08-29
16120,Mills PLC,Retail,Enterprise,Azerbaijan,LATAM,2023-03-08
16121,Clark-Montoya,Finance,Mid-Market,Isle of Man,APAC,2024-05-26
16122,Garrett-Newman,Manufacturing,Enterprise,Montserrat,LATAM,2025-04-19
16123,"Sandoval, Williams and Herrera",Healthcare,SMB,Mauritania,LATAM,2023-01-24
16124,Weiss-Parsons,Retail,Mid-Market,Paraguay,APAC,2024-08-19
16125,"Shah, Hines and Rogers",Retail,Enterprise,Niue,North America,2023-10-15
16126,"Thomas, York and Hanson",Finance,Mid-Market,Lebanon,APAC,2025-01-02
16127,Ramos-Black,Retail,SMB,Holy See (Vatican City State),North America,2023-10-27
16128,"Larson, Hansen and Garcia",Technology,Enterprise,Lesotho,LATAM,2025-09-25
16129,Carlson Ltd,Retail,Enterprise,Turkmenistan,LATAM,2024-10-13
16130,Mcgrath Ltd,Technology,Mid-Market,United States Virgin Islands,Europe,2025-01-02
16131,Mcdaniel PLC,Retail,Mid-Market,British Indian Ocean Territory (Chagos Archipelago),North America,2022-09-17
16132,Jefferson-Elliott,Finance,SMB,Seychelles,North America,2025-10-18
16133,Stewart PLC,Finance,Mid-Market,United Kingdom,LATAM,2023-12-14
16134,Rodriguez LLC,Healthcare,Enterprise,Djibouti,North America,2026-01-08
16135,Yoder-Collins,Technology,SMB,Lebanon,APAC,2022-09-04
16136,Lloyd-Simmons,Manufacturing,Mid-Market,Portugal,APAC,2024-10-12
16137,Irwin LLC,Retail,Mid-Market,Trinidad and Tobago,LATAM,2023-09-16
16138,Francis Group,Finance,Mid-Market,Mauritius,Europe,2025-06-14
16139,Wilson-Sexton,Technology,SMB,Christmas Island,APAC,2022-06-10
16140,Lewis and Sons,Manufacturing,Mid-Market,Libyan Arab Jamahiriya,Europe,2022-07-15
16141,Stewart Ltd,Finance,Enterprise,Uruguay,APAC,2026-01-11
16142,"Roth, Clark and Best",Healthcare,Mid-Market,Lithuania,Europe,2023-05-10
16143,Smith-Melendez,Healthcare,SMB,Luxembourg,North America,2024-01-20
16144,Anderson and Sons,Finance,Mid-Market,Poland,North America,2024-02-28
16145,Cross LLC,Manufacturing,Mid-Market,Botswana,Europe,2023-03-12
16146,"Whitaker, Sanchez and Hughes",Manufacturing,Mid-Market,New Zealand,APAC,2023-08-24
16147,Potts PLC,Manufacturing,SMB,Hong Kong,LATAM,2022-07-30
16148,"Pace, Simpson and Johnson",Healthcare,Mid-Market,Papua New Guinea,APAC,2023-03-08
16149,"Thompson, Oliver and Lucero",Manufacturing,Enterprise,San Marino,APAC,2025-08-24
16150,"Cobb, Phillips and Schmidt",Technology,Enterprise,Luxembourg,North America,2022-08-31
16151,Morris-Peterson,Healthcare,SMB,Panama,North America,2024-06-24
16152,Jones and Sons,Finance,SMB,Haiti,North America,2023-11-17
16153,Mann-Cordova,Finance,Mid-Market,Czech Republic,LATAM,2022-10-04
16154,Green Inc,Retail,Enterprise,Colombia,Europe,2022-12-06
16155,"Wood, Roberson and Rodriguez",Manufacturing,SMB,Uganda,North America,2024-07-30
16156,"Hardy, Montgomery and Fuentes",Retail,Enterprise,Antarctica (the territory South of 60 deg S),Europe,2022-10-13
16157,Farmer-Scott,Healthcare,SMB,Timor-Leste,APAC,2023-05-22
16158,"Grant, Bates and Miller",Manufacturing,SMB,Namibia,Europe,2026-02-06
16159,"Burgess, Morton and Baker",Finance,Enterprise,Guernsey,Europe,2025-02-24
16160,"Johnson, Banks and Andersen",Manufacturing,SMB,Saint Vincent and the Grenadines,Europe,2024-07-03
16161,Mack and Sons,Finance,Enterprise,Mali,Europe,2022-10-11
16162,"Brown, Cantrell and Hawkins",Technology,Mid-Market,Nicaragua,LATAM,2025-01-17
16163,Long Group,Finance,Enterprise,French Polynesia,North America,2024-09-12
16164,Ellis-Arnold,Manufacturing,Mid-Market,Belize,APAC,2024-03-02
16165,Smith Inc,Technology,SMB,Argentina,APAC,2026-04-30
16166,West Group,Technology,Mid-Market,Bhutan,APAC,2025-08-16
16167,Thomas Group,Healthcare,Enterprise,Norfolk Island,Europe,2024-08-11
16168,Riley-Ferguson,Manufacturing,Enterprise,Madagascar,Europe,2024-04-09
16169,Watson-Stephens,Finance,Enterprise,Cambodia,North America,2022-12-21
16170,"Fuller, White and Gregory",Retail,SMB,Malaysia,Europe,2025-09-27
16171,Miller-Martinez,Technology,Mid-Market,Niue,LATAM,2022-08-31
16172,Jordan-Jackson,Manufacturing,Mid-Market,Aruba,APAC,2022-08-26
16173,Wright-Hicks,Finance,Enterprise,Niue,LATAM,2025-08-26
16174,"Evans, Wilson and Lynch",Finance,SMB,Moldova,North America,2024-05-17
16175,Lawson-Matthews,Technology,SMB,Reunion,APAC,2023-11-11
16176,Garcia and Sons,Healthcare,Enterprise,Costa Rica,Europe,2023-12-14
16177,Romero Ltd,Healthcare,Enterprise,United States Minor Outlying Islands,Europe,2022-07-30
16178,"Martin, Thomas and Stokes",Finance,Mid-Market,French Guiana,APAC,2024-01-31
16179,Yang Ltd,Retail,Enterprise,Macao,LATAM,2026-02-11
16180,"Johnston, Gonzalez and Russell",Retail,Enterprise,Singapore,LATAM,2025-01-16
16181,Smith Group,Manufacturing,Enterprise,Equatorial Guinea,APAC,2024-06-06
16182,"Sandoval, Jackson and Bailey",Retail,SMB,Jamaica,LATAM,2025-06-08
16183,"Harris, Schroeder and Bowen",Retail,SMB,Iraq,North America,2023-12-25
16184,"Weiss, Robbins and Foster",Finance,Enterprise,Botswana,Europe,2023-08-27
16185,Graham Group,Retail,Mid-Market,Mozambique,LATAM,2024-02-09
16186,"Holmes, Herrera and Meyers",Retail,Mid-Market,Mozambique,APAC,2024-04-16
16187,Morgan LLC,Healthcare,Mid-Market,Turks and Caicos Islands,APAC,2026-02-23
16188,"Lee, Goodman and Brooks",Finance,Enterprise,Benin,Europe,2022-08-07
16189,"Archer, Meza and Sawyer",Retail,Enterprise,Qatar,North America,2025-08-05
16190,Ray Group,Manufacturing,Enterprise,Svalbard & Jan Mayen Islands,LATAM,2025-07-31
16191,"Turner, Crawford and Rivera",Technology,Mid-Market,China,LATAM,2025-09-14
16192,Vincent LLC,Technology,Enterprise,Timor-Leste,North America,2023-05-21
16193,"Smith, Salas and Hughes",Manufacturing,SMB,Chad,Europe,2025-12-16
16194,Fernandez-Obrien,Healthcare,SMB,Saint Helena,Europe,2022-07-04
16195,Schneider Ltd,Healthcare,Enterprise,Chad,North America,2026-03-04
16196,"Diaz, Cortez and Miller",Healthcare,Mid-Market,Vanuatu,North America,2022-08-02
16197,Grimes Inc,Technology,Enterprise,Austria,LATAM,2024-07-10
16198,Phillips Ltd,Retail,Enterprise,Sudan,Europe,2026-01-09
16199,"Montgomery, Rivera and Gonzales",Healthcare,Enterprise,Zambia,APAC,2024-03-29
16200,"Brown, Peterson and Cobb",Manufacturing,Enterprise,Yemen,APAC,2023-06-03
16201,Bean-Carpenter,Finance,SMB,Guadeloupe,APAC,2024-09-27
16202,"Warren, Obrien and Miller",Retail,Enterprise,Nauru,North America,2026-02-28
16203,"Guzman, Williams and Hensley",Finance,SMB,Belize,LATAM,2024-11-19
16204,"Leonard, Zamora and Harper",Healthcare,SMB,British Virgin Islands,Europe,2025-05-02
16205,Goodman-Carpenter,Technology,SMB,Netherlands,Europe,2022-11-27
16206,Hutchinson Inc,Finance,Mid-Market,Cayman Islands,APAC,2026-03-26
16207,Hill-Pitts,Manufacturing,Enterprise,Sweden,APAC,2024-01-12
16208,Shaw-Goodwin,Manufacturing,Mid-Market,Burkina Faso,Europe,2025-03-21
16209,Gonzales and Sons,Manufacturing,Enterprise,Ireland,Europe,2025-03-15
16210,"Swanson, Smith and English",Healthcare,SMB,Costa Rica,North America,2023-01-31
16211,Myers Ltd,Healthcare,Enterprise,Seychelles,Europe,2025-12-11
16212,Parker LLC,Healthcare,Enterprise,Cook Islands,North America,2025-10-04
16213,"Walker, Cline and Rice",Healthcare,SMB,North Macedonia,North America,2024-03-17
16214,Foster-Hammond,Technology,Mid-Market,Botswana,LATAM,2024-01-13
16215,Moore-Gilbert,Finance,SMB,Romania,Europe,2023-05-02
16216,Nichols-Tran,Retail,Enterprise,Angola,North America,2025-11-12
16217,"Owens, Choi and Nguyen",Manufacturing,SMB,United States Minor Outlying Islands,APAC,2022-09-11
16218,"Hoover, Jennings and Hall",Manufacturing,SMB,United States Virgin Islands,LATAM,2023-02-17
16219,Hanna Inc,Finance,Enterprise,Costa Rica,North America,2023-01-22
16220,Griffin-Henderson,Retail,Mid-Market,Burundi,APAC,2025-12-14
16221,"Perry, Clark and Smith",Finance,Mid-Market,Iceland,North America,2025-11-13
16222,Lopez Inc,Healthcare,SMB,Iraq,Europe,2025-07-04
16223,"Miller, Miller and Grant",Manufacturing,SMB,Liberia,North America,2022-11-01
16224,Perez-King,Technology,Enterprise,Cape Verde,North America,2025-12-08
16225,Beltran Inc,Finance,Mid-Market,Libyan Arab Jamahiriya,Europe,2023-04-28
16226,Nguyen Inc,Retail,SMB,Luxembourg,LATAM,2025-08-28
16227,Foster-Campbell,Retail,Enterprise,Iran,APAC,2023-09-24
16228,"Smith, Brown and Harrell",Healthcare,Enterprise,Guyana,North America,2024-03-18
16229,Sanchez-Sherman,Finance,Mid-Market,Thailand,North America,2025-04-22
16230,Turner-Collier,Healthcare,Enterprise,Kazakhstan,LATAM,2025-01-28
16231,Beck Inc,Manufacturing,Enterprise,Martinique,LATAM,2025-09-21
16232,"Ortiz, Acosta and Gordon",Retail,Enterprise,San Marino,LATAM,2022-06-11
16233,Cardenas Inc,Finance,Mid-Market,Comoros,Europe,2022-10-18
16234,"Wallace, Mckee and Williams",Technology,Enterprise,Maldives,LATAM,2025-11-09
16235,Ramirez-Johnson,Technology,Enterprise,Guyana,APAC,2026-04-15
16236,Obrien-Graham,Retail,Enterprise,Oman,APAC,2022-12-16
16237,Sanders PLC,Retail,SMB,Hungary,Europe,2022-08-19
16238,Hicks LLC,Manufacturing,SMB,Serbia,Europe,2024-01-25
16239,Kim-Pratt,Retail,SMB,Austria,Europe,2024-06-23
16240,Friedman-Johnson,Healthcare,Enterprise,Nauru,LATAM,2022-06-10
16241,"Mckay, James and Young",Finance,Mid-Market,Egypt,LATAM,2024-12-08
16242,Murillo-Campbell,Healthcare,SMB,French Guiana,APAC,2022-09-19
16243,Ryan-Morrison,Healthcare,Enterprise,Albania,North America,2023-05-12
16244,Edwards Inc,Healthcare,SMB,Syrian Arab Republic,Europe,2023-10-25
16245,Li Inc,Manufacturing,Enterprise,Turkey,North America,2022-07-15
16246,Weber-Barnes,Healthcare,Enterprise,Chile,North America,2024-03-31
16247,Wade Group,Retail,Enterprise,Saint Barthelemy,North America,2023-11-19
16248,"Shannon, Harris and Gonzalez",Retail,SMB,Monaco,North America,2026-01-20
16249,Nicholson-Diaz,Manufacturing,SMB,Madagascar,Europe,2025-03-08
16250,Fields Inc,Finance,Enterprise,Belarus,North America,2025-08-09
16251,Wolfe-Robinson,Healthcare,Mid-Market,Botswana,Europe,2023-07-10
16252,Sanders Inc,Manufacturing,Mid-Market,Burkina Faso,LATAM,2025-06-11
16253,"Cook, Ross and Johnson",Healthcare,SMB,United States Minor Outlying Islands,North America,2025-03-11
16254,Ruiz-Newman,Healthcare,Enterprise,Colombia,North America,2023-05-14
16255,"Rogers, Smith and Gibbs",Retail,Mid-Market,Croatia,APAC,2024-02-27
16256,Smith-Garcia,Finance,Mid-Market,Spain,North America,2024-08-13
16257,Morgan Group,Manufacturing,Mid-Market,Greece,Europe,2023-09-21
16258,Johnston-Sloan,Finance,SMB,Cape Verde,North America,2025-05-28
16259,Owen-Richards,Technology,SMB,Iran,APAC,2024-02-02
16260,Arroyo-Juarez,Retail,SMB,Saint Martin,APAC,2024-12-09
16261,Martin LLC,Technology,Enterprise,Pakistan,Europe,2024-01-31
16262,"Wilson, Moon and Richards",Manufacturing,SMB,El Salvador,APAC,2023-06-24
16263,White-Hicks,Manufacturing,SMB,Taiwan,Europe,2026-02-07
16264,Ortega-Morton,Retail,Enterprise,Maldives,LATAM,2025-09-12
16265,Harrington Group,Manufacturing,Mid-Market,Botswana,North America,2022-07-03
16266,"Jordan, Mckenzie and Cannon",Retail,SMB,Greenland,LATAM,2024-05-06
16267,Shelton and Sons,Healthcare,Enterprise,Antigua and Barbuda,APAC,2025-09-28
16268,"Perry, Lucas and Perez",Technology,Enterprise,Holy See (Vatican City State),LATAM,2024-05-06
16269,Conner-Houston,Retail,Mid-Market,Dominican Republic,Europe,2024-03-15
16270,"Flynn, Craig and Mcdowell",Healthcare,SMB,Bhutan,North America,2025-06-07
16271,Miranda-Ross,Technology,SMB,Christmas Island,LATAM,2023-03-03
16272,Lee-Jones,Healthcare,Mid-Market,Guadeloupe,North America,2025-10-10
16273,Ayers-Salinas,Healthcare,Mid-Market,Uzbekistan,Europe,2023-10-12
16274,Blair-Howard,Retail,Mid-Market,Gibraltar,APAC,2023-01-16
16275,Rogers Group,Manufacturing,Enterprise,Bahamas,APAC,2024-12-05
16276,"Mejia, Jones and Payne",Technology,Mid-Market,New Caledonia,Europe,2026-01-13
16277,"Cox, Lopez and Wolf",Technology,Enterprise,Iraq,Europe,2025-06-10
16278,"Jones, Pratt and Jones",Technology,SMB,Thailand,Europe,2026-03-21
16279,Brown Ltd,Finance,Enterprise,Brazil,LATAM,2022-06-13
16280,Gray-Green,Finance,Enterprise,Bosnia and Herzegovina,LATAM,2025-12-24
16281,Haynes and Sons,Healthcare,Mid-Market,Samoa,APAC,2025-12-20
16282,Frank PLC,Retail,SMB,Liechtenstein,APAC,2026-03-05
16283,"Smith, Brown and Bright",Finance,SMB,Wallis and Futuna,APAC,2025-12-27
16284,Woods-Cook,Finance,Enterprise,Denmark,APAC,2025-01-16
16285,Simon LLC,Retail,Enterprise,Hungary,APAC,2022-10-12
16286,Joseph-Collins,Technology,Enterprise,Brunei Darussalam,Europe,2022-11-26
16287,Mccarty-Reyes,Technology,Enterprise,Angola,LATAM,2024-02-09
16288,Rogers-Reyes,Technology,Mid-Market,Yemen,North America,2025-06-29
16289,Smith-Williams,Finance,Mid-Market,Estonia,North America,2025-09-15
16290,"Howell, Mendoza and Garcia",Technology,Enterprise,Estonia,LATAM,2024-02-25
16291,"Gomez, Herrera and Rubio",Finance,SMB,Martinique,Europe,2024-09-07
16292,Grant-Combs,Healthcare,Enterprise,Cote d'Ivoire,APAC,2022-10-07
16293,Johnson LLC,Healthcare,SMB,Tunisia,APAC,2022-11-02
16294,Harris-Gonzalez,Retail,SMB,Sao Tome and Principe,APAC,2023-01-26
16295,Johnson-Mcgee,Manufacturing,Enterprise,Costa Rica,APAC,2024-02-28
16296,Stevens-Barry,Technology,Enterprise,Spain,Europe,2025-10-06
16297,Bell-Mckenzie,Technology,Enterprise,Western Sahara,LATAM,2025-11-29
16298,Clark-Allen,Manufacturing,Mid-Market,Spain,Europe,2025-01-01
16299,"Santiago, Manning and Leon",Manufacturing,Mid-Market,Saint Lucia,Europe,2024-07-29
16300,Robinson-Martinez,Healthcare,Mid-Market,Croatia,North America,2024-02-19
16301,"Jones, Day and Paul",Finance,Mid-Market,Panama,Europe,2025-01-23
16302,"Johnson, Evans and Moreno",Technology,SMB,Indonesia,Europe,2026-05-09
16303,"Smith, Lee and Mcdonald",Retail,Mid-Market,Sri Lanka,North America,2025-04-08
16304,Johnson-Orozco,Healthcare,SMB,Bangladesh,LATAM,2025-05-27
16305,Salas-Dean,Finance,Mid-Market,Lesotho,North America,2023-01-30
16306,"Moore, Brown and Young",Finance,Enterprise,Fiji,LATAM,2022-08-19
16307,"Ferguson, Pacheco and Williams",Healthcare,SMB,Madagascar,LATAM,2023-07-11
16308,Matthews-Clark,Healthcare,Enterprise,Yemen,APAC,2024-04-18
16309,Jackson and Sons,Healthcare,Mid-Market,Vanuatu,LATAM,2022-08-26
16310,"French, Jones and Munoz",Technology,Enterprise,Poland,North America,2024-10-01
16311,"Mack, Page and Stein",Healthcare,Mid-Market,Greece,LATAM,2023-07-25
16312,Graham-Taylor,Technology,SMB,Afghanistan,Europe,2023-10-16
16313,Dickson-Newton,Healthcare,SMB,Czech Republic,Europe,2022-09-27
16314,Jones-Lynch,Finance,Enterprise,Myanmar,APAC,2023-06-05
16315,Knox-Kelly,Manufacturing,Enterprise,Zimbabwe,LATAM,2024-10-20
16316,Silva-Hunter,Manufacturing,SMB,Holy See (Vatican City State),LATAM,2023-04-03
16317,Jackson Group,Retail,SMB,Paraguay,APAC,2026-01-21
16318,Johnson and Sons,Retail,Enterprise,Svalbard & Jan Mayen Islands,LATAM,2023-08-03
16319,Simmons Inc,Finance,SMB,Montenegro,Europe,2023-10-30
16320,Rodriguez PLC,Retail,Enterprise,Western Sahara,Europe,2025-12-09
16321,Beltran-Carter,Technology,SMB,Norfolk Island,North America,2024-07-07
16322,Short Group,Manufacturing,SMB,Guatemala,LATAM,2025-11-28
16323,Lopez and Sons,Technology,SMB,Ethiopia,APAC,2023-12-10
16324,Perry Group,Healthcare,SMB,Burkina Faso,North America,2025-06-09
16325,Hunt-Sanchez,Retail,Enterprise,Micronesia,Europe,2023-10-01
16326,Ford-Vargas,Manufacturing,Mid-Market,Syrian Arab Republic,LATAM,2022-11-22
16327,Ward PLC,Healthcare,Mid-Market,Slovakia (Slovak Republic),LATAM,2025-10-11
16328,Brooks Ltd,Finance,SMB,Congo,North America,2024-07-06
16329,Martinez-Gray,Finance,SMB,Northern Mariana Islands,APAC,2023-01-23
16330,"Barnett, Wilson and Barker",Technology,Mid-Market,Georgia,APAC,2023-01-16
16331,Baker-Rodriguez,Technology,Enterprise,Lebanon,Europe,2025-06-22
16332,Mcconnell Ltd,Manufacturing,Mid-Market,Nepal,Europe,2022-08-01
16333,Butler-Frank,Retail,Mid-Market,Heard Island and McDonald Islands,LATAM,2026-03-15
16334,"Potter, Martin and Brown",Finance,SMB,Brazil,APAC,2023-11-23
16335,Cabrera and Sons,Healthcare,Mid-Market,Saudi Arabia,Europe,2024-04-28
16336,Sexton-Miller,Retail,Enterprise,Bulgaria,LATAM,2024-04-04
16337,Hunter-Little,Manufacturing,Mid-Market,British Indian Ocean Territory (Chagos Archipelago),Europe,2023-01-13
16338,Blevins-Ortiz,Finance,Mid-Market,Hong Kong,Europe,2025-07-30
16339,Thompson-Gomez,Technology,Enterprise,Christmas Island,APAC,2024-08-17
16340,Herrera-Hanson,Retail,Mid-Market,Bosnia and Herzegovina,Europe,2024-12-26
16341,"Bradford, Peterson and Ware",Healthcare,SMB,Cote d'Ivoire,APAC,2022-10-26
16342,Wood Inc,Retail,Mid-Market,Kazakhstan,North America,2024-04-29
16343,Boyd-Horne,Manufacturing,SMB,Burundi,North America,2024-05-19
16344,"Chandler, Mcclain and Woods",Healthcare,Enterprise,Bosnia and Herzegovina,Europe,2023-06-04
16345,Rodriguez Ltd,Technology,Enterprise,Sweden,Europe,2024-06-28
16346,Matthews-Morris,Technology,Enterprise,Taiwan,LATAM,2024-10-06
16347,Soto-Jones,Healthcare,Mid-Market,Belarus,North America,2023-05-01
16348,King Inc,Technology,Mid-Market,Sudan,LATAM,2026-04-29
16349,Simmons-Garcia,Manufacturing,SMB,Sri Lanka,APAC,2024-06-12
16350,Lowe-Riley,Finance,Mid-Market,Bulgaria,LATAM,2026-01-19
16351,"Haynes, Parker and Kim",Technology,Mid-Market,Slovenia,Europe,2025-03-06
16352,Perkins-Hernandez,Finance,SMB,Tokelau,North America,2023-01-14
16353,Gonzalez-Wilson,Manufacturing,Mid-Market,Somalia,North America,2022-10-03
16354,"White, Mayer and Henry",Healthcare,Enterprise,Nigeria,LATAM,2025-10-26
16355,Chen-Poole,Technology,SMB,Switzerland,Europe,2026-01-23
16356,Anderson-Lynch,Finance,Enterprise,Romania,Europe,2026-05-09
16357,Wallace Inc,Finance,SMB,Bolivia,APAC,2024-01-24
16358,Harrison Inc,Retail,SMB,Bolivia,APAC,2022-08-29
16359,Perkins Group,Finance,SMB,Malta,North America,2023-08-29
16360,Bailey and Sons,Healthcare,Enterprise,Taiwan,Europe,2025-03-03
16361,"Cunningham, Carter and Rodriguez",Retail,SMB,Guyana,LATAM,2023-01-30
16362,"Wallace, Cooper and Johnson",Retail,Enterprise,French Southern Territories,Europe,2023-11-02
16363,"Jones, Peterson and Lee",Technology,Mid-Market,Guinea,North America,2026-06-07
16364,"Hall, Taylor and Long",Technology,Mid-Market,Mayotte,Europe,2023-09-24
16365,Wilson-Elliott,Technology,SMB,Egypt,North America,2024-07-16
16366,Hamilton-Briggs,Retail,SMB,Cambodia,Europe,2025-06-30
16367,Griffith LLC,Manufacturing,SMB,Guinea,LATAM,2023-07-24
16368,Finley-Paul,Manufacturing,Mid-Market,Oman,APAC,2024-03-30
16369,Escobar-Thompson,Technology,Enterprise,Mauritania,APAC,2023-06-24
16370,Li Group,Manufacturing,Mid-Market,Saint Lucia,North America,2025-06-23
16371,Powell-Cole,Healthcare,Enterprise,Uzbekistan,North America,2025-08-06
16372,Fisher Ltd,Technology,Mid-Market,South Africa,North America,2025-06-15
16373,"Barron, James and Stephens",Manufacturing,Mid-Market,Bosnia and Herzegovina,Europe,2023-12-30
16374,Mitchell Inc,Finance,Mid-Market,Canada,Europe,2024-12-12
16375,"Castro, Bennett and Bell",Retail,Mid-Market,Croatia,Europe,2022-08-22
16376,Saunders-Lynn,Finance,SMB,Reunion,APAC,2025-03-06
16377,"Taylor, Fuller and Hudson",Finance,Mid-Market,Andorra,North America,2026-01-24
16378,Howard-Jordan,Retail,Enterprise,Pakistan,North America,2024-08-28
16379,Austin-Thomas,Retail,Mid-Market,Somalia,APAC,2024-03-15
16380,Jones-Scott,Finance,Enterprise,Puerto Rico,APAC,2023-05-13
16381,"Parker, Ferguson and Turner",Healthcare,Enterprise,Palestinian Territory,APAC,2024-02-25
16382,"Peterson, Murphy and Lawson",Manufacturing,Enterprise,Papua New Guinea,APAC,2023-04-02
16383,"Hamilton, Hoover and Lee",Manufacturing,Mid-Market,Malaysia,North America,2023-03-15
16384,King-Cochran,Finance,Enterprise,Italy,LATAM,2026-04-12
16385,White Inc,Manufacturing,SMB,Malta,North America,2025-06-13
16386,Richards-Miller,Technology,Enterprise,Ukraine,LATAM,2025-05-23
16387,Lopez and Sons,Technology,Enterprise,Libyan Arab Jamahiriya,Europe,2024-06-08
16388,Weaver Group,Finance,Enterprise,Dominica,LATAM,2024-11-21
16389,Barnes Ltd,Finance,Mid-Market,Botswana,North America,2023-04-09
16390,Atkinson Inc,Manufacturing,Mid-Market,Brunei Darussalam,LATAM,2022-12-23
16391,"Reed, Estrada and Robbins",Retail,Mid-Market,Niger,Europe,2022-10-27
16392,Simmons LLC,Healthcare,SMB,Argentina,LATAM,2025-12-02
16393,"Christian, Garza and Ramirez",Finance,Mid-Market,Barbados,Europe,2023-07-22
16394,Foster LLC,Healthcare,Enterprise,Haiti,North America,2025-03-27
16395,"Smith, Gross and Chavez",Manufacturing,Mid-Market,Senegal,APAC,2023-10-18
16396,"Dennis, Parker and Sexton",Finance,SMB,Papua New Guinea,Europe,2025-01-20
16397,"Logan, Cohen and Bailey",Retail,Enterprise,India,North America,2022-06-17
16398,"Wilson, Brown and Aguilar",Healthcare,SMB,Hungary,LATAM,2025-10-19
16399,Kelley and Sons,Healthcare,SMB,Ghana,APAC,2024-09-22
16400,"Wolf, Weaver and Scott",Retail,SMB,Svalbard & Jan Mayen Islands,North America,2024-05-29
16401,Lawson-Thompson,Technology,Mid-Market,Oman,LATAM,2026-01-17
16402,Dunn-Hoffman,Retail,Mid-Market,Panama,LATAM,2025-11-19
16403,Adams Group,Retail,SMB,Dominica,Europe,2023-04-08
16404,Hurst Ltd,Manufacturing,Mid-Market,Senegal,LATAM,2022-08-21
16405,Campbell-Stanton,Technology,Mid-Market,Cambodia,LATAM,2024-07-18
16406,Wright-Larsen,Retail,SMB,United Arab Emirates,LATAM,2024-05-14
16407,Garrett-Hurley,Finance,Enterprise,Iraq,Europe,2023-05-09
16408,"Chandler, Alexander and Daugherty",Healthcare,SMB,Peru,Europe,2022-10-25
16409,Miller Inc,Finance,Enterprise,Luxembourg,LATAM,2025-10-30
16410,"Diaz, Chung and Ford",Retail,Enterprise,Samoa,Europe,2024-05-12
16411,"Morrow, Woodward and Silva",Technology,Mid-Market,Malta,North America,2026-03-20
16412,Lucas LLC,Manufacturing,SMB,Costa Rica,Europe,2025-05-04
16413,Hall PLC,Finance,Mid-Market,Lebanon,LATAM,2023-11-25
16414,Thompson Group,Technology,Enterprise,Saint Lucia,Europe,2025-08-31
16415,"Fitzpatrick, Weber and Alexander",Healthcare,Enterprise,United Kingdom,North America,2022-11-22
16416,Lopez-Hayden,Healthcare,SMB,Bosnia and Herzegovina,North America,2025-01-05
16417,Clarke Ltd,Retail,Mid-Market,Barbados,LATAM,2024-08-12
16418,Silva-Ramos,Manufacturing,SMB,Turkmenistan,LATAM,2026-03-02
16419,"Payne, Love and Nichols",Technology,SMB,Rwanda,LATAM,2025-05-12
16420,Pacheco Ltd,Retail,Enterprise,France,APAC,2023-07-24
16421,Smith LLC,Technology,SMB,British Virgin Islands,APAC,2022-12-16
16422,Franklin Ltd,Finance,Enterprise,Solomon Islands,LATAM,2023-06-26
16423,"Reese, Carter and Cooper",Manufacturing,SMB,Bosnia and Herzegovina,North America,2023-12-13
16424,Aguilar and Sons,Manufacturing,Enterprise,Botswana,Europe,2023-05-21
16425,"Byrd, Craig and Monroe",Technology,Enterprise,Madagascar,Europe,2025-10-28
16426,"Hodge, Knapp and Armstrong",Finance,SMB,Cape Verde,Europe,2023-11-26
16427,Neal-Allen,Manufacturing,SMB,Cayman Islands,Europe,2025-06-24
16428,Allen-Brown,Finance,Mid-Market,Chad,APAC,2025-09-14
16429,"Madden, Oneill and Hood",Technology,Mid-Market,Germany,North America,2025-06-01
16430,Pace LLC,Technology,SMB,Singapore,Europe,2025-08-13
16431,Stevens-Huffman,Finance,Mid-Market,Cocos (Keeling) Islands,Europe,2023-06-18
16432,"Campbell, Warner and Gomez",Healthcare,Enterprise,United States of America,North America,2023-07-10
16433,Munoz-Williams,Manufacturing,Mid-Market,Yemen,North America,2026-03-23
16434,Hunt-Wade,Manufacturing,Mid-Market,Tonga,LATAM,2026-01-27
16435,Russell-Williamson,Technology,Mid-Market,Afghanistan,LATAM,2025-09-30
16436,Hernandez Inc,Healthcare,Mid-Market,Myanmar,Europe,2024-04-21
16437,Riley Inc,Finance,SMB,Swaziland,North America,2026-05-30
16438,Higgins-Mitchell,Manufacturing,Enterprise,Sri Lanka,APAC,2024-12-22
16439,"Chavez, Braun and Stephenson",Technology,SMB,Norway,North America,2025-08-30
16440,Brown LLC,Finance,SMB,Guinea-Bissau,Europe,2025-01-13
16441,"Pope, Howard and Knight",Retail,Enterprise,Heard Island and McDonald Islands,APAC,2025-08-23
16442,Franklin and Sons,Manufacturing,SMB,Suriname,APAC,2023-02-19
16443,Baker-Howard,Technology,SMB,Taiwan,North America,2024-01-01
16444,Graham and Sons,Finance,Enterprise,Malta,North America,2026-02-28
16445,Murphy Group,Finance,Mid-Market,Armenia,LATAM,2022-08-06
16446,Brady LLC,Finance,Mid-Market,Benin,North America,2022-06-10
16447,Jones-Allen,Healthcare,SMB,Madagascar,LATAM,2023-03-30
16448,Reed LLC,Manufacturing,Mid-Market,Iran,North America,2025-10-23
16449,Willis LLC,Finance,Mid-Market,Guernsey,Europe,2023-12-09
16450,Allen and Sons,Manufacturing,Mid-Market,Puerto Rico,North America,2025-06-12
16451,Reid-Miller,Healthcare,Enterprise,United Kingdom,APAC,2024-12-31
16452,"Castro, Cohen and Henry",Finance,SMB,Bulgaria,LATAM,2024-02-20
16453,"Lopez, Carter and Bond",Finance,Mid-Market,Armenia,North America,2023-12-21
16454,"Palmer, Morse and Caldwell",Technology,Mid-Market,Lesotho,APAC,2024-12-13
16455,"Brown, Alexander and Moses",Finance,Mid-Market,Bulgaria,APAC,2023-12-29
16456,Simmons-Lowery,Manufacturing,SMB,Myanmar,LATAM,2025-10-09
16457,Porter Ltd,Technology,Enterprise,Cuba,North America,2022-09-11
16458,Mcmillan Ltd,Finance,Enterprise,Slovenia,APAC,2023-07-16
16459,"Lee, Ortega and Thompson",Manufacturing,Enterprise,Singapore,Europe,2025-06-02
16460,"Phillips, Howe and Martinez",Retail,SMB,Mayotte,APAC,2023-02-06
16461,Gutierrez-Bowman,Manufacturing,Enterprise,Saint Helena,APAC,2025-10-18
16462,Gray LLC,Manufacturing,SMB,Bahrain,Europe,2023-03-29
16463,"Solis, Murphy and Turner",Manufacturing,Enterprise,Saint Pierre and Miquelon,APAC,2026-04-01
16464,Smith Group,Manufacturing,Mid-Market,Puerto Rico,LATAM,2023-03-01
16465,"Travis, Johnson and Brown",Retail,Enterprise,Comoros,Europe,2023-08-14
16466,Wright Ltd,Technology,Mid-Market,South Africa,North America,2024-02-10
16467,Wilkins LLC,Healthcare,Enterprise,Zambia,North America,2022-08-03
16468,Crawford-Russell,Technology,Enterprise,Senegal,Europe,2023-09-11
16469,Williams LLC,Technology,Mid-Market,Iraq,North America,2024-01-11
16470,Coleman-Jensen,Manufacturing,SMB,Norway,North America,2025-03-23
16471,White-Robinson,Technology,Mid-Market,Suriname,North America,2023-01-31
16472,Schultz-Jones,Technology,Enterprise,Albania,North America,2025-11-29
16473,"Garcia, Gill and Russo",Technology,SMB,Lesotho,Europe,2023-12-29
16474,Gonzalez Group,Healthcare,Mid-Market,Guam,APAC,2025-11-10
16475,Benjamin LLC,Technology,Mid-Market,Kazakhstan,Europe,2023-03-29
16476,Horton-Bullock,Retail,Enterprise,Australia,LATAM,2024-02-19
16477,"Rasmussen, Santos and Carpenter",Retail,Mid-Market,Togo,APAC,2023-05-21
16478,Walker-Daniels,Technology,Enterprise,Saint Barthelemy,LATAM,2024-01-25
16479,"Wright, Donaldson and Allen",Manufacturing,SMB,Korea,Europe,2026-04-11
16480,Hayes Ltd,Finance,SMB,Samoa,LATAM,2024-08-28
16481,Freeman Ltd,Manufacturing,SMB,Sudan,Europe,2024-07-02
16482,Brewer and Sons,Manufacturing,Enterprise,Saudi Arabia,North America,2025-05-21
16483,"Smith, Trevino and Pruitt",Healthcare,Enterprise,Turkey,APAC,2026-03-04
16484,"Thomas, Terry and Boyer",Finance,SMB,India,Europe,2023-02-22
16485,Bryant Inc,Finance,Mid-Market,Nauru,LATAM,2023-02-02
16486,Jennings Ltd,Manufacturing,Enterprise,Kenya,North America,2023-07-15
16487,"Mitchell, Dillon and Delacruz",Technology,SMB,Ecuador,APAC,2025-08-24
16488,"Copeland, Carter and Greene",Technology,SMB,Slovakia (Slovak Republic),North America,2026-05-04
16489,Murphy and Sons,Healthcare,SMB,Tajikistan,LATAM,2024-10-18
16490,Moreno Ltd,Technology,SMB,Timor-Leste,North America,2023-08-21
16491,Jones PLC,Healthcare,SMB,Bahamas,Europe,2023-09-23
16492,Ward PLC,Finance,Mid-Market,Panama,APAC,2023-04-20
16493,Gonzalez PLC,Finance,SMB,Pakistan,APAC,2022-11-27
16494,"Holland, Thomas and Johnson",Healthcare,Enterprise,Georgia,APAC,2024-07-02
16495,"Johnson, Rogers and Williams",Technology,SMB,Tuvalu,APAC,2022-11-28
16496,Fisher Ltd,Retail,Enterprise,Croatia,APAC,2022-12-23
16497,Russell PLC,Retail,Enterprise,Kazakhstan,North America,2023-10-08
16498,Zavala-Casey,Manufacturing,Mid-Market,Guernsey,APAC,2025-11-12
16499,"Andrews, White and Johnston",Manufacturing,Mid-Market,Sudan,APAC,2022-12-21
16500,"Bautista, Munoz and Johnson",Technology,Enterprise,Tajikistan,LATAM,2023-10-10
16501,Smith and Sons,Technology,SMB,Svalbard & Jan Mayen Islands,Europe,2023-07-30
16502,Copeland Inc,Finance,Enterprise,Anguilla,APAC,2024-08-11
16503,"Mueller, Foster and Tyler",Manufacturing,Enterprise,Ukraine,LATAM,2025-08-21
16504,Thomas and Sons,Healthcare,Mid-Market,Saint Lucia,APAC,2025-01-25
16505,"Brown, Reynolds and Silva",Finance,Enterprise,Sweden,Europe,2025-01-19
16506,Singleton-Bryant,Retail,Mid-Market,Jamaica,APAC,2026-01-28
16507,Hodges-Davis,Finance,SMB,Saudi Arabia,Europe,2023-04-08
16508,Alvarez LLC,Healthcare,Mid-Market,Libyan Arab Jamahiriya,LATAM,2024-08-12
16509,Robertson and Sons,Finance,SMB,Somalia,North America,2023-02-12
16510,"Taylor, Hunter and Warren",Technology,SMB,Uruguay,North America,2022-07-01
16511,Roy PLC,Healthcare,Enterprise,Cocos (Keeling) Islands,Europe,2023-05-06
16512,Wiggins PLC,Manufacturing,SMB,New Caledonia,Europe,2024-01-08
16513,Santos and Sons,Healthcare,SMB,Solomon Islands,LATAM,2024-01-30
16514,"Stevens, Brady and Pineda",Manufacturing,SMB,Gabon,North America,2026-05-24
16515,"Ryan, Villegas and Reynolds",Healthcare,SMB,Burkina Faso,North America,2024-08-14
16516,Foster-Mccoy,Retail,SMB,United States Minor Outlying Islands,North America,2023-01-23
16517,Davis-Larson,Finance,Enterprise,Montserrat,Europe,2025-08-17
16518,Arnold-Bradley,Manufacturing,SMB,British Virgin Islands,APAC,2023-04-14
16519,Cook-Adkins,Technology,SMB,Norway,APAC,2025-08-15
16520,White-Yu,Technology,Enterprise,Slovenia,Europe,2024-11-22
16521,Ruiz Ltd,Finance,Mid-Market,Nigeria,APAC,2023-09-08
16522,"Meza, Hall and Evans",Retail,Mid-Market,Liechtenstein,North America,2023-12-12
16523,Daniel-Nelson,Finance,Enterprise,Indonesia,North America,2022-12-13
16524,"Schmidt, Walker and Walsh",Finance,Mid-Market,Grenada,APAC,2023-06-19
16525,Chavez-Davis,Technology,SMB,Swaziland,Europe,2023-11-17
16526,"Martinez, Mitchell and Mcgee",Finance,Mid-Market,Bermuda,Europe,2022-06-30
16527,Hanson-Carter,Manufacturing,Enterprise,Ghana,Europe,2023-11-15
16528,"Mccullough, Davis and Medina",Technology,Mid-Market,Venezuela,LATAM,2023-05-23
16529,"Collins, Austin and Wilson",Technology,SMB,Indonesia,APAC,2025-05-30
16530,Lang-Ingram,Finance,Enterprise,Montserrat,Europe,2023-03-24
16531,Powell LLC,Healthcare,Mid-Market,Martinique,APAC,2025-03-29
16532,"Fletcher, Mitchell and Callahan",Finance,Enterprise,Singapore,North America,2025-07-01
16533,Singleton-Anderson,Technology,Mid-Market,Heard Island and McDonald Islands,LATAM,2025-02-15
16534,Roberts Ltd,Retail,Mid-Market,Germany,Europe,2025-09-05
16535,Bell-Sims,Technology,Enterprise,Lebanon,Europe,2024-09-13
16536,Zavala-Jones,Finance,Mid-Market,Romania,APAC,2024-11-13
16537,"Bell, Levy and Fox",Healthcare,SMB,Antarctica (the territory South of 60 deg S),LATAM,2025-07-17
16538,"Carlson, Williams and Rodriguez",Manufacturing,Enterprise,Suriname,APAC,2026-04-22
16539,Griffin-Smith,Retail,SMB,United Arab Emirates,Europe,2023-08-05
16540,Martinez LLC,Manufacturing,Enterprise,Pitcairn Islands,LATAM,2026-05-23
16541,Diaz PLC,Finance,Mid-Market,Tanzania,North America,2024-02-09
16542,Hill LLC,Healthcare,Enterprise,Iceland,North America,2025-05-19
16543,Jackson-Mcfarland,Technology,Mid-Market,South Georgia and the South Sandwich Islands,Europe,2024-06-01
16544,Henderson PLC,Manufacturing,Enterprise,Algeria,Europe,2026-01-08
16545,"Becker, Ortiz and Fritz",Manufacturing,Mid-Market,Thailand,APAC,2023-11-09
16546,"Bell, Gonzalez and Austin",Healthcare,Enterprise,Dominican Republic,North America,2022-07-04
16547,White PLC,Retail,SMB,Iraq,Europe,2023-07-03
16548,Schmitt Group,Manufacturing,Mid-Market,Ethiopia,Europe,2022-08-18
16549,"Ortega, Banks and Collier",Retail,Enterprise,Syrian Arab Republic,Europe,2022-08-21
16550,Dixon-Swanson,Manufacturing,Mid-Market,Benin,LATAM,2025-05-01
16551,"Myers, Kennedy and Moore",Technology,SMB,Comoros,APAC,2024-03-25
16552,"Landry, Crawford and Vargas",Healthcare,SMB,Gibraltar,APAC,2023-07-03
16553,"Garrett, Reed and Hughes",Technology,Enterprise,Timor-Leste,Europe,2023-08-01
16554,Johnston-Owen,Technology,SMB,Bermuda,North America,2024-03-30
16555,Dickerson and Sons,Healthcare,Enterprise,Cook Islands,LATAM,2023-12-22
16556,Alexander-Smith,Retail,Enterprise,Norway,LATAM,2026-03-20
16557,Reed Ltd,Healthcare,SMB,Egypt,Europe,2022-12-12
16558,Brown PLC,Manufacturing,Enterprise,Turks and Caicos Islands,APAC,2025-10-08
16559,Wood and Sons,Manufacturing,Enterprise,Romania,APAC,2024-01-01
16560,"Hess, Conley and Hudson",Retail,Enterprise,Kenya,APAC,2024-07-10
16561,Gross-Wilson,Healthcare,SMB,Poland,Europe,2023-11-16
16562,"Brown, Lee and Lara",Manufacturing,Enterprise,Korea,LATAM,2025-05-12
16563,Daniel LLC,Retail,Enterprise,Sudan,Europe,2023-01-24
16564,Thompson-Thomas,Manufacturing,Enterprise,Bahamas,North America,2023-02-11
16565,"Armstrong, Kelley and Thompson",Finance,Mid-Market,Eritrea,Europe,2025-08-31
16566,"Maddox, Hernandez and Scott",Retail,SMB,Azerbaijan,Europe,2022-07-07
16567,"Guerrero, Joseph and Pierce",Finance,Enterprise,Mayotte,LATAM,2023-06-03
16568,"Morris, Sanchez and Green",Retail,Enterprise,North Macedonia,North America,2025-06-05
16569,"Armstrong, Matthews and Davis",Manufacturing,Enterprise,Spain,Europe,2022-08-19
16570,"Boone, Flores and Casey",Finance,Mid-Market,Brazil,Europe,2023-05-11
16571,Jenkins-Barrera,Technology,SMB,Spain,LATAM,2022-12-23
16572,Page Ltd,Healthcare,Enterprise,Turkey,North America,2025-06-07
16573,Kelly-Lopez,Manufacturing,SMB,Dominican Republic,North America,2022-09-23
16574,Smith-Padilla,Manufacturing,Enterprise,Jordan,Europe,2023-10-25
16575,Clements-Yang,Finance,Mid-Market,Jordan,Europe,2025-08-23
16576,"Vance, Walker and Jones",Technology,Enterprise,Puerto Rico,LATAM,2024-08-27
16577,"Allen, Arroyo and Sanchez",Healthcare,Enterprise,Saint Martin,APAC,2024-05-03
16578,Garner Ltd,Finance,Enterprise,Ireland,LATAM,2024-08-21
16579,"Fox, Sullivan and Jackson",Retail,Enterprise,Antarctica (the territory South of 60 deg S),Europe,2022-07-02
16580,"Smith, Macdonald and Fletcher",Retail,SMB,Saint Kitts and Nevis,Europe,2024-10-08
16581,Nichols-Oliver,Finance,SMB,Colombia,LATAM,2026-03-05
16582,Baker-Harris,Technology,SMB,Greece,LATAM,2025-09-22
16583,Fisher Inc,Retail,Enterprise,Palau,North America,2022-09-21
16584,Duke Ltd,Healthcare,Enterprise,Isle of Man,Europe,2022-12-29
16585,Salazar-Simmons,Technology,Enterprise,Russian Federation,Europe,2023-05-30
16586,Fisher Group,Technology,Enterprise,Canada,APAC,2025-11-03
16587,"Mitchell, Thompson and Smith",Finance,Enterprise,Kenya,Europe,2022-12-04
16588,Figueroa-Wilson,Manufacturing,Mid-Market,Serbia,LATAM,2022-12-27
16589,"Carter, Mcdaniel and Ramirez",Technology,Enterprise,Oman,APAC,2025-12-09
16590,Gallagher-Sanchez,Healthcare,SMB,Honduras,LATAM,2026-05-31
16591,Campbell-Hopkins,Retail,SMB,Armenia,Europe,2024-07-24
16592,Smith Group,Technology,Mid-Market,Brazil,LATAM,2024-09-20
16593,Vasquez-Oliver,Healthcare,SMB,Svalbard & Jan Mayen Islands,LATAM,2023-01-14
16594,"Fowler, Russell and Juarez",Retail,Enterprise,Pitcairn Islands,Europe,2022-08-06
16595,"Castro, Barton and Solis",Finance,Enterprise,Korea,LATAM,2024-03-04
16596,Clark Ltd,Healthcare,Enterprise,Bhutan,Europe,2022-09-27
16597,Ingram-Morrison,Technology,SMB,Rwanda,North America,2024-05-02
16598,"Thomas, Davis and Harris",Finance,Mid-Market,Tokelau,LATAM,2024-09-20
16599,Ramirez-Simmons,Manufacturing,SMB,Morocco,Europe,2024-04-20
16600,Gardner and Sons,Technology,SMB,Niger,APAC,2024-07-31
16601,"Logan, Cruz and Johnson",Technology,Enterprise,Chile,North America,2024-10-15
16602,Lester LLC,Healthcare,Mid-Market,Eritrea,LATAM,2022-10-04
16603,Ferguson Group,Manufacturing,SMB,Belize,APAC,2025-08-18
16604,Sullivan and Sons,Manufacturing,Enterprise,Kuwait,North America,2023-03-17
16605,Beasley-Petersen,Healthcare,SMB,Hungary,Europe,2024-01-19
16606,Graves-Grimes,Retail,Mid-Market,Bulgaria,Europe,2024-04-25
16607,"Shelton, Miller and Rodriguez",Technology,Enterprise,Algeria,Europe,2025-03-14
16608,Decker LLC,Technology,Enterprise,Spain,Europe,2022-07-05
16609,"Nelson, Cortez and Singleton",Technology,SMB,Taiwan,APAC,2025-03-18
16610,"Johnson, Morrison and Wade",Retail,SMB,Jersey,APAC,2024-03-30
16611,Cabrera-Nelson,Manufacturing,Mid-Market,Turkmenistan,Europe,2026-03-12
16612,Robinson-Combs,Manufacturing,Mid-Market,Slovakia (Slovak Republic),APAC,2025-06-02
16613,Wilson-Harris,Finance,Mid-Market,Congo,North America,2024-01-31
16614,Hodge-Walker,Healthcare,Mid-Market,Belize,Europe,2025-07-27
16615,Perry-Flores,Technology,SMB,Zambia,APAC,2025-05-24
16616,Schneider Ltd,Technology,Enterprise,Faroe Islands,APAC,2024-03-18
16617,"Kaiser, Reynolds and Ramirez",Healthcare,Enterprise,Romania,LATAM,2023-08-22
16618,"Mason, Brown and Smith",Technology,SMB,Malta,LATAM,2025-11-02
16619,"Smith, Burns and Garza",Technology,Mid-Market,Barbados,APAC,2023-12-04
16620,Bennett and Sons,Retail,Enterprise,Burkina Faso,LATAM,2022-07-08
16621,Dickerson LLC,Manufacturing,Enterprise,Monaco,APAC,2026-01-22
16622,"Mckenzie, Riley and Ware",Retail,Enterprise,Kiribati,Europe,2024-12-26
16623,Young LLC,Finance,Mid-Market,Antarctica (the territory South of 60 deg S),Europe,2024-02-19
16624,White-Washington,Finance,Mid-Market,Estonia,North America,2025-07-18
16625,"Morrison, Finley and Watson",Retail,Mid-Market,Honduras,Europe,2024-03-18
16626,"Moses, Matthews and Mcdowell",Healthcare,Enterprise,Norway,APAC,2022-09-05
16627,Mclean-Brown,Technology,Enterprise,Canada,APAC,2023-05-16
16628,"Kelley, Foster and Payne",Finance,Mid-Market,Albania,North America,2022-10-21
16629,Zhang-Graham,Finance,Mid-Market,Botswana,APAC,2023-08-17
16630,"Wilson, Mendez and Graves",Manufacturing,Mid-Market,Cote d'Ivoire,LATAM,2022-12-14
16631,Wolfe PLC,Manufacturing,SMB,Dominica,APAC,2023-10-22
16632,Wood Ltd,Manufacturing,Mid-Market,Oman,LATAM,2025-07-15
16633,"Bird, Morgan and Perry",Technology,Enterprise,Cocos (Keeling) Islands,North America,2022-08-01
16634,"Harris, Spencer and Moore",Manufacturing,Enterprise,Falkland Islands (Malvinas),LATAM,2025-05-25
16635,Miller Inc,Manufacturing,SMB,Sudan,North America,2024-08-18
16636,Padilla-Robinson,Healthcare,Mid-Market,Luxembourg,Europe,2025-09-18
16637,Alexander-Carr,Finance,SMB,Brazil,North America,2024-01-17
16638,Hall-Curtis,Retail,Mid-Market,Myanmar,North America,2022-10-13
16639,Williams-Vasquez,Healthcare,Enterprise,Montserrat,North America,2024-07-12
16640,"Taylor, Hammond and Grant",Finance,SMB,Svalbard & Jan Mayen Islands,APAC,2022-12-03
16641,Vaughn Group,Technology,SMB,Hong Kong,Europe,2024-02-16
16642,Jones Group,Retail,SMB,Switzerland,APAC,2024-07-14
16643,Jackson Ltd,Technology,Mid-Market,Yemen,APAC,2025-08-30
16644,Austin-Hines,Finance,SMB,Yemen,APAC,2023-11-21
16645,Morton PLC,Healthcare,Mid-Market,Saint Vincent and the Grenadines,APAC,2024-06-12
16646,Lara-Miller,Finance,Enterprise,Mayotte,North America,2026-02-23
16647,"Moreno, Conley and Perry",Healthcare,SMB,Tuvalu,APAC,2025-07-22
16648,"Smith, Russell and Phillips",Technology,Mid-Market,Niue,North America,2025-02-16
16649,Trujillo LLC,Healthcare,Enterprise,Latvia,APAC,2023-10-31
16650,Gibson-Moore,Manufacturing,SMB,Mongolia,Europe,2022-12-31
16651,"Chavez, Mendoza and Walker",Healthcare,SMB,Portugal,APAC,2023-11-16
16652,"Orr, Webb and Williams",Retail,Mid-Market,France,APAC,2023-04-11
16653,Knox Inc,Manufacturing,Enterprise,United States Virgin Islands,North America,2025-09-17
16654,Lee PLC,Healthcare,Mid-Market,Niue,APAC,2023-05-23
16655,"Baldwin, Mayo and Mcdonald",Retail,Enterprise,Liechtenstein,LATAM,2024-01-21
16656,"Lopez, Stokes and Campbell",Retail,Enterprise,Reunion,APAC,2025-12-09
16657,Anderson-Jensen,Technology,SMB,Gabon,North America,2022-06-09
16658,"Garcia, Wilson and Diaz",Retail,Enterprise,Thailand,LATAM,2022-09-26
16659,Diaz-Reyes,Technology,SMB,Gambia,APAC,2022-12-19
16660,Bell-Cook,Retail,SMB,Mexico,Europe,2025-09-22
16661,Collins Ltd,Technology,Enterprise,Saint Barthelemy,Europe,2023-07-12
16662,Hubbard PLC,Healthcare,Mid-Market,Tajikistan,Europe,2023-04-22
16663,Gutierrez-Huff,Finance,Enterprise,Eritrea,Europe,2024-06-25
16664,"Dixon, Keller and Smith",Technology,SMB,Andorra,Europe,2023-08-30
16665,Moore LLC,Manufacturing,Enterprise,Ireland,North America,2025-04-08
16666,"Mccullough, Barker and Thomas",Technology,SMB,Pakistan,LATAM,2023-08-31
16667,"Waller, Maldonado and Nichols",Manufacturing,Mid-Market,Faroe Islands,Europe,2025-07-27
16668,Macdonald-Espinoza,Technology,SMB,Nicaragua,APAC,2023-01-12
16669,"Garcia, Baker and Vaughn",Retail,Mid-Market,Guernsey,North America,2024-01-30
16670,Evans Inc,Finance,SMB,Niue,Europe,2024-08-23
16671,Simpson PLC,Healthcare,Mid-Market,Nepal,Europe,2023-05-23
16672,"Jackson, Woodard and Smith",Manufacturing,Mid-Market,Belgium,North America,2024-08-07
16673,Rogers LLC,Finance,SMB,Falkland Islands (Malvinas),LATAM,2025-03-04
16674,Wood Group,Manufacturing,Enterprise,Bangladesh,Europe,2024-11-08
16675,Martin Ltd,Manufacturing,Mid-Market,Guernsey,LATAM,2024-01-20
16676,Smith-Saunders,Retail,Enterprise,Albania,Europe,2023-09-09
16677,Stewart LLC,Technology,SMB,Saint Vincent and the Grenadines,North America,2023-01-16
16678,Hubbard-Doyle,Manufacturing,Enterprise,Mozambique,LATAM,2024-01-12
16679,Cook-Marks,Retail,Mid-Market,Cook Islands,APAC,2023-10-03
16680,Davidson-Davis,Technology,Enterprise,Israel,Europe,2026-01-14
16681,"Singh, Rodriguez and Banks",Finance,SMB,Honduras,Europe,2022-11-22
16682,Nelson-Myers,Technology,SMB,Cook Islands,North America,2025-01-16
16683,Khan Inc,Technology,SMB,Kiribati,North America,2025-01-21
16684,"Delgado, Moreno and Medina",Healthcare,Enterprise,Netherlands Antilles,APAC,2022-06-28
16685,Mora Ltd,Technology,Mid-Market,Sao Tome and Principe,Europe,2024-05-17
16686,"Carter, Gill and Carter",Finance,Enterprise,United States of America,LATAM,2026-03-07
16687,Foster Group,Healthcare,Mid-Market,Norfolk Island,APAC,2022-08-12
16688,Rodriguez-Guzman,Manufacturing,Enterprise,Central African Republic,LATAM,2024-10-24
16689,Holmes-Thomas,Retail,Mid-Market,Azerbaijan,Europe,2025-11-15
16690,"Day, Luna and Garcia",Finance,Enterprise,Fiji,LATAM,2024-02-29
16691,Hernandez-Santiago,Manufacturing,Enterprise,Ireland,LATAM,2025-06-15
16692,Chambers LLC,Healthcare,Enterprise,Pakistan,North America,2024-06-09
16693,"Lowe, Alvarez and Madden",Manufacturing,Enterprise,Jersey,North America,2022-11-27
16694,"Giles, Johnson and Trevino",Manufacturing,Mid-Market,Sweden,North America,2022-07-22
16695,"Daniel, Ferguson and James",Retail,Mid-Market,Nicaragua,LATAM,2024-09-30
16696,Richardson Group,Technology,Enterprise,Bolivia,LATAM,2024-03-26
16697,Moreno PLC,Finance,SMB,Panama,Europe,2022-11-12
16698,Moore-Long,Manufacturing,Mid-Market,Saudi Arabia,LATAM,2024-12-15
16699,"Hall, Hale and Mitchell",Manufacturing,Mid-Market,Kazakhstan,Europe,2023-02-04
16700,Dawson-Lara,Technology,Mid-Market,Georgia,North America,2023-07-13
16701,Curtis-Jordan,Healthcare,SMB,Saint Barthelemy,APAC,2026-03-22
16702,Rogers LLC,Technology,Enterprise,Tonga,North America,2025-12-20
16703,Price-Miles,Finance,Enterprise,Montserrat,Europe,2023-02-15
16704,Richards and Sons,Retail,Enterprise,Slovenia,APAC,2024-04-14
16705,Hammond LLC,Manufacturing,SMB,Australia,APAC,2024-01-02
16706,Allen-Garcia,Technology,Enterprise,Turkmenistan,LATAM,2023-02-22
16707,"Franco, Hahn and West",Technology,Enterprise,Marshall Islands,APAC,2026-01-05
16708,Moore and Sons,Retail,SMB,Malaysia,Europe,2024-08-03
16709,"Boyer, Reed and Black",Finance,Mid-Market,Syrian Arab Republic,Europe,2023-12-08
16710,Cook Ltd,Manufacturing,Mid-Market,Slovenia,APAC,2026-05-04
16711,Burton-Edwards,Finance,Mid-Market,Comoros,North America,2024-11-20
16712,"Tucker, Davis and West",Retail,Mid-Market,Netherlands Antilles,North America,2025-11-17
16713,Gray-Lee,Finance,SMB,Canada,APAC,2026-02-09
16714,"Ruiz, Castillo and Diaz",Manufacturing,Enterprise,Hong Kong,North America,2026-01-27
16715,"Adams, Frey and Lambert",Technology,SMB,Guadeloupe,North America,2025-01-23
16716,"Archer, Briggs and Allen",Healthcare,SMB,Sierra Leone,North America,2026-03-18
16717,Rogers and Sons,Finance,Enterprise,Cuba,APAC,2024-07-10
16718,Mejia PLC,Manufacturing,SMB,Egypt,LATAM,2023-04-12
16719,Martin-Coleman,Manufacturing,Mid-Market,Dominica,APAC,2022-10-31
16720,"Jones, Stephenson and Bautista",Finance,Mid-Market,Taiwan,LATAM,2022-06-19
16721,Zimmerman Ltd,Technology,SMB,Peru,North America,2023-03-06
16722,Foster-Greer,Technology,Mid-Market,Slovakia (Slovak Republic),APAC,2022-07-29
16723,"Sawyer, Hayden and Anderson",Technology,Enterprise,Guinea,North America,2024-04-10
16724,Ibarra Inc,Manufacturing,Mid-Market,Antigua and Barbuda,North America,2023-12-19
16725,Dominguez-Diaz,Finance,Enterprise,Fiji,North America,2024-07-31
16726,"Turner, Jones and Schultz",Manufacturing,Mid-Market,Sweden,APAC,2023-07-12
16727,Williams-Snow,Technology,Enterprise,Saint Pierre and Miquelon,North America,2023-04-28
16728,"Moore, Jacobson and Hobbs",Manufacturing,SMB,French Guiana,LATAM,2023-10-16
16729,"Arias, Gordon and Rivera",Manufacturing,Mid-Market,Norway,Europe,2025-09-19
16730,Knapp-Francis,Finance,Enterprise,Comoros,Europe,2022-08-14
16731,Hutchinson-Young,Technology,Mid-Market,South Africa,APAC,2024-10-13
16732,Erickson-Ball,Healthcare,Mid-Market,Cuba,Europe,2024-11-10
16733,"Jones, Green and Hampton",Healthcare,Mid-Market,Isle of Man,LATAM,2023-06-21
16734,Williams-Howard,Healthcare,Enterprise,French Guiana,APAC,2025-06-13
16735,"Anderson, Reese and Stone",Healthcare,Enterprise,Ghana,LATAM,2025-10-31
16736,Haynes LLC,Manufacturing,SMB,New Zealand,LATAM,2024-05-29
16737,"Lawson, Patel and Ruiz",Manufacturing,SMB,Malawi,North America,2023-10-28
16738,Hines LLC,Finance,Enterprise,Paraguay,North America,2023-07-02
16739,Johnson-Cook,Healthcare,Mid-Market,Kuwait,North America,2022-06-28
16740,"Gregory, Roman and White",Healthcare,Enterprise,Malta,Europe,2023-08-07
16741,Brown-Cohen,Healthcare,SMB,Thailand,LATAM,2026-04-29
16742,King Group,Manufacturing,Mid-Market,Cayman Islands,North America,2025-09-12
16743,"Lopez, Lee and Long",Technology,Enterprise,Singapore,LATAM,2025-06-06
16744,Campbell-Short,Manufacturing,Mid-Market,Guinea-Bissau,APAC,2022-07-05
16745,Noble-Cook,Manufacturing,Mid-Market,Togo,North America,2026-01-10
16746,Gibson Group,Technology,Enterprise,Reunion,Europe,2024-09-10
16747,White-King,Healthcare,Mid-Market,Sierra Leone,LATAM,2023-03-03
16748,Zamora Inc,Manufacturing,Mid-Market,Eritrea,Europe,2023-09-01
16749,Garner-Snyder,Healthcare,Mid-Market,Venezuela,North America,2024-01-20
16750,"Brooks, Williams and Adams",Healthcare,Enterprise,Bangladesh,APAC,2024-11-30
16751,Davila-Romero,Finance,Enterprise,Anguilla,North America,2024-04-17
16752,"Mosley, Bender and Liu",Retail,Enterprise,Nicaragua,APAC,2026-01-16
16753,"Reyes, Martinez and Hart",Healthcare,Mid-Market,British Indian Ocean Territory (Chagos Archipelago),Europe,2026-05-31
16754,"Hall, Sanchez and Oliver",Technology,SMB,Ireland,Europe,2024-02-19
16755,Sweeney-Rodriguez,Retail,Enterprise,Panama,APAC,2025-09-24
16756,Peterson Inc,Technology,SMB,Holy See (Vatican City State),APAC,2023-03-30
16757,"Dean, Williams and Guzman",Technology,Enterprise,Guatemala,LATAM,2024-06-08
16758,"Payne, Burgess and Hendrix",Retail,Mid-Market,Kazakhstan,LATAM,2026-05-05
16759,"Nelson, Trujillo and Copeland",Technology,SMB,Saint Lucia,North America,2024-12-02
16760,"Owens, Garza and Hudson",Retail,Enterprise,Saint Kitts and Nevis,North America,2024-04-23
16761,Carter LLC,Manufacturing,Enterprise,Israel,LATAM,2023-11-01
16762,Powell LLC,Manufacturing,SMB,China,Europe,2025-07-29
16763,"Hill, Estrada and Garcia",Retail,SMB,Congo,LATAM,2023-01-24
16764,Davis LLC,Healthcare,Mid-Market,Mayotte,LATAM,2026-03-31
16765,Terry-Henderson,Technology,Enterprise,Guyana,LATAM,2024-07-27
16766,Martinez-Barton,Manufacturing,Enterprise,Korea,LATAM,2025-02-24
16767,Wall Inc,Technology,Mid-Market,Romania,APAC,2022-08-31
16768,Gross-Bailey,Technology,Mid-Market,Hungary,North America,2024-01-21
16769,Berry-Guzman,Finance,SMB,Angola,North America,2025-12-15
16770,Gardner Ltd,Healthcare,Mid-Market,Heard Island and McDonald Islands,LATAM,2025-01-09
16771,Park-Mitchell,Retail,Enterprise,Georgia,North America,2023-01-08
16772,Pittman Ltd,Healthcare,SMB,Swaziland,Europe,2023-09-17
16773,Harvey-Santos,Technology,SMB,Sao Tome and Principe,North America,2025-06-06
16774,Escobar-Sullivan,Technology,Mid-Market,South Africa,APAC,2022-07-12
16775,Avila-Hill,Finance,SMB,Hungary,Europe,2023-07-01
16776,"Smith, Bowen and Hernandez",Finance,Mid-Market,Pitcairn Islands,APAC,2024-09-15
16777,Anderson-Jones,Technology,Mid-Market,Saint Lucia,Europe,2026-04-15
16778,"Blake, Montgomery and Rodriguez",Finance,SMB,Japan,North America,2025-10-10
16779,Rogers-Alexander,Manufacturing,Enterprise,Fiji,LATAM,2024-02-25
16780,Miller Ltd,Finance,SMB,South Georgia and the South Sandwich Islands,LATAM,2023-12-14
16781,Miller Inc,Manufacturing,Mid-Market,Bosnia and Herzegovina,Europe,2025-04-06
16782,Henderson and Sons,Retail,Mid-Market,Greenland,North America,2024-05-29
16783,Richardson Group,Healthcare,Enterprise,Samoa,APAC,2026-03-29
16784,Burns-Herman,Healthcare,Mid-Market,Ecuador,APAC,2025-12-01
16785,Hall Ltd,Manufacturing,SMB,Guadeloupe,APAC,2022-10-10
16786,Hoffman-Watson,Retail,Enterprise,Malaysia,APAC,2022-06-24
16787,Ferguson LLC,Manufacturing,Mid-Market,Saint Helena,North America,2025-05-03
16788,Silva and Sons,Technology,SMB,Poland,APAC,2026-06-08
16789,Waller-Jefferson,Technology,SMB,Equatorial Guinea,APAC,2025-04-11
16790,Lopez and Sons,Healthcare,Mid-Market,Liberia,LATAM,2025-10-08
16791,"Lewis, Steele and Dean",Technology,Enterprise,Hungary,APAC,2026-01-27
16792,"Porter, Perez and Gutierrez",Healthcare,SMB,Mongolia,North America,2022-12-09
16793,Rush Group,Healthcare,SMB,Costa Rica,North America,2026-05-01
16794,Burton-Washington,Healthcare,SMB,Morocco,LATAM,2025-03-01
16795,Harmon PLC,Finance,SMB,Bhutan,APAC,2024-07-17
16796,Bryant PLC,Finance,SMB,French Southern Territories,Europe,2023-05-22
16797,"Gonzalez, Oneill and Martinez",Technology,Enterprise,Chad,Europe,2025-06-19
16798,"Henry, Morales and Marquez",Finance,Enterprise,Uzbekistan,LATAM,2025-05-24
16799,"Powell, Kelly and Davis",Retail,Mid-Market,Saint Helena,LATAM,2025-01-29
16800,Estrada-Andrews,Retail,Mid-Market,Saint Kitts and Nevis,Europe,2026-05-07
16801,Allison and Sons,Finance,SMB,Central African Republic,APAC,2023-04-20
16802,Ryan-Figueroa,Manufacturing,Enterprise,Argentina,North America,2025-04-02
16803,"Davenport, Flores and Horn",Manufacturing,Mid-Market,Kyrgyz Republic,LATAM,2025-07-03
16804,Neal-Wilcox,Finance,SMB,Monaco,LATAM,2023-08-06
16805,"Roman, Smith and Diaz",Manufacturing,Mid-Market,Croatia,Europe,2025-05-27
16806,"Henson, Day and Price",Healthcare,SMB,Mozambique,North America,2024-04-04
16807,"Harris, Roberts and Charles",Manufacturing,Enterprise,Nepal,Europe,2023-07-31
16808,"Schneider, Bernard and Gray",Manufacturing,Enterprise,Philippines,APAC,2023-02-18
16809,Schneider-Lopez,Healthcare,Mid-Market,Senegal,APAC,2026-03-29
16810,Allen PLC,Manufacturing,SMB,Yemen,LATAM,2026-01-09
16811,Perez Inc,Retail,SMB,Kenya,APAC,2023-09-15
16812,"Shields, King and Williams",Technology,Mid-Market,Western Sahara,APAC,2025-07-22
16813,Bell PLC,Technology,SMB,Monaco,LATAM,2026-06-08
16814,Gomez Ltd,Technology,Mid-Market,Falkland Islands (Malvinas),LATAM,2024-04-16
16815,Taylor Ltd,Manufacturing,SMB,Cyprus,Europe,2025-02-10
16816,Smith-Payne,Healthcare,Enterprise,Kuwait,Europe,2023-02-16
16817,Solomon-Farmer,Finance,Mid-Market,United States Minor Outlying Islands,APAC,2023-08-13
16818,Herring Inc,Manufacturing,Mid-Market,Romania,LATAM,2026-03-12
16819,Cline-Schultz,Technology,SMB,Kazakhstan,Europe,2022-11-15
16820,Nunez PLC,Technology,Mid-Market,Azerbaijan,Europe,2023-10-21
16821,"Marquez, Quinn and Lara",Retail,SMB,Northern Mariana Islands,APAC,2025-05-13
16822,"Benjamin, White and Evans",Manufacturing,Enterprise,Pitcairn Islands,Europe,2023-11-04
16823,Weeks and Sons,Healthcare,Mid-Market,South Africa,LATAM,2026-05-17
16824,Herrera Ltd,Retail,SMB,Czech Republic,LATAM,2022-11-09
16825,Perez-Diaz,Technology,Enterprise,Somalia,APAC,2026-03-17
16826,"Estrada, Simmons and Thomas",Technology,Mid-Market,Malawi,LATAM,2023-09-28
16827,"Pierce, Lopez and Wagner",Technology,Enterprise,Nepal,Europe,2024-05-06
16828,"Clements, Smith and Cowan",Healthcare,Mid-Market,Trinidad and Tobago,North America,2024-05-12
16829,Figueroa-Matthews,Finance,Mid-Market,Portugal,Europe,2025-06-21
16830,Rivers-Moore,Retail,Enterprise,Gibraltar,APAC,2023-10-14
16831,Manning-Oneill,Finance,Mid-Market,Israel,Europe,2025-06-28
16832,Mitchell Inc,Healthcare,Enterprise,Cuba,LATAM,2022-12-27
16833,"Flores, Rangel and Hickman",Manufacturing,SMB,Bolivia,APAC,2026-06-02
16834,"Holloway, Thomas and Mcdonald",Technology,Enterprise,Armenia,APAC,2022-10-13
16835,Clark Ltd,Technology,Mid-Market,Seychelles,LATAM,2023-04-05
16836,Taylor-Solomon,Manufacturing,SMB,Equatorial Guinea,Europe,2023-05-07
16837,Martinez Inc,Technology,Mid-Market,Korea,Europe,2026-02-21
16838,Wilson Inc,Retail,SMB,Poland,North America,2026-01-07
16839,Branch and Sons,Manufacturing,Mid-Market,Comoros,Europe,2023-05-25
16840,Sharp-Matthews,Manufacturing,Mid-Market,Hong Kong,LATAM,2025-03-03
16841,Hernandez PLC,Healthcare,SMB,Portugal,Europe,2025-10-01
16842,Allen-Mitchell,Manufacturing,SMB,Pitcairn Islands,APAC,2026-05-28
16843,Waters Ltd,Retail,Enterprise,Rwanda,LATAM,2025-11-13
16844,"Smith, Lindsey and Fields",Healthcare,Enterprise,Falkland Islands (Malvinas),APAC,2025-02-03
16845,"Allen, Ross and Edwards",Healthcare,Enterprise,Kiribati,Europe,2023-02-10
16846,"Hansen, Hammond and Mcmahon",Technology,Mid-Market,Pitcairn Islands,APAC,2023-03-19
16847,Williams Ltd,Retail,Mid-Market,Barbados,North America,2025-12-31
16848,Hughes PLC,Finance,Enterprise,Burkina Faso,Europe,2026-05-10
16849,Delacruz-Mccarty,Manufacturing,Enterprise,Faroe Islands,APAC,2022-08-29
16850,Hernandez-Smith,Healthcare,Mid-Market,Montenegro,APAC,2024-10-28
16851,Strickland PLC,Healthcare,SMB,Mauritania,Europe,2023-07-05
16852,Clark Inc,Healthcare,Mid-Market,Equatorial Guinea,APAC,2023-05-24
16853,"Barr, Williams and Smith",Technology,Mid-Market,Benin,North America,2022-06-09
16854,Wilkins-Mason,Technology,SMB,French Guiana,LATAM,2026-05-24
16855,"Cole, Tran and Williams",Technology,Mid-Market,Isle of Man,LATAM,2026-01-25
16856,Williams-Hayes,Healthcare,SMB,Falkland Islands (Malvinas),LATAM,2025-02-28
16857,Williams PLC,Manufacturing,Mid-Market,Holy See (Vatican City State),LATAM,2023-02-11
16858,Hernandez LLC,Technology,Mid-Market,Isle of Man,Europe,2023-04-05
16859,Berry and Sons,Healthcare,SMB,Kuwait,North America,2026-04-01
16860,Little-Stanley,Retail,SMB,Norfolk Island,North America,2026-04-01
16861,Curry PLC,Retail,Enterprise,Kenya,APAC,2024-07-03
16862,Hill-Raymond,Retail,Mid-Market,Chad,LATAM,2024-10-31
16863,Ramirez Group,Technology,Enterprise,Madagascar,North America,2023-01-27
16864,Fitzpatrick and Sons,Finance,Enterprise,Equatorial Guinea,Europe,2025-10-21
16865,"Hill, Griffin and Hernandez",Technology,Mid-Market,Denmark,APAC,2024-02-15
16866,"Miller, Carrillo and Kim",Finance,SMB,Kyrgyz Republic,North America,2023-09-06
16867,Mills-Myers,Retail,Mid-Market,Saint Pierre and Miquelon,APAC,2022-06-29
16868,"Page, Warner and Woods",Retail,SMB,Niue,LATAM,2023-03-11
16869,Rodriguez and Sons,Technology,Enterprise,Bangladesh,Europe,2024-07-21
16870,Martinez-Patterson,Manufacturing,Enterprise,Dominica,North America,2026-03-21
16871,Vaughan-Briggs,Finance,Mid-Market,Benin,North America,2024-04-25
16872,"Hernandez, Robinson and Turner",Retail,SMB,Chile,North America,2024-01-07
16873,"Graham, Johns and Thompson",Manufacturing,SMB,South Georgia and the South Sandwich Islands,North America,2024-10-31
16874,"Jackson, Perez and Ray",Manufacturing,Enterprise,New Caledonia,Europe,2023-06-09
16875,Davis-Hartman,Retail,SMB,Estonia,Europe,2025-06-08
16876,Marshall Inc,Healthcare,Mid-Market,Andorra,LATAM,2024-02-04
16877,"Salinas, Bradshaw and Holden",Technology,SMB,Sri Lanka,LATAM,2022-10-31
16878,"Green, Jackson and Gregory",Manufacturing,Mid-Market,Norway,APAC,2023-11-06
16879,Greene LLC,Retail,SMB,Iraq,North America,2026-04-04
16880,Rios LLC,Technology,SMB,Wallis and Futuna,LATAM,2023-09-08
16881,Liu LLC,Technology,Mid-Market,Mongolia,APAC,2025-07-11
16882,"Rush, Martinez and White",Healthcare,Enterprise,Gibraltar,North America,2023-10-19
16883,Curtis and Sons,Technology,Enterprise,Malawi,LATAM,2022-10-29
16884,Garza PLC,Manufacturing,Enterprise,Germany,North America,2026-05-20
16885,Wallace Inc,Retail,Enterprise,Reunion,LATAM,2023-04-15
16886,"Coffey, Ingram and Melton",Healthcare,SMB,Belgium,Europe,2024-11-15
16887,Murphy Group,Manufacturing,Mid-Market,Nicaragua,Europe,2022-10-09
16888,Johnson-Adams,Manufacturing,Mid-Market,Palau,APAC,2023-03-31
16889,Torres Ltd,Retail,SMB,Croatia,Europe,2023-10-01
16890,Lewis-Griffith,Technology,SMB,Equatorial Guinea,North America,2022-09-10
16891,Cruz Ltd,Technology,SMB,Kazakhstan,North America,2023-05-04
16892,Wiggins-Freeman,Retail,Mid-Market,Cuba,APAC,2026-05-12
16893,"Martinez, Smith and Booker",Technology,Mid-Market,Guinea,APAC,2022-06-27
16894,Ortiz-Cook,Technology,Mid-Market,Armenia,North America,2024-06-05
16895,"Kim, Hatfield and Maxwell",Manufacturing,SMB,Botswana,North America,2024-10-26
16896,"Chen, Williams and Rogers",Finance,Mid-Market,Yemen,North America,2023-01-22
16897,"Dean, Kelly and Rodriguez",Manufacturing,SMB,Dominican Republic,Europe,2024-08-26
16898,Macias-Holden,Manufacturing,Enterprise,Heard Island and McDonald Islands,North America,2026-01-03
16899,"Carr, Hayes and Wolf",Healthcare,Enterprise,El Salvador,North America,2024-09-02
16900,Johnson-Potts,Finance,Enterprise,Nauru,LATAM,2026-06-08
16901,"Jefferson, Richardson and Torres",Healthcare,Enterprise,Mexico,LATAM,2026-04-02
16902,Hernandez-Holt,Finance,SMB,Canada,North America,2025-08-15
16903,Mercado-Wilson,Technology,Mid-Market,Turkmenistan,Europe,2023-07-13
16904,Lewis PLC,Finance,Enterprise,Burkina Faso,North America,2022-08-30
16905,Levine-Houston,Technology,Enterprise,Brunei Darussalam,Europe,2025-03-31
16906,Martinez and Sons,Manufacturing,Mid-Market,Madagascar,LATAM,2024-12-03
16907,French Group,Technology,Enterprise,Bhutan,LATAM,2024-01-04
16908,Schmitt Ltd,Finance,SMB,Venezuela,APAC,2024-12-27
16909,"Phelps, Durham and Grant",Manufacturing,Mid-Market,Somalia,APAC,2024-01-28
16910,Figueroa and Sons,Retail,SMB,Burkina Faso,LATAM,2026-03-30
16911,"Webb, Stephens and Hayes",Finance,Mid-Market,Bulgaria,North America,2022-10-14
16912,Henderson-Taylor,Retail,Mid-Market,Lesotho,Europe,2025-08-06
16913,Tran and Sons,Manufacturing,Enterprise,Bolivia,APAC,2025-08-06
16914,Hill-Williams,Technology,Enterprise,Swaziland,Europe,2023-04-22
16915,"Ortiz, Smith and Jones",Finance,Mid-Market,Micronesia,LATAM,2022-09-25
16916,Edwards-Lee,Retail,Enterprise,Sierra Leone,Europe,2022-08-22
16917,"Young, Hawkins and Russell",Healthcare,SMB,United States Virgin Islands,LATAM,2025-07-09
16918,"Armstrong, Young and Carroll",Retail,SMB,Azerbaijan,North America,2022-08-21
16919,Richardson-Ward,Technology,SMB,Tajikistan,LATAM,2025-10-28
16920,Jacobs PLC,Technology,Mid-Market,Guinea,LATAM,2024-10-02
16921,"Smith, Campbell and Rodgers",Finance,SMB,Fiji,Europe,2025-02-09
16922,Wilson and Sons,Technology,Enterprise,Botswana,APAC,2022-12-14
16923,Hanna PLC,Finance,Mid-Market,American Samoa,LATAM,2022-07-29
16924,Ford Inc,Retail,Mid-Market,United Arab Emirates,LATAM,2024-11-15
16925,Livingston-Luna,Retail,Mid-Market,Japan,LATAM,2022-10-30
16926,"Fowler, Henry and Johnson",Healthcare,Enterprise,Northern Mariana Islands,LATAM,2024-04-17
16927,Fields Ltd,Technology,Mid-Market,Montenegro,APAC,2022-06-15
16928,Fletcher-Warner,Retail,Enterprise,Albania,LATAM,2023-02-27
16929,Marshall and Sons,Retail,Mid-Market,Korea,LATAM,2024-01-03
16930,Osborn-Alexander,Healthcare,Mid-Market,Congo,APAC,2025-12-13
16931,Reynolds-Wallace,Healthcare,Enterprise,Mauritius,North America,2023-09-04
16932,Pineda-Mullen,Manufacturing,Mid-Market,Liberia,APAC,2023-01-16
16933,Ortega-Hensley,Finance,Mid-Market,Madagascar,North America,2023-12-28
16934,"Larsen, Reilly and Maldonado",Finance,Mid-Market,United States of America,North America,2025-01-04
16935,Sullivan Ltd,Healthcare,SMB,Kiribati,Europe,2024-07-29
16936,Diaz-Hawkins,Finance,Enterprise,Lebanon,LATAM,2025-04-18
16937,Smith-Johnson,Retail,Enterprise,Gabon,APAC,2024-12-26
16938,Evans Ltd,Healthcare,SMB,Sao Tome and Principe,North America,2025-01-09
16939,Pearson-Russell,Manufacturing,Enterprise,Saint Helena,APAC,2025-04-04
16940,"Hayes, Holmes and Delacruz",Finance,Mid-Market,Malta,LATAM,2024-12-26
16941,Burgess-Lucas,Healthcare,Mid-Market,Antigua and Barbuda,Europe,2022-07-27
16942,"Campbell, Gould and Salazar",Finance,Mid-Market,Monaco,North America,2024-04-21
16943,Black-Vargas,Technology,Enterprise,Antarctica (the territory South of 60 deg S),North America,2024-04-27
16944,"Glover, Anthony and Mcdaniel",Finance,SMB,Vanuatu,Europe,2023-10-15
16945,"Cook, Dougherty and Sullivan",Healthcare,Mid-Market,Ethiopia,LATAM,2026-01-18
16946,"Johnson, Beltran and Clements",Retail,SMB,Netherlands Antilles,APAC,2024-11-21
16947,"Meyer, Stephens and Taylor",Finance,SMB,Congo,Europe,2025-11-21
16948,"Payne, Roman and Snyder",Finance,SMB,Andorra,North America,2024-02-13
16949,"Adams, Rogers and Kramer",Finance,Mid-Market,Palestinian Territory,LATAM,2024-05-12
16950,Smith-Hernandez,Finance,Enterprise,Saint Vincent and the Grenadines,LATAM,2025-07-18
16951,"Jones, Moreno and Hicks",Finance,SMB,Namibia,Europe,2023-02-20
16952,"Jenkins, Benson and Gonzalez",Manufacturing,Enterprise,Serbia,APAC,2022-12-18
16953,Thompson Inc,Finance,Mid-Market,Afghanistan,APAC,2024-09-08
16954,Wells Inc,Finance,SMB,Cuba,North America,2022-07-11
16955,"Hawkins, Jordan and Myers",Technology,Enterprise,Jordan,Europe,2023-11-20
16956,Moore-Dickerson,Technology,Enterprise,Grenada,LATAM,2026-04-14
16957,Valencia Ltd,Healthcare,Mid-Market,Moldova,APAC,2026-03-13
16958,Lopez-Hutchinson,Manufacturing,Enterprise,Japan,LATAM,2025-07-13
16959,Jordan-Key,Healthcare,Mid-Market,Germany,Europe,2022-12-05
16960,"Anderson, Collier and Foster",Technology,Enterprise,Italy,Europe,2025-06-14
16961,Allen LLC,Finance,SMB,Malawi,APAC,2024-02-13
16962,Edwards-Hernandez,Healthcare,Enterprise,Guam,APAC,2026-05-09
16963,"Myers, Reynolds and Castillo",Healthcare,Enterprise,Israel,Europe,2023-08-27
16964,Williams-Nguyen,Technology,Mid-Market,South Africa,APAC,2024-10-20
16965,Jones-Washington,Healthcare,Mid-Market,French Polynesia,Europe,2023-11-10
16966,"Ruiz, Rubio and Larson",Finance,SMB,Zambia,North America,2025-08-09
16967,Fitzpatrick-Hicks,Technology,Enterprise,Jersey,North America,2026-02-21
16968,Russell and Sons,Finance,Mid-Market,Iceland,APAC,2022-10-24
16969,Sanchez-Taylor,Technology,Mid-Market,Uzbekistan,LATAM,2025-12-25
16970,"Gutierrez, Kelly and Hartman",Retail,Enterprise,Guyana,Europe,2023-03-27
16971,Matthews-Young,Finance,SMB,Northern Mariana Islands,Europe,2023-05-30
16972,Hunt-Robertson,Healthcare,SMB,Myanmar,Europe,2026-06-05
16973,Henson-Wilson,Manufacturing,Enterprise,Libyan Arab Jamahiriya,North America,2023-06-08
16974,"Matthews, Patel and Stewart",Finance,Enterprise,French Guiana,APAC,2023-11-28
16975,"Rosales, Jones and Simon",Finance,Mid-Market,Belarus,LATAM,2025-12-08
16976,"Howell, Clayton and Blankenship",Finance,Mid-Market,Togo,APAC,2025-07-04
16977,Chavez Group,Healthcare,SMB,Sudan,North America,2023-04-09
16978,Wilson-Wells,Manufacturing,Enterprise,Iraq,Europe,2025-04-07
16979,Williams-Leach,Retail,Enterprise,Antigua and Barbuda,LATAM,2025-05-23
16980,Garcia-Kim,Healthcare,SMB,Turkmenistan,LATAM,2023-02-26
16981,Serrano Inc,Manufacturing,Mid-Market,Slovakia (Slovak Republic),Europe,2026-03-06
16982,Bradley and Sons,Manufacturing,SMB,Norway,North America,2025-04-24
16983,"Hughes, Patel and Bowman",Technology,Enterprise,Bosnia and Herzegovina,North America,2025-06-15
16984,Gonzalez Ltd,Retail,Enterprise,Yemen,APAC,2026-02-09
16985,Hamilton-Davis,Technology,SMB,San Marino,APAC,2024-03-27
16986,Reed-Zuniga,Healthcare,SMB,Samoa,APAC,2024-01-20
16987,Mejia Ltd,Healthcare,SMB,Niger,North America,2023-01-24
16988,Thompson-Santiago,Finance,SMB,Israel,Europe,2023-01-30
16989,Daniel and Sons,Finance,Enterprise,Guatemala,APAC,2026-04-11
16990,Moody-Carroll,Retail,SMB,Jamaica,LATAM,2024-02-29
16991,Gibson-Sullivan,Healthcare,Enterprise,Saint Barthelemy,North America,2024-10-20
16992,Jackson-Fuller,Technology,Enterprise,Anguilla,APAC,2023-01-14
16993,Herrera Inc,Retail,SMB,Gabon,North America,2023-06-22
16994,"Mendez, Randolph and Thomas",Finance,Mid-Market,Montserrat,Europe,2023-10-24
16995,"Stewart, Wright and Williams",Manufacturing,SMB,Myanmar,APAC,2024-04-15
16996,Porter LLC,Manufacturing,SMB,Comoros,LATAM,2023-08-22
16997,Lewis LLC,Finance,Enterprise,Norfolk Island,APAC,2023-05-19
16998,Butler LLC,Manufacturing,Enterprise,Myanmar,North America,2025-01-04
16999,Vega and Sons,Healthcare,Enterprise,Christmas Island,North America,2026-05-01
17000,"Irwin, Walter and Taylor",Manufacturing,Enterprise,Belgium,LATAM,2023-07-07
17001,Allen-Dodson,Manufacturing,Mid-Market,Ukraine,Europe,2026-01-09
17002,"House, Miller and West",Retail,Enterprise,Greenland,LATAM,2024-07-18
17003,Wilson-Davis,Healthcare,Enterprise,Liberia,LATAM,2025-12-26
17004,"Smith, Lewis and Austin",Healthcare,SMB,Malawi,North America,2025-11-07
17005,Martinez-Cervantes,Retail,Mid-Market,Serbia,LATAM,2025-07-25
17006,Anderson-Adams,Manufacturing,Mid-Market,Libyan Arab Jamahiriya,APAC,2022-12-12
17007,Guerrero LLC,Finance,Mid-Market,United States Virgin Islands,LATAM,2025-04-18
17008,"Turner, Obrien and Hinton",Finance,Mid-Market,Nepal,APAC,2024-07-19
17009,"Hogan, Mcmillan and Huffman",Retail,Enterprise,Cyprus,North America,2025-06-23
17010,"Weber, Murphy and Harmon",Retail,SMB,Angola,North America,2022-08-06
17011,Fitzpatrick-Grant,Finance,Mid-Market,Mongolia,LATAM,2024-10-19
17012,Huang Group,Finance,SMB,France,North America,2022-09-06
17013,Murphy Ltd,Finance,Enterprise,Central African Republic,LATAM,2025-05-19
17014,Chandler Inc,Healthcare,Mid-Market,Uzbekistan,LATAM,2022-10-09
17015,Bailey-Anderson,Technology,SMB,Italy,APAC,2024-08-20
17016,Kim and Sons,Manufacturing,Enterprise,Pitcairn Islands,LATAM,2023-07-13
17017,"Warren, Stephenson and Clark",Retail,SMB,Palau,APAC,2022-10-19
17018,Joseph-Williams,Manufacturing,SMB,Pakistan,North America,2025-05-03
17019,Rodriguez-Owens,Healthcare,Enterprise,Bhutan,APAC,2024-10-04
17020,"Spencer, Rose and Burke",Healthcare,SMB,Bahamas,APAC,2026-01-01
17021,Hernandez-Lang,Retail,Enterprise,Togo,Europe,2023-06-06
17022,Rangel-Livingston,Technology,Enterprise,Solomon Islands,LATAM,2022-07-27
17023,"Ramos, Long and Parker",Technology,Mid-Market,Colombia,APAC,2022-12-09
17024,Elliott LLC,Retail,Enterprise,Cape Verde,North America,2023-06-22
17025,Reynolds-Huff,Manufacturing,Enterprise,Australia,Europe,2025-09-05
17026,Gibbs Group,Finance,Mid-Market,Colombia,Europe,2026-06-01
17027,Griffin-Gregory,Finance,Enterprise,Saint Martin,APAC,2023-10-14
17028,Mccarty Inc,Finance,SMB,Syrian Arab Republic,LATAM,2022-10-08
17029,Morse Group,Finance,Mid-Market,Norfolk Island,APAC,2023-07-24
17030,"Oconnor, Crawford and Morris",Technology,Enterprise,Burkina Faso,North America,2026-01-28
17031,James Group,Manufacturing,SMB,Slovenia,Europe,2023-08-21
17032,Evans-Castro,Healthcare,Enterprise,Vietnam,APAC,2026-03-18
17033,Poole-Rodriguez,Manufacturing,Enterprise,Panama,APAC,2023-07-14
17034,Clark-Hill,Healthcare,Enterprise,Honduras,LATAM,2023-05-14
17035,"Fisher, Glover and Preston",Retail,Enterprise,Slovenia,LATAM,2026-01-01
17036,Hughes Ltd,Finance,SMB,Central African Republic,LATAM,2025-03-16
17037,"Carpenter, Schmidt and Welch",Healthcare,SMB,Tuvalu,LATAM,2022-09-26
17038,Miranda Ltd,Manufacturing,Enterprise,Venezuela,Europe,2023-07-15
17039,"Brooks, Little and Cox",Technology,Mid-Market,Thailand,APAC,2026-02-17
17040,"Swanson, Rush and Miller",Finance,SMB,Sierra Leone,APAC,2023-09-16
17041,"Bullock, Clark and Williams",Healthcare,SMB,Haiti,APAC,2026-05-28
17042,Nelson Group,Technology,SMB,Sierra Leone,APAC,2025-09-06
17043,Hunt-Simmons,Manufacturing,Mid-Market,Taiwan,North America,2023-04-17
17044,Merritt-Hayes,Healthcare,Mid-Market,Greenland,APAC,2025-03-11
17045,"Welch, Hensley and Martinez",Manufacturing,Mid-Market,Northern Mariana Islands,Europe,2023-12-20
17046,Foster-Ponce,Manufacturing,Enterprise,Sudan,APAC,2023-03-23
17047,"Bradley, Martin and Robinson",Manufacturing,SMB,Antigua and Barbuda,Europe,2023-07-04
17048,"Cruz, Boyd and Rice",Manufacturing,Mid-Market,Kenya,North America,2022-06-14
17049,Rose PLC,Finance,Mid-Market,Saint Kitts and Nevis,APAC,2024-04-30
17050,Sims-Martinez,Manufacturing,Enterprise,Myanmar,LATAM,2026-04-28
17051,Mitchell PLC,Technology,SMB,Nepal,LATAM,2024-03-01
17052,Jones-Odonnell,Finance,Mid-Market,Bahamas,APAC,2025-04-16
17053,Hamilton Group,Manufacturing,SMB,British Indian Ocean Territory (Chagos Archipelago),Europe,2025-09-28
17054,Moore Ltd,Finance,Enterprise,Panama,Europe,2026-02-18
17055,Thornton Ltd,Retail,Enterprise,Austria,North America,2024-06-25
17056,Washington and Sons,Retail,Enterprise,Jamaica,Europe,2026-04-27
17057,Thomas-Rodriguez,Manufacturing,SMB,Cuba,APAC,2025-01-11
17058,"Sanchez, Matthews and Martinez",Manufacturing,SMB,Haiti,APAC,2022-07-23
17059,King-Richards,Healthcare,SMB,India,LATAM,2023-06-09
17060,Wang-Jordan,Finance,Mid-Market,Malta,North America,2025-12-24
17061,Casey-Williams,Finance,SMB,British Indian Ocean Territory (Chagos Archipelago),LATAM,2022-10-22
17062,Wilson-Mckay,Manufacturing,Mid-Market,Bahrain,APAC,2024-03-13
17063,Wang-Martin,Technology,Mid-Market,Liechtenstein,Europe,2025-03-04
17064,Taylor PLC,Manufacturing,Mid-Market,Saint Barthelemy,LATAM,2022-07-05
17065,Johnson Inc,Retail,Enterprise,Micronesia,Europe,2023-10-25
17066,Davis Inc,Healthcare,SMB,Turkmenistan,Europe,2026-06-02
17067,Warren and Sons,Healthcare,Mid-Market,United States Minor Outlying Islands,LATAM,2023-03-02
17068,"Wood, Harris and Hamilton",Finance,Mid-Market,Myanmar,North America,2024-02-15
17069,"Miller, Park and Sellers",Technology,Mid-Market,Maldives,LATAM,2024-06-20
17070,Bowman-Garcia,Manufacturing,Enterprise,Germany,APAC,2024-09-01
17071,"Cruz, Mcgee and Alvarez",Finance,Enterprise,Micronesia,APAC,2023-08-02
17072,Washington Group,Healthcare,SMB,Zimbabwe,LATAM,2023-07-10
17073,Bennett-Harris,Finance,SMB,Jamaica,Europe,2026-03-22
17074,Odom Group,Retail,SMB,Bahrain,Europe,2022-12-15
17075,Lee-Morton,Finance,SMB,Bhutan,APAC,2025-02-01
17076,Walton Inc,Technology,Mid-Market,Niger,Europe,2026-04-09
17077,"Berger, Johnson and Harmon",Finance,SMB,Bulgaria,Europe,2026-01-31
17078,Warner-Lewis,Healthcare,Mid-Market,Colombia,APAC,2025-10-19
17079,"Meyer, Wilkinson and King",Technology,Mid-Market,Aruba,Europe,2025-10-27
17080,"Martin, Cunningham and Wright",Retail,Mid-Market,Norway,North America,2025-05-21
17081,Pace-Wells,Retail,SMB,American Samoa,APAC,2023-03-30
17082,Jones LLC,Finance,Mid-Market,Fiji,North America,2024-12-11
17083,"Cooper, Wong and Brown",Healthcare,Mid-Market,Qatar,APAC,2023-10-06
17084,"Rodriguez, Moreno and Dyer",Finance,Enterprise,Ukraine,LATAM,2025-07-07
17085,Tucker Group,Finance,Mid-Market,United States Virgin Islands,Europe,2023-10-16
17086,Barrett Inc,Retail,SMB,Dominica,LATAM,2022-12-29
17087,"Sanchez, Sawyer and Rodriguez",Technology,Mid-Market,Zambia,Europe,2026-04-02
17088,Walker Ltd,Manufacturing,Enterprise,Marshall Islands,APAC,2023-12-18
17089,"Zimmerman, Green and Johnson",Finance,SMB,Hungary,Europe,2022-11-30
17090,Michael Inc,Retail,SMB,Azerbaijan,Europe,2022-07-30
17091,"Carter, Rodriguez and Martin",Healthcare,SMB,Falkland Islands (Malvinas),LATAM,2024-03-20
17092,Schaefer-Mclean,Manufacturing,Mid-Market,Bahamas,LATAM,2023-08-06
17093,Simpson PLC,Manufacturing,Enterprise,Spain,Europe,2023-09-13
17094,Morris-Holt,Healthcare,Enterprise,Comoros,LATAM,2024-08-16
17095,Miller-Moore,Finance,Mid-Market,Georgia,APAC,2022-09-23
17096,Nguyen-Robinson,Retail,SMB,Panama,Europe,2025-02-01
17097,"Ramirez, King and Nicholson",Retail,SMB,Slovenia,APAC,2024-01-04
17098,Hernandez-Garza,Retail,Mid-Market,Lebanon,North America,2024-06-21
17099,Martinez Inc,Manufacturing,SMB,Maldives,North America,2022-10-26
17100,"Holt, Flynn and Valdez",Retail,Mid-Market,Senegal,North America,2024-06-06
17101,Patel Group,Retail,Enterprise,Bouvet Island (Bouvetoya),LATAM,2024-12-06
17102,Robinson PLC,Finance,SMB,Saint Pierre and Miquelon,LATAM,2024-08-29
17103,Garcia-Bennett,Technology,Mid-Market,British Virgin Islands,North America,2022-08-05
17104,Flynn PLC,Retail,SMB,Germany,Europe,2024-06-25
17105,Warner-Mckenzie,Retail,Mid-Market,Monaco,Europe,2024-08-05
17106,"Berg, Smith and Avila",Technology,SMB,Cocos (Keeling) Islands,Europe,2023-10-19
17107,Jackson Group,Technology,Enterprise,Estonia,APAC,2022-07-27
17108,Moore Ltd,Finance,Mid-Market,Jordan,APAC,2023-09-21
17109,Spence Ltd,Healthcare,Mid-Market,Western Sahara,Europe,2024-07-16
17110,Johnson LLC,Healthcare,Mid-Market,Argentina,LATAM,2025-05-23
17111,"Miller, Thomas and Castro",Retail,SMB,China,North America,2025-01-18
17112,Perez Group,Manufacturing,Enterprise,Lithuania,LATAM,2024-03-18
17113,"Valdez, Walsh and Murillo",Finance,SMB,Bermuda,LATAM,2024-03-11
17114,Flores Group,Retail,Mid-Market,Jersey,LATAM,2025-08-03
17115,Mcintosh Inc,Technology,Enterprise,Maldives,Europe,2024-02-02
17116,"Sloan, Welch and Bryant",Manufacturing,Enterprise,Guadeloupe,Europe,2026-01-25
17117,Zhang-Lee,Manufacturing,Mid-Market,Myanmar,Europe,2023-06-25
17118,Hansen Ltd,Manufacturing,SMB,Serbia,LATAM,2026-03-02
17119,Roberts-Hunt,Finance,SMB,Switzerland,LATAM,2023-03-18
17120,Conway-Boyle,Retail,Enterprise,Uruguay,North America,2022-09-16
17121,Harmon-Bradley,Finance,Mid-Market,American Samoa,North America,2024-06-15
17122,Mendoza-Henry,Technology,Enterprise,Singapore,Europe,2022-06-20
17123,Wright Ltd,Manufacturing,SMB,New Caledonia,LATAM,2023-01-12
17124,Guerrero Ltd,Technology,Mid-Market,Greece,Europe,2024-07-03
17125,Howard PLC,Finance,Mid-Market,Cambodia,North America,2023-04-06
17126,Reid Group,Finance,SMB,Togo,Europe,2026-01-19
17127,"Cox, Mccarthy and Kim",Retail,Enterprise,Russian Federation,Europe,2026-01-02
17128,"Jackson, Mclaughlin and Humphrey",Manufacturing,Enterprise,Guatemala,North America,2023-12-13
17129,Duke Group,Retail,Enterprise,Latvia,Europe,2024-04-22
17130,"Harris, Randall and Lynch",Technology,Enterprise,Isle of Man,Europe,2025-07-02
17131,"Allen, Abbott and Hale",Healthcare,SMB,Botswana,APAC,2024-10-22
17132,Smith-Gonzales,Manufacturing,Enterprise,Finland,APAC,2022-09-06
17133,"Harris, Carpenter and Foster",Retail,SMB,Thailand,LATAM,2026-04-28
17134,"Ray, Rivas and Hernandez",Manufacturing,Enterprise,Australia,LATAM,2023-04-05
17135,Mckee-Choi,Finance,Mid-Market,Iceland,LATAM,2023-01-28
17136,Clark Ltd,Manufacturing,SMB,Chile,North America,2022-07-09
17137,Simpson Group,Retail,SMB,Tajikistan,Europe,2024-07-28
17138,Martinez-Myers,Manufacturing,Enterprise,Sri Lanka,Europe,2024-08-05
17139,"Moore, Estrada and Robinson",Manufacturing,SMB,Germany,LATAM,2022-12-26
17140,"Jones, Williams and Douglas",Finance,Enterprise,Tuvalu,Europe,2025-02-02
17141,Garcia and Sons,Finance,SMB,Iran,Europe,2024-12-26
17142,Freeman Ltd,Technology,Enterprise,San Marino,LATAM,2024-02-16
17143,Moore-Cooper,Manufacturing,Mid-Market,Haiti,North America,2024-08-17
17144,"Torres, Hickman and White",Retail,SMB,Venezuela,Europe,2025-09-24
17145,Morgan-Mcmillan,Technology,SMB,Tonga,North America,2022-09-29
17146,"Wilson, Shelton and Shepherd",Technology,Enterprise,Palau,LATAM,2023-08-18
17147,Wright-Green,Technology,SMB,Comoros,North America,2026-04-26
17148,"Robbins, Kelly and Hicks",Technology,Mid-Market,Djibouti,APAC,2026-02-27
17149,Welch-Flores,Technology,SMB,Aruba,APAC,2025-03-13
17150,Clark-Wilson,Healthcare,Mid-Market,Montenegro,LATAM,2023-11-14
17151,Peterson Ltd,Healthcare,Mid-Market,Swaziland,Europe,2024-02-01
17152,Jones-Doyle,Retail,Mid-Market,British Indian Ocean Territory (Chagos Archipelago),APAC,2026-02-13
17153,Mullins Inc,Technology,SMB,Gibraltar,North America,2024-07-23
17154,Rowe-Adams,Manufacturing,SMB,Finland,APAC,2023-04-18
17155,Myers-Brandt,Finance,SMB,Saint Helena,Europe,2024-12-17
17156,Murray and Sons,Healthcare,SMB,Saudi Arabia,APAC,2026-05-13
17157,Davis Inc,Technology,SMB,Cameroon,APAC,2023-06-09
17158,"Baker, Davis and Williamson",Healthcare,Enterprise,Colombia,Europe,2022-12-28
17159,Roberts and Sons,Manufacturing,Mid-Market,Cuba,APAC,2023-12-31
17160,Miller Ltd,Technology,Mid-Market,New Zealand,APAC,2024-09-08
17161,Gomez-Wolfe,Retail,Mid-Market,Saint Vincent and the Grenadines,North America,2024-03-31
17162,"Guerrero, Harrell and Brown",Healthcare,Mid-Market,Korea,LATAM,2023-05-19
17163,Morse-Jones,Manufacturing,Enterprise,Switzerland,APAC,2025-09-30
17164,Bennett PLC,Finance,Enterprise,Jamaica,APAC,2024-01-15
17165,"Holland, Jones and Peck",Healthcare,Enterprise,Benin,North America,2026-05-22
17166,Long-Stevenson,Finance,SMB,Malawi,APAC,2023-01-20
17167,Cook LLC,Retail,Enterprise,Austria,Europe,2024-09-09
17168,Sweeney LLC,Manufacturing,SMB,Dominica,North America,2024-05-20
17169,Patterson-Mack,Technology,Enterprise,San Marino,APAC,2023-01-10
17170,Andersen-Malone,Manufacturing,Mid-Market,Iceland,LATAM,2023-12-24
17171,Harrison and Sons,Manufacturing,Mid-Market,Marshall Islands,APAC,2023-10-17
17172,"Thornton, White and Mclaughlin",Healthcare,SMB,Zimbabwe,Europe,2023-08-22
17173,"Johnson, Baldwin and Frye",Healthcare,Mid-Market,Burkina Faso,North America,2023-09-10
17174,Weaver Ltd,Retail,Mid-Market,Svalbard & Jan Mayen Islands,Europe,2023-03-13
17175,Harris Group,Retail,Mid-Market,Lesotho,Europe,2023-03-23
17176,Nguyen Ltd,Healthcare,Mid-Market,Venezuela,Europe,2026-05-16
17177,Elliott and Sons,Finance,Enterprise,Mauritania,North America,2025-09-19
17178,West-Lowe,Retail,Mid-Market,Bahamas,LATAM,2023-08-20
17179,Dixon-Thomas,Technology,Mid-Market,South Georgia and the South Sandwich Islands,APAC,2025-01-26
17180,Carroll Ltd,Manufacturing,Mid-Market,Martinique,Europe,2024-11-07
17181,Compton-Whitaker,Finance,SMB,Sudan,Europe,2022-08-18
17182,White Inc,Retail,SMB,Guernsey,APAC,2026-01-05
17183,"Taylor, Cunningham and Ponce",Technology,Mid-Market,Lithuania,APAC,2023-02-12
17184,Mckinney-Ray,Healthcare,SMB,Peru,APAC,2024-06-26
17185,Fuller-Peterson,Technology,SMB,Hong Kong,LATAM,2024-12-02
17186,"Mcpherson, Duncan and Mclaughlin",Retail,SMB,Congo,APAC,2025-07-28
17187,"Donovan, Torres and Chapman",Finance,Mid-Market,Estonia,Europe,2024-05-12
17188,"Kelly, Whitaker and Wall",Healthcare,SMB,Jordan,North America,2022-10-06
17189,Kelly Ltd,Technology,SMB,Tokelau,APAC,2024-02-26
17190,Carr PLC,Retail,Mid-Market,Kyrgyz Republic,North America,2024-09-17
17191,Wade-Smith,Technology,Enterprise,Swaziland,Europe,2023-05-31
17192,Torres LLC,Healthcare,Enterprise,Finland,Europe,2023-11-26
17193,Smith Group,Manufacturing,Mid-Market,Croatia,LATAM,2024-04-01
17194,Roman Inc,Finance,SMB,Suriname,Europe,2022-07-30
17195,Thomas LLC,Retail,Enterprise,French Guiana,APAC,2024-10-13
17196,"Aguirre, Williams and Pace",Technology,Mid-Market,Turkmenistan,Europe,2022-09-22
17197,Hall Inc,Manufacturing,Enterprise,Cape Verde,Europe,2025-08-19
17198,"Jacobson, Woods and Black",Healthcare,Mid-Market,Cote d'Ivoire,North America,2025-03-10
17199,"Flowers, Sanchez and Austin",Manufacturing,Enterprise,Malawi,Europe,2026-01-03
17200,Walters PLC,Retail,Enterprise,Taiwan,North America,2024-04-12
17201,"Jones, Bailey and Hunter",Manufacturing,Mid-Market,Aruba,APAC,2025-11-05
17202,"Jenkins, Kennedy and Padilla",Technology,Enterprise,Estonia,North America,2026-01-03
17203,Vincent Group,Technology,Enterprise,Thailand,APAC,2024-01-25
17204,"Daniel, Schwartz and Robles",Healthcare,Enterprise,Uruguay,North America,2024-07-09
17205,Newman Ltd,Technology,Enterprise,Martinique,APAC,2022-11-21
17206,Curtis-Crane,Technology,SMB,Mali,APAC,2025-05-19
17207,Martinez-Nelson,Technology,Mid-Market,Korea,LATAM,2022-11-07
17208,Dalton Group,Retail,SMB,Algeria,APAC,2023-02-09
17209,"Wells, Reynolds and Perez",Manufacturing,Enterprise,Isle of Man,Europe,2025-07-08
17210,Mccarty-Reid,Retail,Mid-Market,Central African Republic,Europe,2024-05-23
17211,"White, Smith and Coleman",Manufacturing,SMB,Ghana,Europe,2025-11-25
17212,"Pugh, Nixon and Mcdonald",Healthcare,Mid-Market,Qatar,North America,2024-05-02
17213,Wilcox LLC,Technology,Enterprise,Moldova,APAC,2026-02-08
17214,Davis-Hall,Finance,Enterprise,Germany,Europe,2025-10-31
17215,"Dunn, Hernandez and Mercado",Retail,Mid-Market,South Africa,LATAM,2023-08-12
17216,"Lee, Ortiz and Copeland",Retail,Mid-Market,Holy See (Vatican City State),Europe,2024-02-28
17217,Lester-Williams,Healthcare,Mid-Market,Gambia,LATAM,2026-05-16
17218,Lee and Sons,Finance,Mid-Market,Norfolk Island,Europe,2023-12-09
17219,Oneill and Sons,Technology,SMB,Indonesia,APAC,2026-02-05
17220,Dean-Berg,Retail,SMB,Vietnam,North America,2024-11-24
17221,"Ward, Jackson and Gardner",Technology,SMB,Netherlands,Europe,2024-01-02
17222,Cherry Inc,Healthcare,Enterprise,Palestinian Territory,Europe,2025-08-09
17223,Roy LLC,Manufacturing,Mid-Market,Ireland,APAC,2026-03-06
17224,Davis-White,Finance,SMB,Armenia,APAC,2023-01-17
17225,"Johnson, Jackson and Jenkins",Retail,SMB,Saint Barthelemy,North America,2023-06-22
17226,Sanders-Wright,Finance,Mid-Market,Trinidad and Tobago,LATAM,2024-12-28
17227,Perry Group,Technology,SMB,Burkina Faso,APAC,2025-10-18
17228,Maynard Group,Retail,SMB,Anguilla,APAC,2024-11-06
17229,Miller Ltd,Retail,SMB,Cocos (Keeling) Islands,APAC,2025-01-17
17230,Singleton-Sanchez,Finance,SMB,Papua New Guinea,LATAM,2025-02-16
17231,"Wilson, Jenkins and Brown",Healthcare,Mid-Market,Bhutan,LATAM,2025-08-14
17232,Austin Group,Healthcare,SMB,French Guiana,LATAM,2023-10-13
17233,"White, Anderson and Atkins",Manufacturing,Enterprise,Northern Mariana Islands,APAC,2025-05-19
17234,Avila-Henson,Technology,Mid-Market,Angola,North America,2022-06-13
17235,"Smith, Shaw and Owen",Retail,Enterprise,Canada,APAC,2024-06-25
17236,Peterson-Sanchez,Finance,Enterprise,Nepal,APAC,2022-06-10
17237,Gregory LLC,Finance,Enterprise,Guernsey,North America,2022-09-07
17238,Reed PLC,Manufacturing,Mid-Market,Sri Lanka,North America,2023-07-21
17239,Bartlett Inc,Retail,Enterprise,Iran,LATAM,2025-10-08
17240,Robbins-Williams,Finance,Enterprise,Oman,Europe,2023-11-28
17241,Walker-Rojas,Manufacturing,SMB,New Zealand,North America,2024-09-22
17242,"Madden, Mann and Rivera",Technology,SMB,Reunion,LATAM,2024-07-04
17243,Morgan-Kelly,Manufacturing,Enterprise,Taiwan,APAC,2024-10-06
17244,Walton LLC,Healthcare,SMB,Montenegro,APAC,2024-10-30
17245,Howard LLC,Retail,SMB,Togo,APAC,2025-03-22
17246,Bauer Ltd,Finance,Mid-Market,Nepal,APAC,2024-02-01
17247,Kelly LLC,Healthcare,Enterprise,Morocco,Europe,2023-01-27
17248,"Miller, Morton and Robinson",Healthcare,SMB,Switzerland,LATAM,2026-03-02
17249,Coleman-Arnold,Finance,Enterprise,Kenya,LATAM,2022-12-16
17250,"Carson, Baker and Hodge",Technology,Enterprise,Uganda,Europe,2026-02-28
17251,Hall-Taylor,Finance,Enterprise,Saint Vincent and the Grenadines,LATAM,2024-12-14
17252,"Horne, Jones and James",Retail,SMB,Botswana,APAC,2026-01-10
17253,Butler-Wade,Healthcare,Mid-Market,Lesotho,APAC,2025-03-13
17254,Gilmore-Mitchell,Finance,SMB,Mali,LATAM,2026-05-28
17255,Campbell-Mcmahon,Manufacturing,Mid-Market,Reunion,APAC,2022-11-07
17256,Carr Ltd,Technology,Enterprise,Jersey,LATAM,2025-10-03
17257,"Powell, Cooper and Meza",Retail,Enterprise,Trinidad and Tobago,North America,2024-09-11
17258,Burns-Smith,Manufacturing,Mid-Market,Jordan,APAC,2024-04-13
17259,"Rodriguez, Griffin and Fletcher",Technology,Enterprise,Guadeloupe,North America,2022-08-30
17260,"Bell, Bautista and Brown",Manufacturing,SMB,Uzbekistan,APAC,2022-06-14
17261,"Ruiz, Fox and Andersen",Healthcare,Mid-Market,Angola,Europe,2023-05-01
17262,Chavez PLC,Healthcare,Mid-Market,Belize,LATAM,2025-05-23
17263,Cobb Inc,Healthcare,Enterprise,Malaysia,North America,2023-04-19
17264,"Martin, Hawkins and Wilson",Technology,SMB,French Guiana,APAC,2024-04-05
17265,Smith PLC,Manufacturing,SMB,El Salvador,APAC,2024-06-25
17266,"Crawford, Gomez and Duran",Manufacturing,Enterprise,Jamaica,Europe,2025-07-21
17267,"Rodriguez, Fernandez and Yang",Manufacturing,Enterprise,Germany,LATAM,2023-09-25
17268,"Johnson, Weeks and Evans",Healthcare,SMB,Norway,North America,2023-01-25
17269,"Smith, Lee and Montgomery",Retail,SMB,Brazil,APAC,2025-10-12
17270,Boyd Group,Technology,SMB,Belize,Europe,2024-01-17
17271,"Mcknight, Russell and Campbell",Healthcare,Enterprise,Samoa,North America,2024-01-17
17272,Johnson Group,Retail,SMB,Brunei Darussalam,LATAM,2025-08-26
17273,"Mckinney, Ellis and Meyers",Manufacturing,SMB,Bangladesh,Europe,2024-04-17
17274,"Macdonald, Chambers and Jones",Finance,Enterprise,Chile,LATAM,2024-12-01
17275,Lloyd-Baxter,Finance,Mid-Market,Peru,APAC,2023-06-18
17276,"Baker, Campbell and Richardson",Technology,Mid-Market,Liechtenstein,APAC,2025-07-27
17277,"Mcintyre, Lynch and Patrick",Technology,SMB,Philippines,LATAM,2023-09-27
17278,Ortiz-Jackson,Manufacturing,Enterprise,Togo,North America,2024-03-22
17279,Turner-Welch,Healthcare,SMB,Austria,APAC,2025-06-19
17280,Barnett LLC,Manufacturing,SMB,Saint Vincent and the Grenadines,APAC,2022-07-22
17281,"Lee, Russell and Wilson",Retail,Mid-Market,Bouvet Island (Bouvetoya),Europe,2024-04-21
17282,"Hardy, Shepherd and Smith",Retail,Mid-Market,Malaysia,Europe,2024-01-27
17283,Robinson-Wells,Manufacturing,SMB,Rwanda,Europe,2025-08-31
17284,"Davis, King and Fitzgerald",Retail,Mid-Market,Netherlands Antilles,Europe,2022-08-21
17285,"Ortiz, Armstrong and Andrews",Healthcare,SMB,Morocco,Europe,2026-03-27
17286,"Williams, Cisneros and Dudley",Healthcare,Enterprise,Azerbaijan,Europe,2023-02-06
17287,Lambert and Sons,Technology,Mid-Market,San Marino,North America,2023-07-12
17288,Benjamin and Sons,Finance,Enterprise,French Guiana,Europe,2022-08-27
17289,Franklin-Frost,Finance,Enterprise,United States Virgin Islands,Europe,2022-08-10
17290,Wilson-Brooks,Technology,Mid-Market,Slovenia,North America,2025-07-31
17291,Brown-Smith,Retail,Mid-Market,Czech Republic,Europe,2023-03-18
17292,Moyer-Perez,Finance,SMB,Turkmenistan,LATAM,2022-12-04
17293,Steele-Morris,Healthcare,SMB,Greece,APAC,2022-09-28
17294,Lopez Ltd,Technology,Mid-Market,Brunei Darussalam,APAC,2025-12-22
17295,Huffman-Esparza,Finance,SMB,Turks and Caicos Islands,LATAM,2024-08-10
17296,"Coleman, Strickland and Mahoney",Healthcare,SMB,Costa Rica,LATAM,2024-06-07
17297,"Phillips, Oconnor and Bishop",Manufacturing,Enterprise,Cayman Islands,North America,2024-04-09
17298,Garrett-Mccoy,Retail,Enterprise,Djibouti,APAC,2025-11-17
17299,"Moran, Gallegos and Collins",Finance,Enterprise,Philippines,Europe,2024-08-13
17300,Gonzalez-Foster,Retail,Enterprise,Sierra Leone,APAC,2023-05-12
17301,"Sloan, Woodward and Espinoza",Healthcare,Mid-Market,Singapore,LATAM,2026-02-23
17302,Chavez-Mitchell,Finance,SMB,Benin,Europe,2026-01-11
17303,"Ellis, Kirk and Stuart",Manufacturing,Mid-Market,Venezuela,LATAM,2022-11-11
17304,Osborn Ltd,Manufacturing,Enterprise,Namibia,North America,2025-12-02
17305,Warner Inc,Technology,Mid-Market,Uganda,APAC,2022-12-21
17306,Odom-Phillips,Finance,SMB,Guernsey,LATAM,2026-01-07
17307,Murray-Davis,Technology,Enterprise,Ukraine,LATAM,2025-07-17
17308,Thompson-Olsen,Healthcare,Enterprise,Niger,North America,2026-04-18
17309,Moore-Anderson,Technology,Mid-Market,Argentina,Europe,2024-05-26
17310,Bond PLC,Finance,Enterprise,Angola,APAC,2025-08-16
17311,Porter-Alvarado,Healthcare,SMB,Norway,Europe,2022-08-30
17312,Elliott Group,Manufacturing,SMB,Martinique,LATAM,2024-03-19
17313,Todd-Jensen,Finance,Mid-Market,Gambia,LATAM,2024-10-13
17314,Dalton-Thomas,Finance,Mid-Market,Somalia,Europe,2025-10-28
17315,"Weber, Stone and Young",Technology,Mid-Market,Solomon Islands,APAC,2024-02-02
17316,Myers Group,Healthcare,Enterprise,Montenegro,Europe,2023-12-31
17317,Anthony-Castro,Finance,Enterprise,Indonesia,Europe,2024-07-30
17318,Murphy Ltd,Finance,SMB,Namibia,Europe,2025-04-16
17319,Hicks-Atkinson,Finance,Mid-Market,Poland,North America,2023-05-19
17320,Peterson Ltd,Retail,Mid-Market,Malta,Europe,2025-04-12
17321,"Smith, Sims and Stevenson",Finance,SMB,Kuwait,APAC,2022-12-09
17322,"Sweeney, Gonzalez and Morgan",Finance,Mid-Market,Guernsey,North America,2025-11-22
17323,Jackson Ltd,Manufacturing,Enterprise,Seychelles,APAC,2026-01-27
17324,"Barker, Gill and Cameron",Manufacturing,Enterprise,United Arab Emirates,LATAM,2024-06-30
17325,Hill-Flores,Retail,SMB,Latvia,APAC,2025-12-02
17326,Wade Ltd,Healthcare,SMB,Argentina,North America,2025-09-13
17327,Norman Inc,Finance,Enterprise,Portugal,Europe,2025-08-16
17328,"Cole, Smith and Moore",Retail,SMB,Tanzania,North America,2023-12-30
17329,Simpson-Oliver,Manufacturing,Mid-Market,Tonga,APAC,2024-09-20
17330,"Ferrell, Combs and Serrano",Retail,SMB,Bahrain,LATAM,2023-08-18
17331,Calhoun-Holt,Healthcare,Enterprise,Pakistan,LATAM,2023-04-13
17332,Morgan Ltd,Finance,Enterprise,Korea,LATAM,2024-02-10
17333,Reynolds Inc,Technology,Enterprise,Finland,North America,2024-07-15
17334,Powell-Moore,Manufacturing,Enterprise,Cambodia,North America,2025-07-29
17335,Sherman Ltd,Manufacturing,Enterprise,Aruba,LATAM,2026-04-30
17336,"Hopkins, Olson and Hayes",Manufacturing,Enterprise,New Zealand,LATAM,2022-11-02
17337,Davis-Richard,Retail,Enterprise,Peru,Europe,2026-01-09
17338,"Mcneil, Lee and Rosales",Technology,SMB,Singapore,North America,2024-09-14
17339,Herman Inc,Manufacturing,Enterprise,El Salvador,LATAM,2023-12-27
17340,"Bryant, Robinson and Villarreal",Manufacturing,SMB,Grenada,LATAM,2024-08-27
17341,Russell-Bailey,Retail,Enterprise,Maldives,LATAM,2025-11-19
17342,Lambert LLC,Finance,Mid-Market,Bangladesh,Europe,2025-03-01
17343,"Keller, Goodwin and Bright",Manufacturing,Mid-Market,Norfolk Island,APAC,2023-04-01
17344,Bryant Ltd,Healthcare,Enterprise,New Zealand,LATAM,2024-09-03
17345,Love LLC,Finance,Enterprise,Taiwan,Europe,2024-10-12
17346,Villa Group,Retail,SMB,Mali,Europe,2023-07-23
17347,"Gray, Johnson and King",Healthcare,Enterprise,United States Minor Outlying Islands,APAC,2022-12-11
17348,"Dillon, Martin and Vaughn",Retail,Enterprise,Australia,APAC,2025-11-19
17349,Soto PLC,Retail,Enterprise,Russian Federation,LATAM,2025-06-10
17350,"Glover, Lamb and Walker",Manufacturing,Enterprise,Denmark,North America,2025-06-04
17351,Moore-Harper,Technology,Mid-Market,Egypt,Europe,2023-06-22
17352,Stewart-Owen,Retail,Enterprise,Nicaragua,LATAM,2025-07-18
17353,Petersen PLC,Retail,Enterprise,Serbia,LATAM,2025-12-27
17354,Vang-Pearson,Manufacturing,SMB,Romania,North America,2022-11-27
17355,Hooper Inc,Technology,Enterprise,Liberia,Europe,2022-09-07
17356,Miller PLC,Finance,Enterprise,Liechtenstein,North America,2024-03-24
17357,Johnson PLC,Finance,Mid-Market,Iran,Europe,2023-06-13
17358,"Thomas, Hart and Day",Healthcare,Mid-Market,Denmark,North America,2024-03-04
17359,Tran Ltd,Technology,Enterprise,Poland,LATAM,2025-10-20
17360,Robinson Ltd,Retail,SMB,Saint Martin,Europe,2024-01-30
17361,Beck-Berry,Finance,Enterprise,Kyrgyz Republic,LATAM,2022-11-02
17362,"Myers, Stevenson and Wilson",Retail,Mid-Market,Guam,Europe,2023-08-09
17363,Ingram-Vang,Finance,Enterprise,French Guiana,North America,2023-04-04
17364,Jackson LLC,Manufacturing,Mid-Market,Micronesia,LATAM,2025-02-14
17365,Bowers Group,Healthcare,Enterprise,Panama,LATAM,2024-07-05
17366,Lawrence-Duncan,Technology,SMB,Mali,APAC,2024-07-08
17367,"Jackson, Novak and Ferguson",Manufacturing,SMB,Comoros,Europe,2022-09-30
17368,Gonzales-Smith,Manufacturing,Enterprise,Palau,APAC,2022-10-13
17369,Mclaughlin-Kelly,Retail,Enterprise,Indonesia,Europe,2024-06-12
17370,"Hernandez, Baker and Jones",Finance,Mid-Market,Ghana,North America,2023-12-07
17371,"Curry, Walker and Forbes",Finance,Enterprise,Sri Lanka,APAC,2024-08-18
17372,"Jennings, Jordan and Myers",Finance,Enterprise,Pakistan,Europe,2025-05-26
17373,"Fletcher, Smith and Mcfarland",Technology,Mid-Market,North Macedonia,Europe,2024-04-25
17374,Nguyen-Ramos,Technology,Mid-Market,Mozambique,Europe,2024-08-18
17375,Osborne Group,Finance,Enterprise,United States Virgin Islands,North America,2023-02-25
17376,Santiago PLC,Healthcare,SMB,Tuvalu,North America,2023-03-23
17377,"Hamilton, Klein and Manning",Manufacturing,SMB,Portugal,APAC,2024-03-14
17378,"Mendez, Kim and Mccarty",Technology,Enterprise,North Macedonia,North America,2024-07-19
17379,Burke-Butler,Healthcare,SMB,British Indian Ocean Territory (Chagos Archipelago),LATAM,2025-05-15
17380,Patterson-Gordon,Manufacturing,SMB,French Guiana,North America,2022-09-24
17381,"Watkins, Landry and Jacobs",Retail,SMB,New Zealand,North America,2025-11-08
17382,"Smith, Anderson and Banks",Technology,SMB,France,APAC,2024-05-22
17383,Thompson-Sandoval,Healthcare,SMB,Albania,Europe,2023-09-30
17384,"Jones, Thomas and King",Retail,Mid-Market,Sudan,LATAM,2025-10-05
17385,"Nguyen, Marquez and Hernandez",Finance,Enterprise,Tonga,North America,2025-11-15
17386,Lester-Jackson,Healthcare,Mid-Market,Sierra Leone,North America,2024-07-20
17387,Craig-Thompson,Finance,SMB,Algeria,APAC,2026-03-13
17388,Phillips Ltd,Manufacturing,SMB,Guernsey,North America,2022-12-18
17389,"Alexander, Shaw and Taylor",Technology,Enterprise,Qatar,LATAM,2025-03-22
17390,"Foster, Shah and Ellison",Healthcare,Enterprise,Venezuela,LATAM,2025-04-13
17391,Sheppard-Gordon,Finance,Enterprise,Nicaragua,APAC,2025-05-17
17392,"Harrington, Stewart and Bennett",Healthcare,Enterprise,Norfolk Island,LATAM,2024-07-24
17393,Flynn Group,Finance,SMB,Russian Federation,APAC,2024-08-28
17394,Foster Group,Retail,Enterprise,Cook Islands,Europe,2022-07-28
17395,Rhodes LLC,Retail,Enterprise,Sao Tome and Principe,APAC,2024-01-29
17396,Rice Inc,Technology,SMB,Australia,APAC,2025-04-03
17397,Adams-Rodriguez,Healthcare,Mid-Market,Grenada,APAC,2025-03-23
17398,"Miller, Wilson and Meadows",Manufacturing,SMB,Germany,APAC,2024-08-21
17399,Graves-Acosta,Finance,Enterprise,Christmas Island,LATAM,2025-03-02
17400,Reid LLC,Retail,SMB,Canada,North America,2026-02-03
17401,Oconnor-Townsend,Finance,Enterprise,Malaysia,APAC,2025-01-18
17402,Williams and Sons,Healthcare,Mid-Market,Burundi,Europe,2023-12-13
17403,Foster-Short,Healthcare,SMB,Brunei Darussalam,APAC,2026-01-13
17404,Davis Ltd,Technology,SMB,Malaysia,APAC,2023-02-17
17405,Marsh-Harvey,Manufacturing,Mid-Market,Lebanon,Europe,2024-04-15
17406,"Valdez, Foley and Mata",Healthcare,Mid-Market,France,LATAM,2026-03-17
17407,Moore-Byrd,Technology,Enterprise,Netherlands,North America,2023-05-15
17408,Larson Group,Retail,Enterprise,Guernsey,APAC,2024-07-01
17409,"Beck, Anderson and Simpson",Manufacturing,SMB,British Indian Ocean Territory (Chagos Archipelago),Europe,2023-03-28
17410,Dennis-Adams,Retail,Mid-Market,Grenada,Europe,2024-05-21
17411,Weber-Williams,Finance,Mid-Market,Faroe Islands,LATAM,2024-06-22
17412,"Cross, Adams and Evans",Retail,Mid-Market,Burkina Faso,LATAM,2025-08-14
17413,"Brown, Rivera and Williams",Manufacturing,Enterprise,Anguilla,APAC,2024-09-17
17414,"Lawrence, Huff and Lowery",Retail,SMB,Montenegro,North America,2024-05-09
17415,Grant-Morrison,Manufacturing,Enterprise,El Salvador,Europe,2026-05-19
17416,Wallace-Snyder,Technology,Mid-Market,Guyana,LATAM,2023-10-21
17417,Hill-Ellison,Healthcare,Mid-Market,Kiribati,LATAM,2025-03-04
17418,Snow-Crane,Manufacturing,Enterprise,Ukraine,LATAM,2024-05-31
17419,"Walsh, Scott and Tyler",Finance,Enterprise,Slovenia,Europe,2022-06-18
17420,"Lopez, Bolton and Kim",Finance,SMB,Croatia,North America,2025-01-28
17421,Barron-Mccarthy,Finance,SMB,Armenia,LATAM,2023-02-19
17422,"Lee, Young and Mendez",Healthcare,Mid-Market,Micronesia,Europe,2026-04-25
17423,"Howard, Alvarez and Hamilton",Technology,Enterprise,Paraguay,North America,2022-11-26
17424,Baker-Fletcher,Retail,Mid-Market,Poland,APAC,2025-03-14
17425,"Rodriguez, Wu and Walton",Retail,SMB,Anguilla,North America,2022-11-26
17426,Green PLC,Manufacturing,Mid-Market,Pakistan,North America,2024-10-07
17427,Kelly PLC,Technology,Enterprise,Namibia,LATAM,2023-04-15
17428,Smith-Lowery,Healthcare,SMB,Guinea,North America,2023-01-13
17429,"Vasquez, Shaffer and Villanueva",Technology,Mid-Market,Palau,LATAM,2026-02-16
17430,Green Ltd,Technology,SMB,Mozambique,Europe,2024-05-03
17431,Murphy-Gibson,Retail,Enterprise,Anguilla,Europe,2025-06-07
17432,Johnson-Cox,Manufacturing,Mid-Market,Vanuatu,LATAM,2025-03-31
17433,"Mueller, Davis and Lynch",Manufacturing,Enterprise,Trinidad and Tobago,LATAM,2025-07-06
17434,Harris Group,Healthcare,Mid-Market,Saint Martin,APAC,2025-12-19
17435,Walsh-Anderson,Finance,SMB,Austria,North America,2023-05-26
17436,Hernandez-Miller,Finance,Mid-Market,Martinique,APAC,2025-02-12
17437,Mitchell Group,Manufacturing,Mid-Market,Luxembourg,North America,2023-07-09
17438,"Johnson, Allen and Smith",Finance,Enterprise,Belarus,Europe,2024-07-09
17439,James Group,Technology,Enterprise,Cayman Islands,APAC,2023-10-28
17440,"Carter, Thomas and Snyder",Healthcare,Mid-Market,Bolivia,APAC,2024-02-01
17441,Miller-Davis,Healthcare,SMB,India,Europe,2024-03-29
17442,Johnson Inc,Technology,Enterprise,Cote d'Ivoire,Europe,2022-12-03
17443,"Walters, Bailey and Smith",Technology,Enterprise,Tuvalu,North America,2024-12-11
17444,Farrell-Mcneil,Manufacturing,Mid-Market,Mayotte,APAC,2024-02-26
17445,Jones Inc,Retail,Mid-Market,Argentina,Europe,2024-12-09
17446,Hopkins and Sons,Healthcare,Mid-Market,Antarctica (the territory South of 60 deg S),APAC,2025-12-27
17447,Cooper-Morris,Technology,Enterprise,Cayman Islands,LATAM,2024-04-03
17448,Horton Inc,Retail,Enterprise,Brunei Darussalam,LATAM,2024-05-14
17449,"Mckay, Martinez and Davis",Technology,SMB,Somalia,LATAM,2024-12-09
17450,Norris-Conway,Retail,Mid-Market,Equatorial Guinea,Europe,2023-12-23
17451,Myers-Rodriguez,Healthcare,Enterprise,Iraq,LATAM,2025-12-21
17452,Clark-Stone,Finance,Mid-Market,Vanuatu,North America,2022-08-24
17453,Ruiz-Hayes,Manufacturing,Mid-Market,Djibouti,LATAM,2024-05-12
17454,Kennedy-Hill,Technology,SMB,Central African Republic,North America,2024-01-19
17455,Hawkins and Sons,Retail,Mid-Market,Sao Tome and Principe,North America,2023-10-22
17456,Mack-Sanders,Technology,Enterprise,Greece,APAC,2024-04-04
17457,"Hoffman, Farrell and Brown",Finance,Mid-Market,Congo,LATAM,2023-03-01
17458,Rodriguez Group,Manufacturing,Mid-Market,Reunion,North America,2025-03-06
17459,Arroyo Ltd,Healthcare,SMB,Luxembourg,LATAM,2025-08-06
17460,Schroeder-Cannon,Retail,Enterprise,Netherlands,LATAM,2024-10-21
17461,Hall-Hernandez,Technology,SMB,Sweden,LATAM,2025-03-03
17462,Solis-Smith,Manufacturing,Mid-Market,Uzbekistan,Europe,2026-04-18
17463,"Blackburn, Jones and Hogan",Manufacturing,SMB,Aruba,North America,2024-05-21
17464,Walker-Johnson,Technology,SMB,Palestinian Territory,APAC,2025-06-13
17465,Vasquez-Thompson,Technology,Mid-Market,Myanmar,APAC,2024-06-02
17466,"Knight, Martin and Gray",Manufacturing,Mid-Market,France,Europe,2024-06-29
17467,Grant Inc,Healthcare,Enterprise,El Salvador,Europe,2024-04-22
17468,"Gonzales, Lopez and Ramirez",Technology,SMB,Mongolia,Europe,2026-02-23
17469,Mueller-Webb,Retail,Mid-Market,Turkmenistan,North America,2025-03-02
17470,Thomas and Sons,Retail,SMB,Macao,APAC,2023-02-20
17471,"Rojas, Oneal and Holmes",Technology,Enterprise,United States Virgin Islands,APAC,2023-03-04
17472,Nichols Group,Retail,Mid-Market,Lesotho,Europe,2025-02-13
17473,"Hart, Cruz and Bruce",Technology,Enterprise,Venezuela,North America,2023-07-20
17474,Roberts-Lucas,Technology,Enterprise,Togo,APAC,2025-12-20
17475,Zhang-Castro,Finance,Mid-Market,Tajikistan,North America,2024-02-21
17476,Booth-Walton,Retail,SMB,Turkey,Europe,2024-07-24
17477,Grant-Martinez,Manufacturing,SMB,Barbados,LATAM,2026-02-19
17478,Hunter LLC,Healthcare,Mid-Market,Mayotte,APAC,2024-08-08
17479,"Reynolds, Hanson and Harper",Healthcare,Enterprise,Russian Federation,LATAM,2024-09-22
17480,Brown PLC,Healthcare,Mid-Market,Qatar,North America,2025-05-11
17481,Gallagher-Allen,Manufacturing,Enterprise,Cook Islands,North America,2025-07-17
17482,"Russell, Leblanc and Martinez",Manufacturing,Mid-Market,Equatorial Guinea,Europe,2025-02-17
17483,Reyes-Maxwell,Retail,Enterprise,Rwanda,North America,2022-09-28
17484,Cook-Morgan,Healthcare,Mid-Market,Philippines,LATAM,2023-04-13
17485,Coleman-Dominguez,Technology,Mid-Market,Heard Island and McDonald Islands,LATAM,2026-04-03
17486,Brown Ltd,Manufacturing,Enterprise,Montenegro,North America,2022-11-23
17487,Rice and Sons,Finance,Mid-Market,Saint Barthelemy,Europe,2025-06-18
17488,Higgins LLC,Retail,Mid-Market,Somalia,APAC,2023-02-15
17489,Harrison PLC,Technology,Mid-Market,Afghanistan,Europe,2022-07-09
17490,"Oneal, Browning and Cameron",Finance,Mid-Market,Saudi Arabia,North America,2022-07-15
17491,Marshall Inc,Manufacturing,Enterprise,Romania,Europe,2023-10-09
17492,"Howard, Sullivan and Carpenter",Technology,Mid-Market,India,APAC,2022-11-04
17493,Wells-Maddox,Retail,Enterprise,Estonia,North America,2023-11-17
17494,Cooper-Huynh,Manufacturing,Enterprise,Niue,LATAM,2025-11-17
17495,"Becker, Horne and Baldwin",Technology,Mid-Market,Brazil,APAC,2024-01-24
17496,"Ritter, Harris and Sandoval",Technology,Mid-Market,Singapore,LATAM,2026-03-14
17497,"Hunt, Phillips and Morales",Manufacturing,Enterprise,Syrian Arab Republic,APAC,2025-03-24
17498,Gonzalez Inc,Retail,Mid-Market,Japan,North America,2024-06-02
17499,Rice Ltd,Retail,Mid-Market,Philippines,Europe,2024-08-10
17500,Perez-Mcdowell,Manufacturing,SMB,Vanuatu,Europe,2022-08-03
17501,"Cook, Ferrell and Suarez",Finance,Enterprise,Russian Federation,North America,2024-03-09
17502,Hughes-Padilla,Manufacturing,Enterprise,Svalbard & Jan Mayen Islands,Europe,2025-01-20
17503,Hunter Inc,Healthcare,Mid-Market,Uganda,APAC,2025-06-07
17504,"Mcintosh, Scott and Ortiz",Technology,SMB,Madagascar,North America,2024-01-19
17505,"Carter, Lee and Wu",Healthcare,SMB,Turkmenistan,APAC,2023-11-15
17506,"Adams, Christensen and Gray",Manufacturing,Enterprise,Kyrgyz Republic,North America,2024-07-07
17507,Hall-Webb,Technology,Enterprise,Cook Islands,APAC,2023-05-05
17508,Molina Group,Healthcare,Mid-Market,Liberia,LATAM,2025-04-25
17509,"Dunn, Mcdonald and Smith",Healthcare,Mid-Market,Qatar,North America,2024-03-07
17510,"Sims, Davis and Myers",Healthcare,Mid-Market,Costa Rica,LATAM,2023-06-16
17511,Shelton PLC,Technology,Enterprise,Bouvet Island (Bouvetoya),Europe,2024-12-03
17512,Long-Bates,Healthcare,Mid-Market,Pakistan,North America,2026-01-10
17513,"Johnson, Sellers and West",Retail,Enterprise,Cyprus,APAC,2024-06-03
17514,Graves and Sons,Manufacturing,Mid-Market,Falkland Islands (Malvinas),LATAM,2024-07-24
17515,"Osborne, Harris and Le",Retail,SMB,San Marino,LATAM,2022-08-07
17516,Hardy Inc,Finance,Mid-Market,Anguilla,North America,2022-11-18
17517,"Blackburn, Gonzalez and Mcgrath",Finance,Mid-Market,Saudi Arabia,APAC,2024-02-13
17518,Bryant-George,Manufacturing,Mid-Market,Saint Kitts and Nevis,APAC,2024-07-17
17519,"Arnold, Hampton and Howard",Healthcare,Enterprise,Congo,North America,2026-02-02
17520,Vaughn-Williams,Manufacturing,Mid-Market,Peru,APAC,2023-08-08
17521,Hill-Cook,Retail,Mid-Market,Indonesia,LATAM,2024-05-29
17522,Rodriguez Group,Retail,Mid-Market,Cocos (Keeling) Islands,Europe,2025-08-25
17523,"Marquez, Carrillo and Morrison",Finance,SMB,Indonesia,North America,2024-01-06
17524,Lynch Ltd,Finance,Mid-Market,Solomon Islands,North America,2024-02-07
17525,Willis PLC,Retail,Mid-Market,Albania,Europe,2025-12-12
17526,Gonzalez and Sons,Technology,Mid-Market,Sweden,Europe,2022-09-07
17527,Taylor-Sims,Manufacturing,Mid-Market,Bahrain,LATAM,2024-08-26
17528,May-Washington,Finance,Enterprise,Luxembourg,APAC,2023-04-06
17529,"Rollins, Anderson and Lucas",Retail,SMB,Bolivia,North America,2025-03-24
17530,Baker-Mendoza,Technology,Enterprise,Djibouti,APAC,2022-12-27
17531,Ware-Herrera,Manufacturing,Mid-Market,British Indian Ocean Territory (Chagos Archipelago),APAC,2023-05-25
17532,Bailey-Beasley,Finance,SMB,Cook Islands,LATAM,2022-06-18
17533,"Torres, Walter and Mathis",Technology,Mid-Market,Cyprus,LATAM,2026-01-10
17534,Barnes-Whitaker,Finance,Enterprise,San Marino,LATAM,2023-03-15
17535,"Davis, Lutz and Spencer",Retail,Enterprise,Seychelles,LATAM,2023-02-17
17536,Wagner-Johnson,Retail,Enterprise,Montserrat,North America,2023-10-22
17537,Rose-Campbell,Finance,SMB,Libyan Arab Jamahiriya,North America,2025-08-29
17538,Gonzalez LLC,Healthcare,Enterprise,Mayotte,LATAM,2022-07-12
17539,Foster PLC,Technology,SMB,Niger,Europe,2023-07-12
17540,Wilson Group,Manufacturing,Enterprise,Dominican Republic,Europe,2025-06-22
17541,"Arroyo, Harris and Perez",Technology,Enterprise,Kuwait,APAC,2024-07-23
17542,Thompson and Sons,Healthcare,Mid-Market,Denmark,LATAM,2024-09-15
17543,Howard-Clark,Retail,Enterprise,Croatia,LATAM,2023-07-04
17544,Barron Ltd,Manufacturing,SMB,Bouvet Island (Bouvetoya),APAC,2022-10-03
17545,"Brady, Ross and Drake",Retail,Enterprise,Slovakia (Slovak Republic),LATAM,2025-07-25
17546,Wright Group,Finance,Enterprise,Cayman Islands,LATAM,2024-10-18
17547,"Cook, Li and Reeves",Manufacturing,Mid-Market,Timor-Leste,Europe,2024-01-10
17548,"Ochoa, Jackson and Jimenez",Technology,Enterprise,Burkina Faso,APAC,2026-05-25
17549,Nelson-Larson,Retail,SMB,Equatorial Guinea,APAC,2026-05-22
17550,Rivera-Aguilar,Manufacturing,Mid-Market,United Kingdom,North America,2022-07-06
17551,Jones LLC,Healthcare,SMB,Romania,North America,2024-11-06
17552,Camacho LLC,Retail,Mid-Market,Czech Republic,Europe,2024-12-01
17553,Franklin Group,Finance,Enterprise,Bulgaria,LATAM,2022-12-08
17554,Frederick-Cervantes,Retail,Mid-Market,Tokelau,LATAM,2024-01-03
17555,Davis-Jones,Manufacturing,Enterprise,Gabon,North America,2023-06-18
17556,Klein Inc,Manufacturing,SMB,Nauru,Europe,2023-10-05
17557,Fisher-Robinson,Finance,SMB,Argentina,LATAM,2025-05-01
17558,Pennington LLC,Finance,Enterprise,Madagascar,North America,2025-09-19
17559,Nichols-York,Finance,SMB,Vietnam,LATAM,2023-09-07
17560,Collins-Lewis,Manufacturing,Mid-Market,Serbia,LATAM,2023-07-18
17561,Chen-Lester,Manufacturing,Mid-Market,Uganda,North America,2024-05-14
17562,"Hunt, Martinez and White",Manufacturing,SMB,Liechtenstein,North America,2023-07-15
17563,Flores Ltd,Finance,Mid-Market,Saint Pierre and Miquelon,LATAM,2023-08-26
17564,Harper-Thomas,Manufacturing,Mid-Market,Montserrat,LATAM,2025-12-05
17565,Schneider-Palmer,Finance,Mid-Market,Samoa,North America,2023-06-07
17566,"Copeland, Clark and Cannon",Finance,Mid-Market,Algeria,LATAM,2025-12-09
17567,Hart-Ingram,Technology,SMB,Kiribati,Europe,2023-09-13
17568,"Sanders, Cooper and Meyers",Finance,SMB,Faroe Islands,LATAM,2023-10-31
17569,Sanchez and Sons,Finance,Enterprise,Cocos (Keeling) Islands,LATAM,2026-04-02
17570,"Duncan, Smith and Olsen",Technology,Mid-Market,Puerto Rico,North America,2024-05-28
17571,Williams Inc,Technology,Enterprise,Mozambique,LATAM,2023-01-25
17572,Martinez-Taylor,Technology,SMB,Costa Rica,LATAM,2024-10-09
17573,Johnson-Hill,Technology,Enterprise,North Macedonia,North America,2024-07-31
17574,"Butler, Perez and Barr",Finance,SMB,Rwanda,APAC,2024-10-04
17575,"Delgado, Curtis and Walters",Finance,Mid-Market,United States Minor Outlying Islands,APAC,2023-04-23
17576,Flores Inc,Finance,Mid-Market,Cayman Islands,LATAM,2024-06-08
17577,"Lowe, Harvey and Martinez",Healthcare,Enterprise,Senegal,LATAM,2025-04-06
17578,Rogers-Smith,Finance,SMB,South Georgia and the South Sandwich Islands,Europe,2025-02-11
17579,"Zimmerman, Hughes and Jones",Technology,Mid-Market,Western Sahara,LATAM,2023-05-24
17580,Johnson-Juarez,Healthcare,Mid-Market,Finland,APAC,2024-07-30
17581,"Powell, Mason and Fuller",Technology,SMB,Syrian Arab Republic,APAC,2025-06-04
17582,"Howell, Anderson and Allen",Manufacturing,Enterprise,Lithuania,LATAM,2023-06-29
17583,Watkins Group,Retail,SMB,Andorra,Europe,2026-02-21
17584,"Lewis, Davies and Mullen",Technology,Enterprise,Palau,APAC,2024-06-26
17585,Stone-Wilkinson,Retail,Mid-Market,United States Minor Outlying Islands,Europe,2023-03-19
17586,Roberts-Horton,Retail,SMB,Bhutan,APAC,2023-12-29
17587,Best-Chambers,Finance,Mid-Market,Namibia,APAC,2025-05-25
17588,Golden-Cox,Healthcare,SMB,Iran,North America,2024-11-27
17589,Warren and Sons,Technology,Enterprise,Guyana,APAC,2022-11-10
17590,Allen PLC,Manufacturing,SMB,Guinea,North America,2023-02-20
17591,"Flores, Barr and Anderson",Manufacturing,Enterprise,Hong Kong,North America,2024-06-05
17592,"Bowen, Hart and Hendricks",Manufacturing,Mid-Market,Benin,North America,2025-07-20
17593,Mclaughlin-Wright,Manufacturing,SMB,Mozambique,North America,2023-10-25
17594,"Jordan, Marks and Butler",Manufacturing,Enterprise,Norway,Europe,2023-09-22
17595,Howard-Martin,Technology,Mid-Market,Jamaica,LATAM,2025-11-12
17596,"Castaneda, Clark and Pollard",Healthcare,Mid-Market,Australia,LATAM,2023-08-24
17597,Rodriguez Inc,Finance,SMB,Kenya,APAC,2024-01-10
17598,Aguilar Group,Manufacturing,Enterprise,French Polynesia,APAC,2023-06-21
17599,Banks-Grant,Finance,SMB,North Macedonia,LATAM,2025-02-11
17600,Garza-Shannon,Healthcare,Mid-Market,Cyprus,LATAM,2023-12-29
17601,"Warren, Rodriguez and Dawson",Finance,SMB,Tuvalu,APAC,2023-03-06
17602,Ortega-Miller,Finance,Mid-Market,Iceland,North America,2022-10-27
17603,Wilson-Luna,Finance,Enterprise,Libyan Arab Jamahiriya,Europe,2025-02-10
17604,Brown Inc,Finance,SMB,Haiti,APAC,2022-12-03
17605,Hernandez LLC,Retail,SMB,Namibia,Europe,2024-08-06
17606,"Smith, Blackburn and Harper",Healthcare,SMB,France,LATAM,2025-12-14
17607,"Martin, Ramirez and Chen",Finance,SMB,South Africa,APAC,2023-04-14
17608,Silva PLC,Manufacturing,Mid-Market,Romania,Europe,2024-06-05
17609,"Shannon, Sanford and Martin",Technology,Mid-Market,Togo,North America,2025-03-01
17610,Hunter Ltd,Healthcare,Mid-Market,Guam,LATAM,2024-01-13
17611,"Roberts, Bridges and Patterson",Finance,SMB,Papua New Guinea,Europe,2023-07-03
17612,Jacobs LLC,Finance,SMB,Oman,APAC,2023-09-06
17613,"Casey, Smith and Richard",Healthcare,Enterprise,Bhutan,Europe,2025-09-04
17614,"Hernandez, Bennett and Houston",Manufacturing,Enterprise,Panama,LATAM,2024-03-12
17615,"Morrison, Bailey and Rivers",Finance,Mid-Market,Andorra,Europe,2025-02-06
17616,Dudley Ltd,Retail,Mid-Market,Paraguay,LATAM,2024-08-15
17617,"Wyatt, Roy and Hunt",Manufacturing,Mid-Market,Finland,North America,2024-08-27
17618,"Mccoy, Singh and Merritt",Manufacturing,SMB,Martinique,LATAM,2022-12-17
17619,Diaz-Robertson,Finance,SMB,Saudi Arabia,APAC,2023-10-05
17620,"Ferguson, Hudson and Robbins",Finance,SMB,San Marino,APAC,2024-05-09
17621,"Martinez, Williamson and Potter",Retail,Mid-Market,Saint Pierre and Miquelon,APAC,2025-08-05
17622,Garza Group,Manufacturing,Enterprise,Holy See (Vatican City State),North America,2024-10-02
17623,"Terry, Johnson and Jordan",Retail,Mid-Market,Lithuania,North America,2022-09-07
17624,Hernandez LLC,Retail,Mid-Market,Myanmar,APAC,2026-04-08
17625,"Stevens, Ayers and Miller",Manufacturing,SMB,Germany,North America,2025-12-16
17626,"Franklin, Gomez and Miller",Healthcare,SMB,Gambia,LATAM,2025-03-20
17627,"Young, Castaneda and Hall",Technology,Mid-Market,Portugal,LATAM,2024-01-07
17628,"Hill, Paul and Brown",Manufacturing,Enterprise,Tuvalu,LATAM,2023-06-17
17629,Roman-Davis,Retail,Enterprise,Jersey,LATAM,2022-10-28
17630,Ball-Johnson,Retail,Enterprise,Vietnam,LATAM,2026-01-20
17631,Flynn LLC,Manufacturing,Enterprise,Aruba,LATAM,2024-11-05
17632,Wilkinson-Davis,Manufacturing,Mid-Market,Benin,APAC,2025-12-02
17633,"Hill, Warner and Mckay",Healthcare,Mid-Market,Bhutan,Europe,2025-03-11
17634,"Bradford, Bush and Elliott",Retail,Enterprise,French Southern Territories,Europe,2023-06-13
17635,Villanueva-Wallace,Finance,Enterprise,Ghana,North America,2023-01-07
17636,Martinez-Madden,Retail,SMB,Malaysia,Europe,2024-09-12
17637,"Tate, Hanson and Bernard",Retail,SMB,Falkland Islands (Malvinas),Europe,2023-11-26
17638,"Sanchez, Hernandez and Taylor",Retail,Mid-Market,Albania,Europe,2025-06-22
17639,Page-Stevens,Technology,SMB,Libyan Arab Jamahiriya,LATAM,2023-09-30
17640,"Hanna, Garcia and Blake",Technology,Enterprise,Chad,APAC,2025-01-13
17641,Schultz and Sons,Technology,Enterprise,Australia,North America,2025-03-27
17642,Burgess PLC,Technology,Enterprise,Bermuda,LATAM,2026-01-28
17643,Wright PLC,Retail,Enterprise,Palau,North America,2025-05-19
17644,"Figueroa, Floyd and Barrera",Finance,Enterprise,Cape Verde,North America,2024-05-30
17645,Coleman-Robertson,Finance,Mid-Market,El Salvador,Europe,2024-08-19
17646,"Zimmerman, Nielsen and Steele",Finance,Enterprise,Burkina Faso,North America,2026-03-22
17647,Bryant-Robinson,Healthcare,Mid-Market,Cayman Islands,Europe,2022-11-22
17648,Martinez Inc,Healthcare,Mid-Market,Venezuela,North America,2025-03-09
17649,Young Ltd,Healthcare,SMB,Lao People's Democratic Republic,APAC,2023-12-11
17650,Calderon Inc,Retail,Mid-Market,United Arab Emirates,North America,2022-12-10
17651,Berger-Martin,Retail,Mid-Market,South Africa,APAC,2023-05-12
17652,James LLC,Retail,Enterprise,Switzerland,North America,2023-02-09
17653,"Davis, Cantrell and Gardner",Technology,Mid-Market,Papua New Guinea,Europe,2024-02-10
17654,"Joseph, Hill and Morris",Healthcare,Mid-Market,Togo,LATAM,2025-05-27
17655,Robinson-Michael,Retail,SMB,Norway,North America,2023-11-13
17656,Barrett-Cook,Technology,Enterprise,Malaysia,North America,2022-08-25
17657,"Clarke, Vance and Welch",Retail,Mid-Market,Zambia,North America,2024-07-31
17658,Rodriguez Ltd,Retail,Enterprise,Djibouti,Europe,2023-09-26
17659,Shaw-Reed,Manufacturing,SMB,Ghana,North America,2024-09-18
17660,"Gonzales, Mata and Perry",Finance,Mid-Market,Gambia,APAC,2023-07-30
17661,Ruiz-Sherman,Manufacturing,Mid-Market,Dominican Republic,APAC,2025-10-04
17662,Wilson Ltd,Finance,SMB,Saudi Arabia,APAC,2022-06-17
17663,"Rodriguez, Bender and Salazar",Finance,SMB,Bhutan,North America,2026-02-20
17664,"Andrews, Bradley and Li",Manufacturing,Mid-Market,Colombia,APAC,2026-03-22
17665,Baker-Rodriguez,Manufacturing,SMB,Canada,Europe,2025-02-22
17666,Michael-Thomas,Finance,SMB,Canada,North America,2023-08-18
17667,Robertson-Mcmillan,Technology,Mid-Market,Belize,LATAM,2024-07-23
17668,Craig and Sons,Retail,Mid-Market,North Macedonia,APAC,2024-03-12
17669,"Edwards, Hicks and Hampton",Manufacturing,SMB,Iceland,APAC,2022-07-22
17670,"Murphy, Jones and Smith",Retail,Mid-Market,Bhutan,APAC,2024-02-25
17671,Olson-Howard,Retail,Mid-Market,Papua New Guinea,North America,2023-11-16
17672,Powers LLC,Technology,Mid-Market,Cote d'Ivoire,North America,2024-02-14
17673,"Mcmillan, Williams and Robinson",Retail,Mid-Market,South Africa,Europe,2024-11-27
17674,Waters-Davis,Healthcare,SMB,Latvia,APAC,2025-12-05
17675,Thompson-Hill,Technology,Enterprise,Sudan,APAC,2025-07-30
17676,"Mitchell, Graves and Parks",Retail,Mid-Market,Barbados,APAC,2022-07-23
17677,"Tran, Jenkins and Ortiz",Manufacturing,SMB,Martinique,LATAM,2025-07-05
17678,Nguyen-Thompson,Finance,SMB,Niger,North America,2024-03-16
17679,Kennedy-Miller,Manufacturing,Enterprise,Uzbekistan,APAC,2025-09-21
17680,Lopez-Carter,Manufacturing,Mid-Market,Samoa,LATAM,2025-05-16
17681,Rodriguez LLC,Finance,Enterprise,Zambia,Europe,2022-07-01
17682,Chavez-Wilson,Retail,SMB,Kuwait,LATAM,2026-01-20
17683,Snyder PLC,Healthcare,SMB,Reunion,North America,2024-03-04
17684,Moore Inc,Technology,Enterprise,Sierra Leone,Europe,2023-07-06
17685,Hughes-Russell,Technology,Enterprise,Congo,Europe,2022-09-04
17686,"Hawkins, Powell and Barnes",Retail,Enterprise,Madagascar,APAC,2024-12-18
17687,Wolfe-Sanders,Technology,SMB,Estonia,LATAM,2025-10-28
17688,Baker-Moreno,Finance,SMB,Cayman Islands,North America,2024-06-27
17689,Cunningham-Kelley,Retail,SMB,Togo,LATAM,2024-01-04
17690,Brown-Buchanan,Finance,SMB,Benin,North America,2024-10-15
17691,Walker-Rodriguez,Finance,Enterprise,Cambodia,North America,2023-05-26
17692,Foster Ltd,Finance,Mid-Market,Holy See (Vatican City State),APAC,2023-08-30
17693,Smith-Salinas,Retail,Mid-Market,Liechtenstein,LATAM,2024-09-26
17694,Peters-Costa,Retail,Enterprise,Comoros,North America,2026-04-05
17695,"Herman, Phillips and Smith",Healthcare,Enterprise,Congo,APAC,2024-04-13
17696,"Rivera, Rogers and Hernandez",Manufacturing,Mid-Market,Pakistan,APAC,2022-10-19
17697,Pugh LLC,Technology,Enterprise,Georgia,Europe,2024-09-14
17698,Smith Group,Retail,SMB,North Macedonia,APAC,2023-05-03
17699,Perez Ltd,Retail,SMB,Serbia,APAC,2025-05-30
17700,Clark-Webster,Finance,Mid-Market,Somalia,LATAM,2023-10-12
17701,Johnson-Lewis,Manufacturing,Mid-Market,Anguilla,North America,2022-10-24
17702,Thomas Ltd,Manufacturing,Enterprise,Korea,Europe,2022-12-13
17703,"Wilson, Young and Parker",Healthcare,Enterprise,Turkmenistan,North America,2025-12-10
17704,Gonzales and Sons,Retail,SMB,Bhutan,APAC,2024-12-26
17705,Gallegos-Hale,Manufacturing,SMB,Estonia,Europe,2025-04-20
17706,"Miller, Hernandez and Figueroa",Finance,Mid-Market,Georgia,APAC,2022-07-31
17707,Richardson-Delgado,Retail,Mid-Market,Seychelles,APAC,2025-11-21
17708,Conner-Johnson,Finance,SMB,Gibraltar,LATAM,2023-10-23
17709,"Frost, Gonzales and Johnson",Manufacturing,Mid-Market,French Southern Territories,LATAM,2024-12-12
17710,Decker-Hart,Finance,SMB,Togo,Europe,2025-11-23
17711,"Gibbs, Vargas and Martin",Retail,Enterprise,Ireland,APAC,2026-04-18
17712,King Group,Manufacturing,Enterprise,Uganda,Europe,2024-05-22
17713,Hall LLC,Technology,Mid-Market,Palau,APAC,2026-01-31
17714,Maxwell-Ray,Retail,Enterprise,Kyrgyz Republic,Europe,2023-03-08
17715,"Wright, Miranda and Cook",Healthcare,SMB,United States Virgin Islands,Europe,2025-04-04
17716,Sanders Ltd,Manufacturing,Mid-Market,Pitcairn Islands,APAC,2023-02-17
17717,Green Group,Healthcare,Mid-Market,Cameroon,APAC,2022-11-30
17718,Alvarez-Khan,Healthcare,Enterprise,Timor-Leste,LATAM,2025-05-24
17719,"Wang, Jackson and Johnson",Manufacturing,SMB,Papua New Guinea,LATAM,2024-02-24
17720,"Haynes, Tapia and Wheeler",Finance,Enterprise,Heard Island and McDonald Islands,APAC,2025-11-25
17721,"Roth, Lewis and Freeman",Healthcare,Enterprise,Grenada,APAC,2022-06-13
17722,Douglas-Savage,Finance,SMB,Bahamas,LATAM,2025-09-02
17723,Anderson and Sons,Retail,Mid-Market,Luxembourg,Europe,2024-02-22
17724,"Brooks, Smith and Gonzalez",Retail,Enterprise,Pakistan,Europe,2025-10-23
17725,Henderson PLC,Technology,Enterprise,Cook Islands,LATAM,2023-07-28
17726,"Moon, Flores and Medina",Retail,Mid-Market,United Kingdom,LATAM,2023-09-29
17727,"Simmons, Lucas and Smith",Finance,Mid-Market,Uzbekistan,APAC,2023-12-22
17728,Richardson-Kennedy,Retail,SMB,Philippines,LATAM,2024-09-02
17729,Campbell-Cabrera,Healthcare,Mid-Market,Seychelles,APAC,2024-11-16
17730,"Bradford, Patel and Martinez",Finance,Enterprise,Lao People's Democratic Republic,APAC,2023-03-19
17731,Gibson and Sons,Healthcare,Mid-Market,Togo,North America,2024-04-06
17732,Johnson Inc,Retail,Enterprise,El Salvador,LATAM,2023-06-09
17733,"Clark, Silva and Brown",Healthcare,SMB,Pakistan,LATAM,2024-10-27
17734,Martinez Group,Healthcare,Enterprise,Senegal,Europe,2025-12-11
17735,Harvey LLC,Healthcare,SMB,Belarus,LATAM,2025-01-09
17736,Keller-Clark,Finance,SMB,Italy,APAC,2023-07-22
17737,"Gray, Thompson and Bradford",Healthcare,SMB,Kenya,APAC,2023-10-24
17738,"Diaz, Rios and Hayes",Retail,SMB,Nauru,LATAM,2024-09-28
17739,Castro Ltd,Healthcare,Enterprise,Tonga,LATAM,2022-09-14
17740,Torres and Sons,Technology,Mid-Market,Taiwan,APAC,2024-06-20
17741,Luna-Payne,Retail,Mid-Market,Moldova,Europe,2024-04-23
17742,Lewis-Hubbard,Retail,Mid-Market,Nauru,Europe,2022-06-20
17743,"David, Hart and Collins",Retail,Enterprise,Barbados,Europe,2024-11-21
17744,"Williams, Mathews and Campos",Manufacturing,Enterprise,Falkland Islands (Malvinas),LATAM,2023-12-29
17745,Daniels and Sons,Finance,Mid-Market,French Polynesia,APAC,2023-09-20
17746,Rogers LLC,Technology,Mid-Market,Yemen,Europe,2025-06-11
17747,Ramos-Booth,Manufacturing,Enterprise,Morocco,APAC,2023-09-10
17748,"Phillips, Wells and Rhodes",Manufacturing,SMB,Niger,LATAM,2025-05-12
17749,Lucas Inc,Manufacturing,SMB,Chile,APAC,2024-04-30
17750,"Levine, Weber and Beck",Manufacturing,Enterprise,Monaco,LATAM,2024-12-22
17751,Barrera-Gould,Retail,SMB,Slovenia,LATAM,2025-08-16
17752,Smith-Rice,Healthcare,Mid-Market,Senegal,Europe,2026-03-09
17753,"Villa, Murphy and Carter",Technology,Enterprise,Lao People's Democratic Republic,LATAM,2023-05-05
17754,"Patterson, Martin and Hale",Retail,SMB,Peru,Europe,2024-03-06
17755,Wong Ltd,Manufacturing,Enterprise,Puerto Rico,North America,2025-08-22
17756,"Thornton, Brown and Garza",Manufacturing,Enterprise,Timor-Leste,Europe,2023-09-27
17757,"Moore, Phillips and Krause",Manufacturing,SMB,Western Sahara,Europe,2023-05-17
17758,Webb-Gonzalez,Healthcare,Mid-Market,Slovenia,North America,2023-02-12
17759,Barnes-Ford,Technology,Mid-Market,Honduras,LATAM,2024-09-14
17760,"Downs, Elliott and Smith",Technology,Mid-Market,Mayotte,APAC,2024-02-19
17761,Bentley PLC,Retail,Mid-Market,Georgia,North America,2022-07-30
17762,"Macdonald, Blake and Sweeney",Retail,Mid-Market,Bahamas,LATAM,2024-10-09
17763,Beard PLC,Retail,Enterprise,Guyana,Europe,2023-04-02
17764,Bentley PLC,Technology,Mid-Market,Finland,APAC,2022-11-19
17765,Ortiz and Sons,Manufacturing,Mid-Market,Bolivia,APAC,2024-05-07
17766,"Rodriguez, Lopez and Velazquez",Healthcare,Mid-Market,Liechtenstein,APAC,2024-09-08
17767,"Smith, Padilla and Pennington",Healthcare,SMB,Puerto Rico,APAC,2024-11-16
17768,Lynch and Sons,Retail,SMB,Bahrain,North America,2026-03-24
17769,Cook and Sons,Technology,SMB,Tokelau,Europe,2026-04-29
17770,Hill-Cox,Retail,SMB,French Polynesia,APAC,2022-11-21
17771,"Hunt, Brown and Brown",Healthcare,SMB,Yemen,Europe,2025-05-22
17772,Galvan-Donaldson,Retail,SMB,Dominica,APAC,2025-06-25
17773,Mora-Barnes,Technology,Mid-Market,Brunei Darussalam,LATAM,2022-07-05
17774,"Morales, Henderson and Young",Retail,Mid-Market,Panama,LATAM,2024-08-23
17775,Lee LLC,Retail,SMB,Denmark,LATAM,2022-09-28
17776,Rodgers and Sons,Manufacturing,Mid-Market,Libyan Arab Jamahiriya,LATAM,2024-03-12
17777,"Ryan, Frank and Caldwell",Manufacturing,Enterprise,Sudan,North America,2026-04-17
17778,Harris Ltd,Technology,Mid-Market,Georgia,LATAM,2024-01-09
17779,"Pittman, Ritter and Sanders",Healthcare,Mid-Market,Greece,Europe,2024-07-06
17780,Brooks-Mooney,Retail,SMB,Central African Republic,North America,2025-10-17
17781,"Ross, Flores and Edwards",Technology,Enterprise,Malawi,APAC,2024-10-16
17782,Thomas LLC,Healthcare,Enterprise,Bangladesh,North America,2024-09-25
17783,"Lewis, Jones and Padilla",Finance,Enterprise,Germany,LATAM,2023-12-21
17784,Smith Group,Healthcare,Mid-Market,Dominica,Europe,2023-02-19
17785,Nguyen-Williams,Healthcare,SMB,Lebanon,APAC,2023-02-21
17786,"Craig, Woods and Shaffer",Finance,SMB,Guinea-Bissau,North America,2024-12-28
17787,"Fleming, Knapp and Walton",Manufacturing,Mid-Market,Maldives,North America,2023-07-20
17788,Gordon PLC,Healthcare,Enterprise,Namibia,APAC,2025-11-19
17789,"Kemp, Hernandez and Maddox",Finance,SMB,Bosnia and Herzegovina,LATAM,2023-12-10
17790,Larson-Jackson,Retail,Mid-Market,Netherlands,Europe,2023-04-25
17791,"Holmes, Hebert and Butler",Technology,Mid-Market,French Polynesia,LATAM,2023-01-09
17792,White-Harrison,Technology,SMB,Singapore,Europe,2022-06-17
17793,Shaffer-Sanders,Retail,Enterprise,Latvia,Europe,2025-03-11
17794,Watkins LLC,Finance,SMB,Guatemala,LATAM,2025-11-07
17795,Watson-Evans,Retail,Mid-Market,Syrian Arab Republic,LATAM,2022-08-02
17796,Ayala-Vaughn,Retail,Mid-Market,Luxembourg,APAC,2024-12-19
17797,Gonzalez-Short,Healthcare,Mid-Market,El Salvador,LATAM,2025-08-19
17798,Melton-Hamilton,Retail,Enterprise,Yemen,Europe,2025-06-28
17799,"Erickson, Warren and Cochran",Technology,Mid-Market,Wallis and Futuna,APAC,2022-06-29
17800,Joseph Inc,Finance,SMB,Libyan Arab Jamahiriya,APAC,2024-03-19
17801,Morse LLC,Healthcare,Enterprise,Bouvet Island (Bouvetoya),LATAM,2026-03-20
17802,"Roth, Morris and Young",Finance,Mid-Market,Czech Republic,LATAM,2023-07-30
17803,Gray-Summers,Finance,Enterprise,El Salvador,APAC,2024-07-02
17804,"Jones, Parsons and Mcdonald",Technology,Enterprise,Gibraltar,LATAM,2024-10-05
17805,"Rodriguez, Williams and Cameron",Technology,Enterprise,Argentina,APAC,2025-03-06
17806,Mullen PLC,Healthcare,SMB,New Zealand,APAC,2025-02-20
17807,Bryant-Pierce,Retail,Mid-Market,Egypt,Europe,2026-02-24
17808,Golden PLC,Finance,SMB,Jersey,North America,2024-08-30
17809,"Cantu, Smith and Miller",Manufacturing,Enterprise,Albania,North America,2023-11-03
17810,"Small, Gomez and Lang",Healthcare,Enterprise,San Marino,North America,2024-01-18
17811,Marquez PLC,Manufacturing,Enterprise,Greece,North America,2024-09-03
17812,"Ponce, Cook and White",Manufacturing,Mid-Market,Congo,APAC,2022-11-24
17813,"Gomez, Campbell and Davenport",Technology,SMB,Svalbard & Jan Mayen Islands,LATAM,2022-10-06
17814,Hinton Ltd,Manufacturing,Enterprise,Palestinian Territory,APAC,2024-12-16
17815,Padilla Inc,Healthcare,Mid-Market,Canada,Europe,2026-01-07
17816,"Baker, Riley and Brown",Manufacturing,Enterprise,Nauru,APAC,2023-05-05
17817,Graham-Simmons,Retail,Enterprise,Estonia,North America,2026-04-18
17818,"Thompson, Martin and House",Technology,Mid-Market,Dominican Republic,LATAM,2025-02-04
17819,King-Nichols,Healthcare,SMB,Pakistan,North America,2026-05-17
17820,Moore-Barker,Retail,Enterprise,Singapore,LATAM,2023-05-19
17821,Walker-Carson,Manufacturing,Enterprise,Korea,Europe,2025-06-15
17822,"Mccall, Cherry and West",Retail,SMB,Venezuela,LATAM,2024-07-09
17823,Mathews-Delacruz,Retail,SMB,Guadeloupe,Europe,2025-12-13
17824,Mcdaniel and Sons,Manufacturing,Mid-Market,Saint Helena,LATAM,2025-11-19
17825,Brown-Torres,Finance,SMB,Switzerland,APAC,2023-04-21
17826,"Krueger, Mason and Pope",Technology,SMB,Slovakia (Slovak Republic),LATAM,2025-07-29
17827,Norris and Sons,Finance,Enterprise,Switzerland,North America,2025-07-29
17828,"Johnson, Mckay and Johnson",Retail,Mid-Market,Cyprus,North America,2022-09-29
17829,"Alvarez, Lewis and Singleton",Retail,Mid-Market,Isle of Man,North America,2023-09-02
17830,"Bishop, Thomas and Zhang",Finance,Mid-Market,Uganda,North America,2023-12-23
17831,Lawrence PLC,Finance,Mid-Market,Kenya,APAC,2026-05-16
17832,"Bernard, Ward and Hansen",Finance,Mid-Market,Guatemala,North America,2023-04-06
17833,"Knight, Pineda and Hernandez",Healthcare,Mid-Market,Rwanda,LATAM,2022-11-13
17834,Kelly PLC,Healthcare,Enterprise,Malta,North America,2023-04-12
17835,"Arellano, Kirk and Villa",Technology,Enterprise,Zimbabwe,Europe,2023-10-24
17836,Smith Ltd,Technology,Enterprise,Saint Lucia,LATAM,2023-05-28
17837,Cook-Weber,Healthcare,Enterprise,Kenya,APAC,2022-09-07
17838,Cline Group,Retail,SMB,Singapore,LATAM,2024-01-29
17839,Rich Ltd,Technology,Enterprise,Norway,LATAM,2024-06-09
17840,Bradley-Martinez,Manufacturing,SMB,New Caledonia,North America,2025-04-03
17841,Johnson Group,Manufacturing,Enterprise,Guadeloupe,APAC,2023-07-24
17842,"Ryan, Burns and Martinez",Healthcare,SMB,Vietnam,APAC,2024-06-30
17843,"Davenport, Allen and Jackson",Retail,Mid-Market,Maldives,APAC,2024-11-14
17844,Evans PLC,Finance,SMB,Germany,APAC,2024-11-09
17845,"Fuller, Torres and Walls",Retail,Enterprise,Algeria,APAC,2026-03-19
17846,"Powell, Ford and Frye",Finance,Mid-Market,Jordan,LATAM,2022-10-14
17847,Davis-Burton,Retail,Mid-Market,Botswana,North America,2024-02-06
17848,"Hawkins, Fleming and Howard",Manufacturing,Mid-Market,Mexico,Europe,2024-05-08
17849,Shelton-Schneider,Finance,Enterprise,Congo,APAC,2025-04-10
17850,Tran Inc,Manufacturing,Enterprise,Colombia,Europe,2024-10-31
17851,Mcclain Inc,Manufacturing,Mid-Market,Indonesia,LATAM,2025-04-03
17852,Lyons Group,Finance,SMB,Georgia,Europe,2024-07-13
17853,Vargas-Martin,Finance,Enterprise,Honduras,LATAM,2024-12-19
17854,Wheeler-Farmer,Finance,Enterprise,Anguilla,LATAM,2024-05-02
17855,"Rogers, Miller and Cunningham",Manufacturing,Mid-Market,Latvia,Europe,2023-08-16
17856,Patterson Group,Healthcare,Enterprise,Paraguay,APAC,2025-09-06
17857,Roberts Group,Healthcare,SMB,American Samoa,Europe,2025-07-09
17858,Brewer-Mann,Retail,Mid-Market,Cyprus,LATAM,2025-11-28
17859,"Mcintosh, Riley and Weaver",Finance,Enterprise,Brunei Darussalam,APAC,2023-08-04
17860,Gonzalez and Sons,Manufacturing,Enterprise,Malta,LATAM,2024-07-10
17861,"Jennings, Daniels and Burns",Technology,Mid-Market,Moldova,North America,2024-05-08
17862,"Miller, Reed and Zimmerman",Manufacturing,SMB,Zambia,North America,2024-10-09
17863,"Harris, Reed and Jones",Healthcare,Mid-Market,Russian Federation,North America,2025-11-06
17864,"Leon, Friedman and Pearson",Technology,SMB,Chad,North America,2024-07-18
17865,Zavala Group,Technology,Enterprise,Cambodia,LATAM,2024-04-18
17866,"Shaw, Ferguson and Dickson",Retail,SMB,Sri Lanka,North America,2023-07-14
17867,Lopez PLC,Finance,SMB,Malta,North America,2024-07-13
17868,"David, Jackson and Turner",Retail,Enterprise,Mexico,Europe,2024-03-18
17869,"Gray, Marshall and Williams",Technology,SMB,Bouvet Island (Bouvetoya),North America,2023-02-09
17870,"Webb, Collins and Patrick",Manufacturing,SMB,Canada,APAC,2024-12-10
17871,Walker PLC,Finance,SMB,Poland,LATAM,2022-07-02
17872,"Burke, Gordon and Fisher",Healthcare,Enterprise,Bahrain,LATAM,2022-08-10
17873,Parks Inc,Finance,Mid-Market,Japan,LATAM,2023-12-07
17874,"Castaneda, Schultz and Smith",Technology,SMB,United States of America,APAC,2024-08-27
17875,Scott-Adkins,Healthcare,Enterprise,Denmark,LATAM,2025-03-28
17876,Rodriguez Ltd,Technology,Enterprise,Tokelau,North America,2024-07-02
17877,Pope-Brown,Finance,SMB,Kenya,North America,2024-01-26
17878,Henry PLC,Manufacturing,SMB,Vietnam,Europe,2025-12-04
17879,"Scott, Lewis and Hill",Healthcare,SMB,San Marino,LATAM,2022-11-10
17880,"Taylor, Watkins and Hall",Technology,Mid-Market,Denmark,LATAM,2025-01-30
17881,"Ramirez, Frye and Gonzales",Retail,Enterprise,Zambia,APAC,2023-03-10
17882,Weiss-Perez,Technology,Mid-Market,Ireland,Europe,2026-01-28
17883,Odonnell-Smith,Technology,Mid-Market,Tonga,LATAM,2024-03-11
17884,Morris Ltd,Healthcare,SMB,Bulgaria,APAC,2024-05-26
17885,Hansen Ltd,Manufacturing,SMB,Tuvalu,Europe,2023-10-27
17886,Smith-Grant,Technology,Mid-Market,Trinidad and Tobago,Europe,2024-12-25
17887,Robinson Ltd,Manufacturing,Enterprise,Comoros,LATAM,2025-10-23
17888,Barrett Ltd,Technology,Mid-Market,Vietnam,APAC,2023-01-21
17889,Moore-Salazar,Healthcare,Enterprise,Reunion,APAC,2023-10-26
17890,Myers-Pena,Technology,Mid-Market,Saint Pierre and Miquelon,APAC,2023-12-28
17891,"Lawson, Rasmussen and Berry",Manufacturing,SMB,Bulgaria,North America,2025-02-07
17892,Goodman PLC,Finance,Mid-Market,Aruba,LATAM,2023-03-29
17893,Kim-Miller,Manufacturing,SMB,Bulgaria,APAC,2026-02-25
17894,Trevino-Mullins,Healthcare,Enterprise,Chile,North America,2026-02-22
17895,"Cabrera, Webb and Gonzalez",Healthcare,Enterprise,Spain,North America,2026-01-10
17896,"Kidd, Bates and King",Finance,Enterprise,Swaziland,APAC,2022-06-11
17897,Graham Ltd,Retail,Enterprise,Chile,APAC,2023-08-25
17898,Hernandez-Moore,Finance,Mid-Market,Finland,North America,2026-02-23
17899,Hoffman-Park,Healthcare,Mid-Market,New Caledonia,LATAM,2024-11-27
17900,"Jones, Morales and Trevino",Technology,Mid-Market,Isle of Man,North America,2025-01-16
17901,Parks and Sons,Technology,Enterprise,Guadeloupe,APAC,2023-02-18
17902,"Ryan, Chaney and Thompson",Manufacturing,SMB,China,Europe,2026-04-28
17903,"Martinez, Moran and George",Retail,Enterprise,Tuvalu,APAC,2023-08-26
17904,Ruiz-Mckenzie,Retail,Mid-Market,Burundi,North America,2024-05-25
17905,"Wolf, Rosario and Jones",Retail,SMB,Puerto Rico,APAC,2023-11-08
17906,Wright Inc,Finance,SMB,Oman,APAC,2024-08-15
17907,"Marsh, Armstrong and Garcia",Technology,Mid-Market,Mongolia,Europe,2023-10-12
17908,"Evans, Mccormick and Buchanan",Technology,Mid-Market,Togo,Europe,2022-08-07
17909,Everett Group,Manufacturing,Mid-Market,Bulgaria,LATAM,2024-06-21
17910,"Santiago, Dorsey and Oneill",Retail,Mid-Market,Netherlands,Europe,2024-06-04
17911,Wagner-Russell,Healthcare,Mid-Market,Greenland,LATAM,2024-09-04
17912,Lane-Armstrong,Finance,SMB,Poland,LATAM,2023-04-26
17913,"Baker, Wyatt and Jones",Finance,Mid-Market,Madagascar,Europe,2023-02-14
17914,Macias-Howard,Technology,Enterprise,Reunion,APAC,2022-11-19
17915,Riley Ltd,Manufacturing,SMB,Solomon Islands,APAC,2025-10-29
17916,Grant-Fuller,Finance,Mid-Market,Albania,APAC,2022-12-07
17917,Jones LLC,Healthcare,Enterprise,Italy,APAC,2023-04-15
17918,"Jacobs, Oliver and Mcknight",Technology,SMB,Cocos (Keeling) Islands,LATAM,2026-01-30
17919,"Cameron, Brown and Warner",Healthcare,Mid-Market,Nauru,Europe,2026-03-24
17920,Dixon Inc,Technology,SMB,Lesotho,Europe,2023-03-12
17921,Moore-Bell,Healthcare,Enterprise,North Macedonia,North America,2025-10-01
17922,Schaefer PLC,Retail,Mid-Market,Macao,North America,2022-10-02
17923,Lopez Inc,Healthcare,Mid-Market,Spain,North America,2026-01-28
17924,Dalton LLC,Healthcare,Mid-Market,Saint Pierre and Miquelon,LATAM,2023-10-15
17925,Adams PLC,Finance,Enterprise,Aruba,North America,2025-03-14
17926,Wilson-Swanson,Healthcare,Enterprise,Kyrgyz Republic,APAC,2024-07-23
17927,"Chambers, Myers and Carlson",Finance,SMB,Turks and Caicos Islands,APAC,2023-10-20
17928,"Robbins, Kennedy and Gray",Retail,SMB,Swaziland,APAC,2023-09-22
17929,"Johnson, Hartman and Horton",Healthcare,SMB,Christmas Island,North America,2024-04-04
17930,Clark-Mcdaniel,Technology,Enterprise,Denmark,LATAM,2024-12-02
17931,Mcbride Group,Finance,SMB,Iraq,LATAM,2025-06-16
17932,"Reese, Phelps and Fisher",Retail,Enterprise,Burkina Faso,APAC,2023-09-13
17933,"Hernandez, Gilbert and Adkins",Healthcare,Mid-Market,Equatorial Guinea,North America,2024-03-02
17934,Glover Inc,Healthcare,Enterprise,Gibraltar,APAC,2023-03-14
17935,"Wilson, Adams and Wells",Healthcare,Enterprise,Armenia,APAC,2022-08-31
17936,Vazquez-Tate,Manufacturing,Enterprise,Cocos (Keeling) Islands,North America,2023-03-06
17937,"Marshall, Thomas and Ford",Finance,Enterprise,Guatemala,LATAM,2023-03-08
17938,Wright-Cooper,Technology,SMB,Netherlands Antilles,North America,2025-04-23
17939,Knight Inc,Finance,Mid-Market,Bhutan,APAC,2024-02-21
17940,Mitchell-Arroyo,Retail,Enterprise,Guam,North America,2023-10-22
17941,Mitchell LLC,Retail,SMB,Israel,Europe,2024-10-19
17942,"Rich, Burke and Espinoza",Manufacturing,Enterprise,Bahamas,Europe,2025-01-10
17943,"Johnson, Turner and Adams",Healthcare,Enterprise,Cyprus,LATAM,2024-05-09
17944,Lewis-Johnson,Finance,Mid-Market,India,APAC,2026-05-19
17945,Mendez-Rodriguez,Manufacturing,SMB,Guam,Europe,2024-06-16
17946,Beck and Sons,Manufacturing,SMB,Pitcairn Islands,APAC,2022-06-23
17947,Robinson-Garcia,Retail,Mid-Market,Bosnia and Herzegovina,LATAM,2023-03-24
17948,Lawrence PLC,Finance,Enterprise,Peru,LATAM,2025-05-04
17949,Williams-Black,Finance,SMB,Niger,LATAM,2024-07-10
17950,"Craig, Lee and Cherry",Finance,Mid-Market,Romania,LATAM,2025-10-04
17951,"Bolton, Williams and Haynes",Finance,SMB,San Marino,LATAM,2025-04-06
17952,Ryan Group,Finance,Mid-Market,Papua New Guinea,North America,2023-07-30
17953,Oneal Group,Manufacturing,Enterprise,Mali,LATAM,2023-02-24
17954,"Russell, Green and Humphrey",Manufacturing,Mid-Market,Niue,LATAM,2022-12-08
17955,Brown-Miller,Retail,Enterprise,Jersey,Europe,2023-06-06
17956,Holloway-Reid,Manufacturing,SMB,Guinea,APAC,2025-05-14
17957,Ward Inc,Technology,Enterprise,United Kingdom,North America,2023-02-21
17958,Williams-Keller,Technology,Enterprise,Haiti,APAC,2023-10-09
17959,Villa-Blankenship,Finance,Mid-Market,Bulgaria,LATAM,2024-05-23
17960,Garrett PLC,Retail,SMB,Montenegro,LATAM,2023-06-17
17961,Wang-Daniels,Healthcare,Enterprise,Kyrgyz Republic,Europe,2022-08-12
17962,Young Inc,Technology,SMB,Brazil,APAC,2025-04-11
17963,"Wu, Blair and Baker",Finance,Mid-Market,Cote d'Ivoire,North America,2025-02-22
17964,Green-Gilbert,Manufacturing,SMB,Palestinian Territory,Europe,2023-10-31
17965,Wyatt-Allen,Finance,Enterprise,Saint Helena,Europe,2024-07-25
17966,Baxter Inc,Manufacturing,Enterprise,Sierra Leone,North America,2025-05-08
17967,Anderson Ltd,Retail,Mid-Market,Cook Islands,Europe,2023-12-05
17968,"Warner, Holt and James",Technology,Enterprise,Bouvet Island (Bouvetoya),North America,2025-03-27
17969,Cisneros-Baldwin,Finance,SMB,Aruba,Europe,2026-01-06
17970,Daniels-Fitzgerald,Manufacturing,Mid-Market,Saint Vincent and the Grenadines,LATAM,2024-11-05
17971,Farmer and Sons,Retail,Enterprise,Bangladesh,LATAM,2023-12-10
17972,Miller-Hall,Retail,SMB,Cuba,North America,2022-10-14
17973,"Mcdaniel, Davis and Perkins",Finance,SMB,Saint Lucia,APAC,2023-12-14
17974,Ferrell PLC,Healthcare,SMB,Micronesia,LATAM,2023-04-03
17975,"Paul, Higgins and Patel",Manufacturing,SMB,Sweden,Europe,2026-05-02
17976,Roberts-Zavala,Technology,SMB,Luxembourg,LATAM,2026-03-20
17977,Carroll PLC,Retail,Enterprise,Bangladesh,Europe,2025-01-25
17978,"Hayes, Vaughn and Burgess",Manufacturing,Enterprise,Solomon Islands,APAC,2022-08-19
17979,Bishop-Harrison,Technology,SMB,Kazakhstan,North America,2025-10-13
17980,Bradley-Duncan,Manufacturing,SMB,Netherlands,APAC,2023-06-07
17981,Aguilar Inc,Retail,SMB,Hong Kong,APAC,2024-09-08
17982,Davis-Hamilton,Retail,SMB,Albania,Europe,2024-01-19
17983,Benjamin-Reynolds,Healthcare,SMB,Chile,Europe,2024-04-15
17984,Morris-Howard,Technology,Enterprise,Saint Kitts and Nevis,North America,2025-02-12
17985,White Group,Retail,SMB,Congo,APAC,2025-10-25
17986,Arnold-Wade,Manufacturing,Enterprise,Seychelles,APAC,2025-12-23
17987,Pierce-Moore,Manufacturing,Enterprise,Myanmar,LATAM,2025-06-08
17988,Lamb Group,Finance,SMB,Lao People's Democratic Republic,LATAM,2023-05-19
17989,Spencer Group,Technology,Mid-Market,Gambia,North America,2022-10-12
17990,Anderson Ltd,Finance,Enterprise,New Caledonia,North America,2025-05-06
17991,"Hill, Sanchez and Jones",Finance,Mid-Market,Vanuatu,LATAM,2025-08-23
17992,Combs-Williams,Retail,Enterprise,Equatorial Guinea,North America,2023-10-01
17993,Rose-Lopez,Manufacturing,Mid-Market,Germany,Europe,2022-12-12
17994,Smith-Howard,Manufacturing,Enterprise,Bouvet Island (Bouvetoya),LATAM,2022-11-29
17995,"Nixon, Jones and White",Technology,Enterprise,Jordan,APAC,2023-02-16
17996,Hoffman-Miller,Finance,SMB,Egypt,Europe,2026-05-12
17997,"Wilson, Sims and Jones",Retail,SMB,Haiti,LATAM,2025-11-19
17998,"Reeves, Jones and Jordan",Healthcare,SMB,Slovakia (Slovak Republic),North America,2023-06-07
17999,Grimes and Sons,Manufacturing,SMB,Qatar,APAC,2025-05-24
18000,Newton LLC,Manufacturing,SMB,Jersey,APAC,2026-01-02
18001,"Cruz, Figueroa and Freeman",Manufacturing,Mid-Market,Hong Kong,Europe,2023-12-06
18002,"Hester, Smith and Dean",Manufacturing,Enterprise,Cape Verde,APAC,2025-05-07
18003,Phillips and Sons,Retail,SMB,Turkmenistan,Europe,2022-09-17
18004,"Cox, Rhodes and Phillips",Finance,SMB,Slovakia (Slovak Republic),APAC,2023-01-20
18005,Crawford PLC,Retail,Mid-Market,United Kingdom,APAC,2022-06-23
18006,Beasley Ltd,Finance,Enterprise,Palau,APAC,2024-08-08
18007,Mccoy and Sons,Technology,Enterprise,British Indian Ocean Territory (Chagos Archipelago),Europe,2023-01-16
18008,Simpson Ltd,Retail,SMB,Dominican Republic,North America,2022-08-10
18009,Guerrero-Good,Healthcare,SMB,Azerbaijan,APAC,2022-06-24
18010,Fleming Inc,Finance,Mid-Market,Zambia,Europe,2025-01-25
18011,Casey-Moon,Healthcare,Mid-Market,Christmas Island,North America,2025-12-16
18012,"Carr, Goodman and Phelps",Healthcare,SMB,Gibraltar,LATAM,2022-11-28
18013,Roberts and Sons,Manufacturing,SMB,Bulgaria,APAC,2022-11-17
18014,"Sullivan, Price and Landry",Manufacturing,Mid-Market,United States Virgin Islands,Europe,2022-11-28
18015,Perez and Sons,Retail,SMB,Togo,Europe,2024-12-12
18016,Padilla-Brown,Healthcare,Enterprise,Swaziland,APAC,2024-02-03
18017,"Mooney, Wolfe and Martin",Manufacturing,Mid-Market,San Marino,APAC,2026-03-18
18018,"Orozco, Lee and Ayala",Technology,Enterprise,Czech Republic,APAC,2024-03-05
18019,Parker Group,Manufacturing,Enterprise,United Kingdom,Europe,2025-03-23
18020,"Garcia, Taylor and Johnson",Manufacturing,SMB,Saint Pierre and Miquelon,Europe,2026-01-26
18021,Perez-Oneill,Retail,Enterprise,Papua New Guinea,North America,2025-11-08
18022,Davila-Johnson,Finance,Mid-Market,Croatia,LATAM,2022-09-01
18023,Mercer LLC,Retail,Mid-Market,Burundi,LATAM,2022-11-10
18024,"Clark, Terry and Miller",Healthcare,Enterprise,Lithuania,APAC,2023-03-19
18025,"Brandt, Lewis and Herrera",Technology,Mid-Market,Andorra,Europe,2025-04-16
18026,Walker-Parker,Finance,Mid-Market,Saint Helena,North America,2024-03-22
18027,Hansen LLC,Manufacturing,Mid-Market,Dominica,LATAM,2026-03-30
18028,Cline and Sons,Healthcare,Enterprise,Liberia,APAC,2022-06-14
18029,"Nielsen, Murphy and Flores",Healthcare,Enterprise,Monaco,APAC,2024-04-15
18030,Patel and Sons,Healthcare,Enterprise,Namibia,APAC,2022-11-14
18031,Sanders LLC,Technology,SMB,North Macedonia,Europe,2023-10-26
18032,Espinoza and Sons,Technology,SMB,Namibia,Europe,2023-10-14
18033,Parker-Rivers,Healthcare,SMB,Sao Tome and Principe,North America,2025-01-28
18034,"Thomas, Grant and Krause",Technology,Enterprise,Mauritius,North America,2022-07-29
18035,Johnson Ltd,Technology,Mid-Market,Saint Martin,LATAM,2026-02-21
18036,Alvarado-Luna,Manufacturing,SMB,Mayotte,North America,2024-10-07
18037,"Jackson, Mcgrath and Evans",Manufacturing,Mid-Market,Monaco,LATAM,2025-01-21
18038,Hernandez and Sons,Technology,Enterprise,New Caledonia,North America,2025-10-06
18039,Moody and Sons,Finance,SMB,Palestinian Territory,North America,2026-01-24
18040,"Jensen, Floyd and Spence",Finance,Enterprise,Puerto Rico,Europe,2023-08-28
18041,Park-Nguyen,Retail,Mid-Market,Mayotte,LATAM,2025-02-15
18042,"Alexander, Grimes and Page",Technology,SMB,Anguilla,LATAM,2025-04-06
18043,Wright-King,Healthcare,Mid-Market,Aruba,Europe,2024-08-25
18044,"Cunningham, Duffy and Gonzalez",Finance,Enterprise,Central African Republic,North America,2023-05-20
18045,"Gibbs, Phillips and Singh",Finance,SMB,Kiribati,APAC,2025-07-04
18046,Sellers Inc,Healthcare,Enterprise,Czech Republic,APAC,2024-01-20
18047,Cooper Ltd,Healthcare,Enterprise,Equatorial Guinea,APAC,2025-09-03
18048,Macdonald Ltd,Retail,Mid-Market,Cote d'Ivoire,North America,2023-06-10
18049,Hernandez-Bryan,Technology,Mid-Market,Australia,LATAM,2024-11-14
18050,Walton-Merritt,Retail,Enterprise,Martinique,APAC,2026-02-26
18051,Frazier-Ali,Retail,SMB,Timor-Leste,Europe,2024-03-21
18052,"Bailey, Boyd and Rhodes",Finance,Mid-Market,Uganda,Europe,2024-08-31
18053,Hernandez and Sons,Finance,SMB,Malta,Europe,2023-08-26
18054,Williams Inc,Manufacturing,SMB,Malawi,North America,2025-06-08
18055,Villegas Group,Technology,SMB,Costa Rica,North America,2025-06-15
18056,Osborn-Contreras,Technology,Mid-Market,Spain,APAC,2022-12-22
18057,"Buckley, Evans and Jordan",Finance,Mid-Market,Togo,North America,2024-11-18
18058,"Murphy, Hernandez and Miller",Finance,SMB,Panama,North America,2024-04-30
18059,"Parker, Hall and Nunez",Healthcare,SMB,Guinea-Bissau,LATAM,2024-03-21
18060,Carlson-Delgado,Healthcare,Enterprise,Saint Lucia,LATAM,2025-11-23
18061,Butler-Richards,Healthcare,Enterprise,Australia,North America,2024-10-13
18062,Wang PLC,Healthcare,Mid-Market,Bangladesh,LATAM,2023-05-23
18063,Deleon and Sons,Manufacturing,SMB,Italy,North America,2025-02-28
18064,Bailey Ltd,Healthcare,Enterprise,Lesotho,APAC,2026-05-24
18065,Webster-Davis,Finance,Mid-Market,Micronesia,North America,2025-08-02
18066,Carlson Inc,Manufacturing,Mid-Market,Lithuania,APAC,2025-11-22
18067,"Mclean, Fox and Williams",Technology,SMB,Samoa,LATAM,2025-03-05
18068,"Jones, Henderson and Nguyen",Technology,Enterprise,Norfolk Island,Europe,2026-05-14
18069,Martin-Martinez,Finance,Enterprise,Kazakhstan,LATAM,2025-08-20
18070,Stanley-Murray,Finance,Mid-Market,Ukraine,APAC,2023-05-24
18071,Hester Inc,Technology,Mid-Market,Vanuatu,APAC,2023-12-30
18072,Meza Ltd,Retail,Mid-Market,French Polynesia,Europe,2024-01-17
18073,"Erickson, Mcgee and Robinson",Healthcare,Mid-Market,Mali,APAC,2024-06-14
18074,Chavez-Vargas,Healthcare,Mid-Market,Andorra,APAC,2025-09-01
18075,"Fuller, Brown and Kirby",Manufacturing,Enterprise,Kyrgyz Republic,LATAM,2023-05-02
18076,Ross Group,Technology,SMB,Cape Verde,APAC,2026-03-07
18077,"Alexander, Graves and Allen",Finance,Mid-Market,Palau,North America,2025-12-11
18078,Smith Inc,Manufacturing,Enterprise,Cocos (Keeling) Islands,APAC,2025-08-13
18079,"Clay, Bradley and Swanson",Manufacturing,SMB,Peru,LATAM,2024-02-28
18080,Greene-Turner,Retail,Mid-Market,Denmark,APAC,2023-10-13
18081,Solomon PLC,Retail,SMB,Guatemala,North America,2022-08-12
18082,Lopez Ltd,Retail,Enterprise,Iceland,LATAM,2025-02-15
18083,"Martinez, Hernandez and Johnson",Finance,SMB,Czech Republic,LATAM,2025-12-30
18084,Taylor-Williams,Technology,SMB,Zambia,LATAM,2025-09-18
18085,Haley-Saunders,Finance,Enterprise,Pakistan,LATAM,2025-11-22
18086,"Moon, Williams and Ferrell",Manufacturing,Mid-Market,Korea,APAC,2024-05-29
18087,Smith LLC,Healthcare,Enterprise,Montenegro,APAC,2022-07-04
18088,Rogers and Sons,Healthcare,Mid-Market,Reunion,APAC,2023-07-02
18089,"Ward, Morris and Johnston",Manufacturing,Enterprise,Peru,LATAM,2022-10-19
18090,Riddle-Day,Healthcare,Enterprise,Czech Republic,North America,2023-07-06
18091,Mendoza-Barnes,Healthcare,Enterprise,Tonga,North America,2022-11-24
18092,Cervantes-Brown,Finance,SMB,Botswana,APAC,2026-01-25
18093,Thompson LLC,Technology,Mid-Market,Denmark,North America,2025-03-11
18094,"Fernandez, Mitchell and Washington",Finance,Enterprise,Antigua and Barbuda,APAC,2025-10-07
18095,"Williams, Chapman and Cohen",Retail,Enterprise,Norway,APAC,2023-02-13
18096,"Garcia, Hill and Hancock",Manufacturing,Mid-Market,Reunion,Europe,2024-10-09
18097,Mitchell-Olson,Technology,SMB,Gabon,APAC,2023-02-12
18098,Moore Group,Healthcare,Mid-Market,Guam,APAC,2024-07-09
18099,"Brooks, Wright and Kim",Finance,Mid-Market,Tokelau,APAC,2023-10-22
18100,Stout PLC,Retail,Mid-Market,Solomon Islands,Europe,2024-06-18
18101,Hill-Ballard,Technology,Enterprise,China,APAC,2024-11-03
18102,"Le, Watson and Flores",Technology,Enterprise,Saint Martin,North America,2025-07-28
18103,"Smith, Mckenzie and Johnson",Manufacturing,Enterprise,Iraq,North America,2022-12-13
18104,"Martinez, Key and King",Technology,SMB,Qatar,Europe,2023-04-03
18105,Phillips-Singleton,Manufacturing,Enterprise,Cuba,North America,2024-02-03
18106,"Henderson, Barnett and Hansen",Retail,Enterprise,Argentina,LATAM,2024-06-23
18107,Mckenzie-Chavez,Healthcare,Enterprise,Vanuatu,North America,2024-11-11
18108,Mejia-Castro,Healthcare,Mid-Market,American Samoa,Europe,2024-01-09
18109,"Castro, Campbell and Johnson",Manufacturing,Enterprise,Anguilla,North America,2024-10-19
18110,Spencer-Davis,Manufacturing,Mid-Market,Pitcairn Islands,North America,2025-09-13
18111,Turner Ltd,Healthcare,Enterprise,Morocco,North America,2022-06-23
18112,"Franco, Taylor and Petersen",Technology,Mid-Market,Uruguay,Europe,2024-10-29
18113,Medina-Young,Finance,SMB,Bouvet Island (Bouvetoya),LATAM,2024-03-10
18114,Black Ltd,Technology,Enterprise,Sweden,North America,2023-08-19
18115,Rodriguez-Taylor,Retail,Mid-Market,Reunion,LATAM,2022-11-11
18116,Sanders-Taylor,Technology,Enterprise,Hong Kong,LATAM,2022-07-10
18117,"Conner, Phillips and Ritter",Healthcare,SMB,United States Minor Outlying Islands,LATAM,2025-01-25
18118,Graham LLC,Finance,Enterprise,Myanmar,Europe,2023-07-13
18119,"Cobb, Williams and Morse",Finance,Mid-Market,Paraguay,APAC,2024-02-01
18120,Thompson-Taylor,Technology,SMB,Germany,APAC,2023-03-07
18121,"Phillips, Sanford and Campbell",Finance,SMB,Kazakhstan,Europe,2024-09-21
18122,Orozco and Sons,Manufacturing,SMB,Fiji,North America,2023-02-12
18123,"Koch, Pearson and Ayala",Manufacturing,Mid-Market,Swaziland,North America,2023-05-27
18124,Murphy LLC,Finance,Mid-Market,Saudi Arabia,LATAM,2025-10-08
18125,"Rivera, Curry and Porter",Finance,Enterprise,North Macedonia,North America,2023-10-24
18126,Mccoy PLC,Manufacturing,Mid-Market,Congo,APAC,2022-08-20
18127,"Jones, Young and Rice",Healthcare,Enterprise,Paraguay,Europe,2022-11-11
18128,Fields-Brown,Manufacturing,Mid-Market,Kuwait,APAC,2022-12-30
18129,Boyle and Sons,Technology,Enterprise,Myanmar,APAC,2025-05-10
18130,Carrillo Ltd,Manufacturing,Mid-Market,Morocco,Europe,2025-01-07
18131,"Francis, Valdez and Hudson",Retail,Mid-Market,Albania,APAC,2023-04-04
18132,Burke LLC,Healthcare,Enterprise,Lesotho,LATAM,2025-02-14
18133,Haynes and Sons,Retail,Enterprise,Congo,Europe,2022-06-18
18134,Duarte Group,Manufacturing,Enterprise,Fiji,North America,2025-06-13
18135,Hanson-Lopez,Retail,SMB,Gibraltar,Europe,2025-07-22
18136,Roberts PLC,Manufacturing,Mid-Market,Eritrea,APAC,2023-09-07
18137,"Ramos, Allen and Mclaughlin",Healthcare,Mid-Market,Netherlands,APAC,2023-05-03
18138,"Neal, Hall and Farmer",Healthcare,SMB,United States Virgin Islands,APAC,2023-11-06
18139,Evans-Floyd,Finance,SMB,Botswana,LATAM,2025-09-13
18140,Larson PLC,Healthcare,SMB,Cuba,LATAM,2024-11-26
18141,White-Carlson,Technology,Enterprise,Suriname,APAC,2022-09-27
18142,"Martinez, Miller and Fischer",Manufacturing,Mid-Market,Tajikistan,APAC,2023-10-09
18143,Smith LLC,Healthcare,Mid-Market,Panama,North America,2024-11-28
18144,Fletcher-Rivera,Finance,Enterprise,Tokelau,North America,2024-07-03
18145,Davila Inc,Technology,Mid-Market,Paraguay,APAC,2023-05-29
18146,Scott and Sons,Technology,Mid-Market,Equatorial Guinea,North America,2024-04-21
18147,Mcdonald Ltd,Retail,Enterprise,Cocos (Keeling) Islands,APAC,2026-04-09
18148,"Quinn, Johnson and Dunn",Retail,Enterprise,Svalbard & Jan Mayen Islands,APAC,2022-06-13
18149,Lucas Ltd,Manufacturing,Mid-Market,Bangladesh,LATAM,2024-06-03
18150,Davis Group,Retail,Enterprise,Antigua and Barbuda,North America,2024-11-22
18151,"Rivera, Williams and Hart",Technology,Enterprise,Norway,Europe,2025-05-26
18152,"Aguilar, Day and Rowe",Manufacturing,SMB,Malta,Europe,2025-04-15
18153,Bautista Ltd,Technology,Mid-Market,Sao Tome and Principe,APAC,2022-10-03
18154,Dunn-Martinez,Technology,Mid-Market,Kiribati,APAC,2024-07-18
18155,"Perry, Kennedy and Hobbs",Retail,SMB,Slovakia (Slovak Republic),LATAM,2025-07-01
18156,Williams PLC,Healthcare,Enterprise,Netherlands,LATAM,2023-02-26
18157,Lopez Inc,Retail,Mid-Market,Kenya,Europe,2023-03-05
18158,Black-Morales,Retail,SMB,Zambia,Europe,2024-03-14
18159,"Miller, Black and Graham",Technology,Enterprise,Botswana,APAC,2023-09-22
18160,"Watts, Daniel and Rodriguez",Manufacturing,Mid-Market,Germany,North America,2023-12-06
18161,Nunez-Williams,Healthcare,SMB,Thailand,LATAM,2025-12-24
18162,"Lopez, Kim and Cantrell",Retail,Enterprise,Montserrat,North America,2025-06-02
18163,Cruz-Johnson,Technology,SMB,Panama,Europe,2026-01-09
18164,Ray and Sons,Retail,Enterprise,Poland,Europe,2023-09-25
18165,"Spencer, Bowen and Alvarez",Retail,Enterprise,Djibouti,Europe,2024-03-02
18166,Curry-Yu,Manufacturing,SMB,Saint Vincent and the Grenadines,Europe,2024-11-19
18167,Walsh and Sons,Finance,SMB,Botswana,Europe,2026-04-14
18168,Kaufman-Smith,Manufacturing,SMB,Thailand,LATAM,2024-01-19
18169,Haynes and Sons,Healthcare,Enterprise,Mauritania,Europe,2024-04-25
18170,"Stephens, Garcia and Cross",Healthcare,Enterprise,Bulgaria,APAC,2024-07-15
18171,Tucker LLC,Technology,Mid-Market,Heard Island and McDonald Islands,North America,2025-11-12
18172,Phillips-Sanchez,Technology,Mid-Market,Poland,North America,2023-02-22
18173,"Woods, Shelton and Woodward",Retail,Enterprise,Burkina Faso,North America,2024-03-21
18174,Young-Carter,Manufacturing,SMB,Marshall Islands,APAC,2023-05-11
18175,Anderson LLC,Retail,Mid-Market,Angola,North America,2024-01-04
18176,Young and Sons,Technology,SMB,Qatar,Europe,2024-11-21
18177,"Berry, Smith and Nelson",Manufacturing,Mid-Market,American Samoa,North America,2023-06-12
18178,Brooks LLC,Manufacturing,Mid-Market,Bahrain,LATAM,2024-05-07
18179,Beasley-Hines,Retail,SMB,Armenia,Europe,2022-12-24
18180,Wilson-Santiago,Technology,Enterprise,Bahrain,Europe,2022-11-07
18181,"Griffith, Oconnor and Alvarez",Finance,Mid-Market,Cook Islands,Europe,2022-12-19
18182,Chen-Warner,Healthcare,Mid-Market,Finland,North America,2026-02-05
18183,Chan Ltd,Technology,Mid-Market,Sudan,APAC,2025-01-08
18184,Beck-Spence,Healthcare,Enterprise,Burkina Faso,APAC,2023-05-16
18185,Miller Ltd,Retail,SMB,Egypt,Europe,2023-09-01
18186,"Melton, Black and Davis",Finance,Mid-Market,Faroe Islands,APAC,2022-07-04
18187,Ayala-Orozco,Healthcare,Mid-Market,Micronesia,APAC,2024-09-09
18188,"Smith, Norris and White",Healthcare,Enterprise,United States Minor Outlying Islands,LATAM,2024-11-16
18189,Scott Inc,Healthcare,SMB,Heard Island and McDonald Islands,North America,2024-12-09
18190,Coleman-Miller,Technology,Enterprise,British Virgin Islands,APAC,2023-02-13
18191,Baker-Vaughn,Healthcare,Mid-Market,Martinique,North America,2025-09-16
18192,Ruiz-Green,Technology,SMB,Poland,APAC,2025-11-10
18193,Logan Group,Technology,Enterprise,Ukraine,North America,2024-01-31
18194,Russell LLC,Finance,SMB,Malaysia,North America,2026-03-28
18195,Haney and Sons,Healthcare,SMB,Ghana,LATAM,2025-12-16
18196,Hill Group,Healthcare,Enterprise,Thailand,APAC,2023-03-14
18197,Rodriguez Inc,Technology,SMB,Iraq,North America,2025-01-31
18198,Burgess Inc,Finance,Mid-Market,Christmas Island,LATAM,2025-05-20
18199,"Martinez, Parsons and Dunn",Healthcare,Enterprise,Kazakhstan,North America,2025-12-06
18200,"Alexander, Reed and Dennis",Manufacturing,Enterprise,Yemen,North America,2023-09-14
18201,Curry-Brooks,Finance,Mid-Market,Fiji,Europe,2025-11-02
18202,Contreras and Sons,Manufacturing,Enterprise,South Georgia and the South Sandwich Islands,Europe,2025-11-05
18203,"Richardson, Wilson and Torres",Healthcare,SMB,Montenegro,North America,2026-03-04
18204,Avila-Henson,Technology,SMB,Thailand,APAC,2025-04-12
18205,Gilmore-Davis,Healthcare,Mid-Market,Svalbard & Jan Mayen Islands,North America,2023-05-13
18206,"Moore, Johnson and Garcia",Finance,Enterprise,Malaysia,LATAM,2025-02-28
18207,"Duke, Smith and Scott",Healthcare,Mid-Market,Chad,Europe,2024-05-06
18208,Kelley Ltd,Manufacturing,Mid-Market,New Zealand,LATAM,2024-08-07
18209,Waters-Thompson,Finance,SMB,Monaco,APAC,2023-02-14
18210,Wilson LLC,Healthcare,SMB,Lao People's Democratic Republic,APAC,2026-05-30
18211,"Copeland, Walton and Maldonado",Manufacturing,Mid-Market,Congo,LATAM,2023-11-30
18212,"Mitchell, Allen and Wilson",Finance,SMB,United States Minor Outlying Islands,APAC,2025-06-07
18213,Smith-Young,Healthcare,SMB,Kazakhstan,North America,2025-04-14
18214,Shaw-Burnett,Manufacturing,SMB,Egypt,APAC,2025-05-16
18215,George Inc,Retail,Mid-Market,Nepal,APAC,2025-04-30
18216,"Edwards, Vargas and Benjamin",Finance,SMB,Somalia,Europe,2023-11-19
18217,Brown-Ortega,Retail,Enterprise,New Caledonia,LATAM,2024-07-24
18218,"Friedman, Dickerson and Jacobson",Finance,Enterprise,Uzbekistan,Europe,2023-12-17
18219,Thornton-Mcpherson,Finance,Mid-Market,Denmark,Europe,2024-07-26
18220,Wade and Sons,Retail,Mid-Market,Mexico,North America,2026-04-28
18221,White-Nolan,Manufacturing,Mid-Market,Micronesia,LATAM,2023-03-07
18222,Gilbert-Cook,Finance,Enterprise,Libyan Arab Jamahiriya,APAC,2025-08-10
18223,Smith Inc,Healthcare,SMB,Egypt,Europe,2025-07-25
18224,Pearson-Atkinson,Finance,Enterprise,Kyrgyz Republic,APAC,2022-10-30
18225,Lindsey Ltd,Finance,Enterprise,Pitcairn Islands,North America,2022-07-19
18226,Mills and Sons,Manufacturing,Enterprise,France,LATAM,2023-08-09
18227,Bryant-Martin,Technology,Enterprise,Kenya,LATAM,2025-06-30
18228,Cortez-Franklin,Healthcare,Enterprise,Niger,APAC,2024-03-02
18229,Johnson-Page,Retail,Enterprise,Venezuela,LATAM,2025-07-26
18230,Harris-Fernandez,Technology,Enterprise,Bahamas,LATAM,2023-06-26
18231,Mcfarland Ltd,Manufacturing,Enterprise,Dominica,APAC,2023-01-11
18232,Gay Ltd,Technology,Enterprise,San Marino,Europe,2024-06-04
18233,"Carter, Martin and Nelson",Finance,Mid-Market,Bosnia and Herzegovina,North America,2024-09-14
18234,Davis-Hernandez,Healthcare,Mid-Market,Sierra Leone,LATAM,2024-10-12
18235,"Tate, Johnson and Cuevas",Retail,Enterprise,Kenya,LATAM,2025-09-16
18236,Rivera Inc,Healthcare,Enterprise,Pakistan,Europe,2026-04-06
18237,"Humphrey, Suarez and Cannon",Finance,Mid-Market,India,APAC,2022-10-01
18238,Rojas-Nelson,Retail,Mid-Market,Rwanda,APAC,2023-04-10
18239,Hutchinson Group,Manufacturing,SMB,Morocco,North America,2026-04-11
18240,"Craig, Lee and Norton",Manufacturing,SMB,Congo,Europe,2023-04-08
18241,Brady LLC,Technology,Mid-Market,Taiwan,Europe,2022-06-21
18242,"Morrow, Evans and Weeks",Healthcare,Mid-Market,United Arab Emirates,LATAM,2022-10-03
18243,"Williams, Maldonado and Bartlett",Manufacturing,SMB,Wallis and Futuna,LATAM,2025-04-15
18244,Brown Ltd,Manufacturing,SMB,Germany,North America,2025-05-07
18245,"Ramirez, Larson and Doyle",Manufacturing,Mid-Market,Iran,Europe,2022-10-23
18246,Hernandez-Lee,Healthcare,Enterprise,Gabon,Europe,2025-01-13
18247,Clark Group,Retail,SMB,Solomon Islands,North America,2023-11-16
18248,Carroll and Sons,Manufacturing,Enterprise,Malaysia,North America,2023-05-12
18249,"Watson, Wilson and Logan",Healthcare,SMB,Norway,APAC,2025-08-28
18250,Perez-Brown,Retail,SMB,Mali,LATAM,2023-02-20
18251,Reed and Sons,Retail,Enterprise,Marshall Islands,North America,2024-02-22
18252,Gray Inc,Retail,SMB,Mexico,North America,2026-03-05
18253,Moran-Smith,Finance,Enterprise,Pakistan,Europe,2022-11-27
18254,Smith Group,Technology,Mid-Market,Dominica,LATAM,2022-11-30
18255,Sandoval and Sons,Finance,Enterprise,Wallis and Futuna,LATAM,2024-01-05
18256,Booth Inc,Retail,Enterprise,Antigua and Barbuda,North America,2022-10-22
18257,Jackson-Reid,Manufacturing,SMB,Honduras,North America,2022-08-31
18258,Fowler-Bell,Finance,Enterprise,Samoa,Europe,2024-09-01
18259,Roberts-Martin,Finance,Enterprise,Monaco,LATAM,2024-04-13
18260,"Carroll, Gonzalez and Duran",Manufacturing,Mid-Market,Armenia,Europe,2024-06-09
18261,Bradshaw Group,Finance,Enterprise,Kenya,North America,2024-03-04
18262,Allen-Cook,Technology,Mid-Market,Wallis and Futuna,North America,2023-01-25
18263,Franklin and Sons,Finance,Mid-Market,Saint Martin,APAC,2024-12-26
18264,Smith and Sons,Technology,Enterprise,Andorra,APAC,2023-12-07
18265,Smith Group,Healthcare,SMB,Christmas Island,LATAM,2025-01-06
18266,Decker-Jefferson,Manufacturing,Enterprise,Vietnam,Europe,2026-04-30
18267,Edwards and Sons,Technology,SMB,France,Europe,2025-07-18
18268,"Cox, Bennett and Weaver",Healthcare,Enterprise,Uzbekistan,LATAM,2025-05-16
18269,Johnson-Curtis,Manufacturing,Enterprise,Liberia,APAC,2023-09-07
18270,"Hughes, Cline and Wyatt",Retail,SMB,Guernsey,North America,2022-08-09
18271,"Phillips, Frazier and Bailey",Finance,Mid-Market,Burkina Faso,North America,2022-11-23
18272,"Miller, Lee and Bush",Technology,Mid-Market,Paraguay,Europe,2026-04-10
18273,"Chavez, Williams and Hardy",Manufacturing,Enterprise,Netherlands,North America,2023-10-31
18274,"Myers, Hunt and Foster",Finance,Enterprise,Philippines,Europe,2024-11-09
18275,"Kennedy, Sanford and Pearson",Healthcare,Mid-Market,Romania,Europe,2022-07-26
18276,Casey-Davis,Technology,Enterprise,Malawi,APAC,2025-04-18
18277,"Hamilton, Kim and Patton",Healthcare,Mid-Market,British Virgin Islands,North America,2023-11-07
18278,"Garcia, Walton and Johnson",Healthcare,Mid-Market,Micronesia,APAC,2023-04-05
18279,Miller and Sons,Technology,SMB,Angola,Europe,2026-01-29
18280,"Reed, Collins and Rodriguez",Retail,Mid-Market,Australia,Europe,2023-03-13
18281,"Copeland, Jones and Lyons",Technology,SMB,Indonesia,North America,2025-03-11
18282,Coffey-Mcgee,Finance,Mid-Market,Kazakhstan,LATAM,2022-11-29
18283,Parker-Knight,Retail,SMB,Hong Kong,North America,2026-04-08
18284,"Carpenter, Holloway and Payne",Retail,SMB,Antarctica (the territory South of 60 deg S),APAC,2023-03-15
18285,Valentine and Sons,Technology,Mid-Market,Mauritius,APAC,2025-01-15
18286,Ellis Inc,Healthcare,Enterprise,Panama,APAC,2024-09-19
18287,"Morris, Wilson and Mason",Finance,Mid-Market,South Africa,LATAM,2025-12-30
18288,"Barrett, Peters and Mora",Retail,Enterprise,Malta,APAC,2025-11-23
18289,"Alexander, Thompson and Hart",Healthcare,Enterprise,Montserrat,LATAM,2023-09-06
18290,Armstrong and Sons,Retail,Mid-Market,Morocco,LATAM,2026-05-23
18291,Hernandez-Cook,Finance,SMB,Solomon Islands,APAC,2022-09-05
18292,Roman-Guerrero,Healthcare,SMB,Bulgaria,APAC,2022-07-20
18293,"Madden, Williams and Miller",Retail,Enterprise,Venezuela,LATAM,2023-10-31
18294,Chang and Sons,Retail,Enterprise,Fiji,LATAM,2024-07-18
18295,"Raymond, Perry and Chambers",Finance,SMB,Bermuda,Europe,2024-03-29
18296,Holmes PLC,Healthcare,Mid-Market,Ireland,APAC,2024-06-24
18297,Henry-Jenkins,Technology,Mid-Market,Croatia,North America,2023-07-14
18298,Stone Ltd,Technology,Enterprise,Heard Island and McDonald Islands,LATAM,2025-03-11
18299,"Morton, Nichols and Ross",Retail,Enterprise,China,LATAM,2026-05-24
18300,"Gibbs, Harris and Shelton",Finance,SMB,Czech Republic,North America,2024-06-30
18301,"Whitaker, Parker and Newton",Technology,Enterprise,Mozambique,LATAM,2023-09-20
18302,Henderson-Sanchez,Healthcare,SMB,India,Europe,2025-10-07
18303,"Mora, Wise and Cooley",Retail,SMB,Hong Kong,APAC,2024-03-23
18304,"Smith, Bruce and Thornton",Healthcare,Mid-Market,Burkina Faso,Europe,2022-10-02
18305,Lewis LLC,Retail,SMB,Namibia,Europe,2025-11-10
18306,Blair-Burns,Technology,Enterprise,Antarctica (the territory South of 60 deg S),APAC,2024-05-21
18307,Martin-Peters,Technology,SMB,Saint Vincent and the Grenadines,LATAM,2022-12-29
18308,Lee-Dean,Manufacturing,Enterprise,Saint Barthelemy,Europe,2023-01-23
18309,Thomas-Craig,Technology,Enterprise,Portugal,LATAM,2025-09-06
18310,"Velez, Long and Reyes",Technology,Enterprise,Jordan,LATAM,2024-03-30
18311,Hall-Rice,Healthcare,Enterprise,Paraguay,North America,2025-01-07
18312,Jones and Sons,Manufacturing,Mid-Market,Dominica,Europe,2023-10-19
18313,Tran-Morgan,Manufacturing,Enterprise,Tajikistan,LATAM,2023-10-16
18314,"Hull, Ritter and Swanson",Retail,Mid-Market,Palestinian Territory,LATAM,2023-09-03
18315,Wall Ltd,Technology,Mid-Market,San Marino,North America,2025-10-06
18316,"Williams, Mcdaniel and Anderson",Manufacturing,Mid-Market,Bangladesh,APAC,2022-06-17
18317,Robertson Group,Manufacturing,Enterprise,Guadeloupe,Europe,2023-10-15
18318,"Gould, Berry and Wallace",Finance,Enterprise,Iran,APAC,2024-11-09
18319,"Lee, Wright and Mcdaniel",Finance,SMB,Kenya,Europe,2025-11-28
18320,Richmond-Taylor,Finance,Enterprise,Kenya,LATAM,2025-09-10
18321,Bridges and Sons,Healthcare,Enterprise,French Southern Territories,APAC,2024-02-16
18322,Hardin-Taylor,Technology,Enterprise,Netherlands Antilles,LATAM,2025-03-25
18323,"Vazquez, Johnson and Kelly",Manufacturing,Mid-Market,Malta,Europe,2025-10-13
18324,Murray LLC,Technology,SMB,United Arab Emirates,LATAM,2025-12-15
18325,Graham Inc,Technology,Mid-Market,Cape Verde,LATAM,2025-02-04
18326,Morgan Inc,Finance,SMB,Holy See (Vatican City State),APAC,2026-03-30
18327,"Chen, Perez and Bell",Manufacturing,Enterprise,Nigeria,LATAM,2025-05-14
18328,"Zuniga, Cross and Scott",Healthcare,Mid-Market,Antigua and Barbuda,Europe,2023-08-29
18329,"Wilkins, Hernandez and Freeman",Technology,Mid-Market,Spain,APAC,2025-11-09
18330,"Perez, Benson and Johnson",Manufacturing,SMB,Russian Federation,APAC,2023-01-18
18331,"Blair, Pollard and Gibson",Retail,Mid-Market,Qatar,LATAM,2023-03-10
18332,"Butler, Andersen and Brown",Healthcare,Enterprise,Paraguay,LATAM,2025-10-10
18333,"Mcclure, Douglas and Jensen",Manufacturing,SMB,Bangladesh,Europe,2025-02-05
18334,Ramos-Pitts,Retail,Enterprise,Cape Verde,LATAM,2026-05-11
18335,Blair-Rodriguez,Finance,Mid-Market,Papua New Guinea,North America,2023-12-10
18336,Reid PLC,Healthcare,Mid-Market,Guatemala,LATAM,2024-04-02
18337,"Jones, Hancock and Campbell",Healthcare,Mid-Market,Mauritius,LATAM,2023-08-09
18338,"Valencia, Anderson and Garner",Healthcare,Mid-Market,Cambodia,LATAM,2023-07-03
18339,"Lane, Walker and Spence",Healthcare,Enterprise,Afghanistan,Europe,2024-11-24
18340,Young-Mcmahon,Manufacturing,Enterprise,Iran,APAC,2023-11-26
18341,Humphrey-Turner,Healthcare,Enterprise,Guernsey,LATAM,2025-10-22
18342,Contreras-Rodriguez,Healthcare,Enterprise,Guatemala,Europe,2023-02-20
18343,"Chase, Benitez and Patterson",Retail,SMB,Turkmenistan,APAC,2025-07-16
18344,Coleman-Craig,Finance,SMB,Barbados,APAC,2023-05-12
18345,Scott-Clark,Finance,Mid-Market,Senegal,Europe,2024-12-27
18346,Mason-Lucas,Healthcare,Enterprise,United States Minor Outlying Islands,North America,2025-07-18
18347,"Thomas, Wells and Mosley",Manufacturing,Mid-Market,Venezuela,North America,2022-09-27
18348,"Fletcher, Ayala and Gonzalez",Technology,Mid-Market,Bulgaria,LATAM,2024-01-11
18349,Brown-Hunter,Retail,SMB,Equatorial Guinea,Europe,2025-11-10
18350,Chen Inc,Finance,SMB,Western Sahara,LATAM,2022-10-30
18351,Howard PLC,Manufacturing,Mid-Market,Antigua and Barbuda,LATAM,2025-06-13
18352,Frank-Conley,Technology,SMB,Mozambique,Europe,2024-12-07
18353,Carter Ltd,Retail,Mid-Market,Bhutan,Europe,2023-12-02
18354,"Smith, Jones and Grant",Healthcare,Enterprise,Cuba,Europe,2025-03-09
18355,Nicholson-Haynes,Retail,Mid-Market,Saint Barthelemy,APAC,2024-09-16
18356,Montes-Wallace,Technology,SMB,Anguilla,APAC,2022-12-03
18357,"Hall, Santos and Perez",Technology,Mid-Market,Paraguay,LATAM,2023-10-30
18358,"Gross, Schroeder and Lawson",Manufacturing,SMB,Equatorial Guinea,Europe,2026-02-06
18359,Phillips Group,Retail,Enterprise,Saint Barthelemy,APAC,2025-03-19
18360,Diaz-Mills,Technology,Mid-Market,Senegal,North America,2024-07-12
18361,Bowen LLC,Finance,Mid-Market,Belgium,LATAM,2024-06-19
18362,Diaz and Sons,Technology,Enterprise,Mali,North America,2022-10-27
18363,Martin LLC,Retail,Enterprise,Zimbabwe,LATAM,2025-11-04
18364,Evans-Rodgers,Retail,Enterprise,Indonesia,LATAM,2024-09-11
18365,Robles-Cox,Healthcare,SMB,Saint Helena,APAC,2023-07-16
18366,"King, Singleton and Mahoney",Manufacturing,Enterprise,Jersey,LATAM,2023-10-17
18367,Miller Inc,Healthcare,SMB,Tanzania,APAC,2024-12-28
18368,Williams-Davila,Healthcare,Enterprise,Saint Pierre and Miquelon,APAC,2023-09-26
18369,Hurley-Johnson,Finance,Mid-Market,Sudan,LATAM,2026-06-03
18370,"Coleman, Perry and Gonzalez",Finance,Mid-Market,Hungary,North America,2025-05-23
18371,"Smith, Arnold and Hughes",Manufacturing,SMB,Sweden,APAC,2025-01-22
18372,"Long, Pennington and Allen",Retail,Enterprise,Jordan,North America,2025-04-20
18373,"Johnson, Abbott and Franco",Technology,Mid-Market,Sweden,Europe,2025-12-03
18374,"Kaufman, Park and Herring",Manufacturing,SMB,Croatia,APAC,2026-06-06
18375,Yoder-Hernandez,Finance,SMB,American Samoa,North America,2023-11-23
18376,Avila Inc,Manufacturing,SMB,South Africa,North America,2025-09-19
18377,"Clark, Fitzpatrick and Miller",Finance,SMB,Nauru,Europe,2024-09-25
18378,Sanchez-Wiley,Technology,Mid-Market,Saint Vincent and the Grenadines,LATAM,2024-06-06
18379,Smith-Jones,Retail,SMB,Comoros,LATAM,2022-07-03
18380,"Lawson, Bailey and Moore",Manufacturing,Mid-Market,Bhutan,LATAM,2024-08-29
18381,Hayden-Turner,Finance,Mid-Market,British Indian Ocean Territory (Chagos Archipelago),LATAM,2025-08-30
18382,"Marshall, Lawson and Wells",Finance,Enterprise,Luxembourg,APAC,2025-03-11
18383,Foley and Sons,Finance,SMB,Barbados,APAC,2024-01-21
18384,"Sanders, Pacheco and Rodriguez",Manufacturing,Mid-Market,Japan,North America,2023-08-19
18385,Booth LLC,Retail,Enterprise,Tajikistan,North America,2023-01-27
18386,Williams-Fletcher,Manufacturing,SMB,Pitcairn Islands,North America,2026-02-07
18387,Lozano-Hale,Retail,SMB,Guam,APAC,2026-03-06
18388,Gross LLC,Manufacturing,Mid-Market,Croatia,North America,2024-08-25
18389,Sweeney-Mills,Finance,Mid-Market,Korea,Europe,2024-04-20
18390,"Davis, Johnson and Garcia",Technology,Enterprise,Djibouti,LATAM,2025-09-14
18391,Nguyen Inc,Finance,Enterprise,Montserrat,North America,2024-08-19
18392,Ryan PLC,Finance,Mid-Market,North Macedonia,LATAM,2025-05-18
18393,Mathis-Navarro,Healthcare,Enterprise,Colombia,APAC,2025-04-05
18394,"Miller, Fox and Jefferson",Finance,SMB,Italy,North America,2023-05-28
18395,"Bryant, Howell and Carter",Finance,SMB,Malaysia,LATAM,2022-12-12
18396,Ortega-Wallace,Finance,Enterprise,Cayman Islands,North America,2025-10-02
18397,Clark PLC,Retail,Enterprise,Cambodia,LATAM,2023-02-17
18398,Bowman-Navarro,Manufacturing,Enterprise,United Arab Emirates,North America,2022-08-20
18399,"Johnson, Rich and Brown",Technology,SMB,United Kingdom,LATAM,2024-07-13
18400,Dominguez Inc,Healthcare,Mid-Market,Pakistan,Europe,2025-08-21
18401,Miller and Sons,Finance,Mid-Market,Marshall Islands,LATAM,2024-06-12
18402,Johnson Ltd,Technology,Enterprise,Indonesia,APAC,2024-07-04
18403,Nelson-Pearson,Retail,Mid-Market,Gabon,APAC,2025-11-17
18404,Jones-Smith,Technology,Mid-Market,Grenada,APAC,2026-04-03
18405,"Cox, Rodgers and Werner",Retail,Mid-Market,Morocco,North America,2024-04-02
18406,"Armstrong, Lang and Moore",Technology,Mid-Market,Algeria,Europe,2022-12-18
18407,"Wright, Villanueva and Smith",Finance,Mid-Market,Sri Lanka,North America,2023-01-23
18408,Porter-Reed,Technology,SMB,Saint Vincent and the Grenadines,APAC,2024-04-18
18409,"Robinson, Becker and Wright",Retail,SMB,Antigua and Barbuda,LATAM,2022-11-21
18410,Valenzuela PLC,Retail,SMB,Bhutan,North America,2022-08-01
18411,"Jimenez, Wilkerson and Moore",Manufacturing,Mid-Market,Namibia,North America,2025-09-13
18412,"Yang, Ward and Singh",Technology,Enterprise,Svalbard & Jan Mayen Islands,North America,2024-10-06
18413,Miller-Reynolds,Technology,Enterprise,Estonia,LATAM,2023-04-02
18414,Miller-Flowers,Manufacturing,Mid-Market,Cape Verde,Europe,2025-02-10
18415,Snow-Compton,Technology,Mid-Market,Malta,LATAM,2025-04-30
18416,Bolton Ltd,Healthcare,Enterprise,Cape Verde,APAC,2023-07-15
18417,Griffin Group,Technology,SMB,Solomon Islands,Europe,2025-12-19
18418,"Bell, Mccormick and Jones",Retail,Enterprise,Trinidad and Tobago,LATAM,2025-10-27
18419,Parker Inc,Manufacturing,Enterprise,Zambia,North America,2025-05-17
18420,Reynolds-Cox,Healthcare,Mid-Market,Qatar,APAC,2025-12-27
18421,Robinson-Smith,Finance,SMB,Algeria,Europe,2026-05-21
18422,Welch-Smith,Technology,Mid-Market,Thailand,North America,2023-07-17
18423,Martinez-Ryan,Healthcare,Mid-Market,Panama,APAC,2024-04-13
18424,Sloan-Hughes,Finance,Mid-Market,Nigeria,LATAM,2022-08-19
18425,Ruiz-Taylor,Technology,Mid-Market,Puerto Rico,APAC,2023-08-04
18426,Davis-Myers,Healthcare,Mid-Market,Saint Barthelemy,LATAM,2025-07-31
18427,Brown-Daugherty,Healthcare,Mid-Market,Cyprus,APAC,2024-08-15
18428,"Adams, Cook and Wiggins",Technology,Mid-Market,Iran,APAC,2023-12-19
18429,"Barton, Lee and Walton",Technology,Enterprise,Austria,APAC,2024-09-11
18430,Jackson PLC,Manufacturing,Mid-Market,Pakistan,North America,2024-01-26
18431,Miller Inc,Manufacturing,Mid-Market,Pakistan,APAC,2023-03-28
18432,Fletcher and Sons,Retail,SMB,Netherlands Antilles,North America,2024-06-17
18433,Cook-Reed,Retail,SMB,Guam,North America,2022-12-23
18434,Griffin-Smith,Manufacturing,Enterprise,Anguilla,LATAM,2026-02-28
18435,Thomas-Jackson,Technology,Enterprise,Cambodia,Europe,2026-04-26
18436,Wilson-Ford,Healthcare,Mid-Market,Niger,APAC,2023-09-21
18437,"Moss, Goodman and Hayes",Finance,SMB,Montenegro,Europe,2025-09-11
18438,Gray-Newton,Technology,Mid-Market,Equatorial Guinea,LATAM,2025-07-02
18439,Eaton-Atkins,Technology,SMB,Israel,APAC,2024-02-05
18440,Harris PLC,Manufacturing,Enterprise,San Marino,APAC,2023-12-10
18441,"Cordova, Davidson and Best",Finance,Mid-Market,Kazakhstan,APAC,2026-03-21
18442,Livingston Group,Manufacturing,SMB,Nepal,North America,2025-02-16
18443,Jacobs-Paul,Technology,Enterprise,Philippines,LATAM,2023-05-11
18444,Alvarado-Long,Manufacturing,SMB,Suriname,North America,2024-07-08
18445,"Gay, Donaldson and Watson",Technology,Enterprise,Moldova,North America,2023-11-18
18446,"Parsons, Allen and Krause",Retail,SMB,Guyana,LATAM,2024-04-26
18447,"Myers, Davis and Valdez",Finance,Mid-Market,Singapore,APAC,2023-07-05
18448,"Crawford, Frazier and Cabrera",Healthcare,Mid-Market,Argentina,APAC,2025-03-08
18449,"Johnson, Cowan and Crosby",Manufacturing,Mid-Market,Central African Republic,North America,2023-05-20
18450,Peterson LLC,Retail,SMB,Israel,APAC,2026-03-22
18451,"Robbins, Adams and Thompson",Retail,Mid-Market,French Southern Territories,LATAM,2022-10-25
18452,Richards Inc,Technology,SMB,Qatar,LATAM,2026-02-23
18453,Wright and Sons,Healthcare,Enterprise,Tunisia,LATAM,2022-09-03
18454,"Whitaker, Nichols and Contreras",Technology,SMB,Cocos (Keeling) Islands,North America,2023-01-02
18455,Williams-Rivera,Finance,SMB,United Arab Emirates,APAC,2023-05-17
18456,Spencer-Woods,Healthcare,Enterprise,Greenland,Europe,2025-01-14
18457,"Rice, Black and Jones",Healthcare,SMB,Guatemala,LATAM,2022-10-10
18458,Santiago-Mclaughlin,Retail,SMB,Cook Islands,Europe,2022-06-30
18459,"Hopkins, Gray and Miller",Healthcare,SMB,Nauru,APAC,2023-10-17
18460,Marshall-Howard,Manufacturing,Enterprise,Greece,North America,2023-12-29
18461,Diaz Ltd,Retail,Enterprise,Thailand,Europe,2025-01-25
18462,Scott LLC,Manufacturing,Mid-Market,Zambia,North America,2022-12-31
18463,"Sanchez, Evans and Castro",Healthcare,SMB,Cook Islands,North America,2024-02-24
18464,Lara-Jackson,Manufacturing,Mid-Market,Congo,North America,2025-04-11
18465,Moran Group,Retail,Mid-Market,Nauru,Europe,2022-12-05
18466,"Caldwell, Garrett and Brown",Technology,SMB,Northern Mariana Islands,North America,2023-06-04
18467,Gonzalez-Hodge,Retail,Enterprise,Croatia,LATAM,2023-08-28
18468,Parker Ltd,Manufacturing,Enterprise,Madagascar,Europe,2023-12-06
18469,"Ward, Stein and Mays",Technology,Mid-Market,Netherlands,APAC,2023-12-05
18470,Lawrence and Sons,Healthcare,Enterprise,Saint Lucia,LATAM,2024-08-02
18471,"Gill, Stanley and Haney",Manufacturing,Enterprise,Guernsey,APAC,2024-04-20
18472,Young Group,Finance,Enterprise,Bermuda,North America,2025-12-08
18473,"Richardson, Smith and Ford",Retail,Mid-Market,Belize,LATAM,2022-06-26
18474,Johnston Group,Technology,Enterprise,American Samoa,LATAM,2022-07-23
18475,Brown Ltd,Manufacturing,Enterprise,Bangladesh,LATAM,2026-02-23
18476,Howard Ltd,Retail,SMB,Guernsey,North America,2025-03-23
18477,Sawyer Group,Retail,SMB,Taiwan,North America,2023-08-10
18478,"Martinez, Daniel and Hayes",Retail,SMB,Chile,North America,2022-10-04
18479,Mendoza LLC,Finance,Mid-Market,Azerbaijan,Europe,2025-12-25
18480,Brown Group,Finance,SMB,Chad,Europe,2023-08-19
18481,"Scott, Nelson and Morales",Technology,Mid-Market,Saint Vincent and the Grenadines,Europe,2023-06-15
18482,Andersen-King,Retail,Mid-Market,Uganda,North America,2025-10-20
18483,Villarreal-Diaz,Technology,Enterprise,Madagascar,APAC,2024-08-22
18484,"Brooks, Green and Hamilton",Finance,Enterprise,Bahrain,Europe,2024-07-10
18485,Evans-Green,Healthcare,SMB,Malawi,Europe,2024-04-14
18486,"Sullivan, Mueller and Nguyen",Manufacturing,SMB,Dominica,APAC,2022-12-22
18487,Pennington-Edwards,Retail,Enterprise,Pakistan,LATAM,2023-09-05
18488,"Allen, Martinez and Lara",Technology,Mid-Market,French Southern Territories,North America,2024-11-17
18489,"Taylor, Knight and Frye",Technology,Enterprise,North Macedonia,APAC,2026-03-14
18490,"Hopkins, Gonzalez and Vang",Manufacturing,Enterprise,Vietnam,APAC,2023-08-07
18491,"Clark, Macias and Contreras",Technology,Mid-Market,Congo,LATAM,2024-09-22
18492,Brown PLC,Manufacturing,SMB,Vanuatu,APAC,2022-11-29
18493,"Harris, Trevino and Moore",Technology,Enterprise,Saint Helena,Europe,2023-07-06
18494,Scott-Miller,Technology,Enterprise,Bangladesh,LATAM,2024-12-28
18495,Key PLC,Manufacturing,SMB,Saint Lucia,LATAM,2024-05-02
18496,Eaton-Sweeney,Manufacturing,SMB,United States Virgin Islands,APAC,2023-07-29
18497,Moore Ltd,Retail,Mid-Market,United States Virgin Islands,North America,2023-11-04
18498,Cohen-Phillips,Finance,Enterprise,Australia,North America,2024-02-17
18499,Coleman-Newman,Healthcare,Mid-Market,Jamaica,Europe,2022-11-16
18500,Avila Ltd,Finance,SMB,Austria,Europe,2022-06-16
18501,Dunn-Smith,Finance,SMB,Botswana,North America,2023-11-13
18502,"Jones, Young and Day",Manufacturing,SMB,Mozambique,North America,2026-03-01
18503,"Matthews, Maddox and Wilcox",Retail,Enterprise,Nigeria,LATAM,2022-12-08
18504,"Olson, Chan and Miller",Technology,SMB,United States Virgin Islands,North America,2023-03-03
18505,"Ayala, Reeves and Smith",Healthcare,Mid-Market,Israel,APAC,2022-08-20
18506,Compton LLC,Technology,Mid-Market,Gabon,LATAM,2025-07-25
18507,"Gonzalez, Lee and Howell",Retail,SMB,Burkina Faso,North America,2023-01-26
18508,"Rodriguez, Nguyen and Bell",Finance,Enterprise,Thailand,Europe,2025-05-15
18509,Lambert-Rangel,Healthcare,Enterprise,Slovenia,LATAM,2025-02-21
18510,Hill-Johnson,Technology,Mid-Market,Saint Lucia,North America,2026-04-15
18511,Reid-Jefferson,Manufacturing,SMB,Zimbabwe,Europe,2025-02-17
18512,"Flores, Davis and Reeves",Finance,Enterprise,Somalia,Europe,2024-05-31
18513,Bird-Lee,Technology,SMB,French Southern Territories,LATAM,2023-02-15
18514,Summers Inc,Retail,Mid-Market,Congo,North America,2022-11-05
18515,Harris Ltd,Healthcare,Mid-Market,Cameroon,LATAM,2023-07-18
18516,"Mitchell, Hancock and Lang",Retail,Mid-Market,Greece,LATAM,2022-11-25
18517,Miller PLC,Retail,SMB,Philippines,LATAM,2025-09-21
18518,Richardson LLC,Retail,Enterprise,Bulgaria,North America,2023-01-16
18519,Reyes PLC,Manufacturing,SMB,Liechtenstein,North America,2025-09-17
18520,Hall-King,Healthcare,Mid-Market,Denmark,Europe,2022-09-05
18521,Mitchell-Washington,Manufacturing,Mid-Market,Jamaica,LATAM,2026-03-16
18522,Duran-Stewart,Technology,SMB,Mozambique,APAC,2023-05-15
18523,"Thomas, Ryan and Moore",Finance,Enterprise,Martinique,APAC,2022-11-15
18524,"Perez, Stewart and Norris",Technology,Mid-Market,Cyprus,North America,2023-10-08
18525,"Newton, Perez and Guerrero",Manufacturing,SMB,South Georgia and the South Sandwich Islands,APAC,2023-08-17
18526,Turner Group,Technology,Enterprise,Svalbard & Jan Mayen Islands,LATAM,2025-07-03
18527,Johnson-Roberts,Retail,Mid-Market,Myanmar,LATAM,2025-08-18
18528,Bell LLC,Healthcare,Enterprise,Australia,Europe,2024-07-27
18529,"Glover, Vincent and Hansen",Manufacturing,Mid-Market,Serbia,Europe,2026-05-12
18530,"Mckinney, Hill and Woodard",Healthcare,Mid-Market,Zimbabwe,Europe,2024-01-18
18531,"Schaefer, Stewart and Hill",Manufacturing,SMB,British Virgin Islands,APAC,2024-09-27
18532,"Pearson, Holder and Valdez",Technology,Enterprise,Bulgaria,APAC,2024-07-16
18533,"Nguyen, Graham and Patel",Retail,Enterprise,Bermuda,North America,2025-03-29
18534,Goodwin Ltd,Retail,Enterprise,Saint Martin,LATAM,2023-12-02
18535,Cowan-Long,Technology,SMB,Niger,North America,2025-01-22
18536,Price and Sons,Technology,Enterprise,Turkey,APAC,2024-04-13
18537,Barker and Sons,Technology,Mid-Market,Syrian Arab Republic,North America,2023-06-18
18538,Perez Inc,Technology,Enterprise,Mauritania,Europe,2022-09-09
18539,Jennings Ltd,Retail,Mid-Market,Guam,APAC,2025-08-14
18540,Rivas-Hunter,Technology,Mid-Market,Poland,APAC,2024-09-04
18541,"Murphy, Nelson and Heath",Healthcare,SMB,Burundi,North America,2023-10-07
18542,"Zimmerman, Wilson and Smith",Manufacturing,Mid-Market,Suriname,North America,2023-10-23
18543,Hunt-Murphy,Retail,SMB,Palestinian Territory,North America,2024-02-15
18544,Martin and Sons,Technology,Mid-Market,Cambodia,North America,2025-02-19
18545,"Farley, Jackson and Vance",Healthcare,Enterprise,Turks and Caicos Islands,APAC,2025-11-12
18546,Davis Inc,Retail,SMB,Portugal,APAC,2023-11-07
18547,Jimenez-Soto,Manufacturing,Enterprise,Papua New Guinea,North America,2023-01-02
18548,Nielsen Inc,Healthcare,Enterprise,Ireland,North America,2023-05-19
18549,Russo Inc,Retail,Enterprise,Equatorial Guinea,Europe,2024-09-22
18550,Park-Mejia,Retail,Mid-Market,Bermuda,LATAM,2023-01-28
18551,"Diaz, Friedman and Burgess",Technology,SMB,Philippines,APAC,2024-04-28
18552,Smith Inc,Finance,SMB,Comoros,Europe,2023-12-03
18553,Walsh-Thompson,Retail,SMB,Saint Helena,LATAM,2023-08-26
18554,"Barnes, Stuart and Curtis",Healthcare,Mid-Market,South Africa,North America,2023-01-18
18555,Bryant-Johnson,Retail,Mid-Market,Kiribati,APAC,2025-10-18
18556,"Barnes, Lowe and Lee",Retail,SMB,Gabon,Europe,2024-07-14
18557,"Walsh, Moore and Munoz",Finance,Enterprise,Togo,North America,2024-05-30
18558,"Barker, Brown and Atkinson",Manufacturing,Mid-Market,French Polynesia,Europe,2025-11-25
18559,Hunt PLC,Manufacturing,Mid-Market,Dominican Republic,APAC,2024-04-02
18560,Carrillo-Patterson,Finance,Mid-Market,India,North America,2025-03-14
18561,Barker-Simon,Healthcare,Enterprise,Australia,Europe,2022-09-08
18562,Benson Group,Finance,Mid-Market,Martinique,APAC,2022-12-07
18563,Haynes Ltd,Healthcare,Enterprise,Swaziland,Europe,2026-01-06
18564,"Stevens, Wiley and Luna",Manufacturing,Enterprise,Northern Mariana Islands,LATAM,2024-08-29
18565,Hernandez-Norris,Manufacturing,Mid-Market,Myanmar,North America,2024-10-12
18566,"Griffin, Scott and Smith",Healthcare,SMB,Turks and Caicos Islands,Europe,2023-11-23
18567,Williams-Butler,Technology,Enterprise,Central African Republic,LATAM,2025-10-16
18568,Carlson-Reese,Finance,Enterprise,Jamaica,Europe,2025-10-12
18569,Murphy-Brennan,Manufacturing,Mid-Market,Botswana,North America,2023-02-07
18570,Waller Ltd,Manufacturing,Mid-Market,French Southern Territories,LATAM,2024-04-14
18571,Wells-Cordova,Finance,Mid-Market,Luxembourg,LATAM,2023-12-05
18572,Rosario-Price,Finance,SMB,Bolivia,LATAM,2026-04-10
18573,"Ortega, Evans and Fischer",Retail,Mid-Market,Morocco,Europe,2022-06-30
18574,"Thompson, Howard and Steele",Finance,SMB,Germany,Europe,2022-10-15
18575,Wilkerson-Wilkerson,Healthcare,Mid-Market,Saint Pierre and Miquelon,APAC,2026-06-06
18576,Harris-Moss,Finance,Mid-Market,Cook Islands,Europe,2024-11-21
18577,Vargas-Carr,Finance,Mid-Market,Congo,North America,2023-09-07
18578,Werner-Marquez,Finance,Enterprise,Palestinian Territory,North America,2023-06-07
18579,Lang and Sons,Healthcare,Enterprise,Poland,North America,2025-09-21
18580,"Johnson, Moore and Rich",Manufacturing,Mid-Market,Switzerland,LATAM,2026-04-17
18581,Roberts Ltd,Finance,Enterprise,Saint Helena,Europe,2023-05-24
18582,Nguyen-Allen,Healthcare,Mid-Market,Monaco,Europe,2025-07-09
18583,"Fischer, Sherman and Silva",Manufacturing,Mid-Market,Hong Kong,North America,2025-08-01
18584,"Nguyen, Hudson and Wells",Technology,SMB,United States Virgin Islands,LATAM,2024-01-04
18585,"Lopez, Rivera and Ingram",Finance,Mid-Market,Angola,APAC,2023-09-24
18586,Rivera Inc,Retail,Enterprise,Slovenia,Europe,2024-06-08
18587,"Green, Henry and Patton",Retail,Enterprise,Aruba,Europe,2022-09-03
18588,"Hurst, Nash and Young",Finance,SMB,Latvia,APAC,2023-07-17
18589,Davis LLC,Technology,Enterprise,Kiribati,North America,2025-09-01
18590,Everett-Hampton,Retail,Mid-Market,New Caledonia,North America,2025-01-03
18591,"Daniels, Williams and Martin",Retail,Enterprise,Germany,APAC,2023-07-11
18592,George LLC,Retail,Mid-Market,Ireland,LATAM,2024-02-29
18593,Mays-Schmidt,Retail,SMB,India,LATAM,2024-07-18
18594,"Garrett, Gill and Zhang",Healthcare,SMB,Guadeloupe,Europe,2026-03-20
18595,Davis Ltd,Retail,Enterprise,Congo,North America,2025-12-25
18596,"Berg, Webb and Quinn",Healthcare,SMB,Guatemala,Europe,2024-01-17
18597,Griffin LLC,Manufacturing,Mid-Market,Netherlands,North America,2024-02-19
18598,"Parks, Taylor and Welch",Manufacturing,Enterprise,Uganda,LATAM,2025-01-05
18599,Brown Ltd,Healthcare,SMB,Ghana,Europe,2026-03-21
18600,"Curry, Williams and Morgan",Finance,Enterprise,Algeria,Europe,2022-11-20
18601,Gonzales-Mejia,Finance,Mid-Market,United States of America,APAC,2022-06-22
18602,Farrell Group,Healthcare,Enterprise,Kazakhstan,APAC,2023-01-17
18603,"Lopez, Bennett and Hayes",Technology,Mid-Market,Papua New Guinea,LATAM,2025-01-22
18604,"Martin, Mendoza and Harris",Finance,SMB,Egypt,Europe,2023-04-17
18605,Greene Inc,Technology,SMB,Marshall Islands,APAC,2024-10-28
18606,Chase PLC,Technology,Mid-Market,Samoa,LATAM,2022-09-28
18607,Wells-Alexander,Healthcare,Enterprise,Marshall Islands,Europe,2026-02-11
18608,"Vargas, Mckinney and Johnson",Retail,Enterprise,Burkina Faso,Europe,2022-10-09
18609,Hamilton-Gibson,Manufacturing,SMB,Jersey,North America,2022-06-26
18610,"Morales, Brown and Becker",Technology,SMB,Armenia,North America,2026-03-06
18611,Peterson-Ward,Retail,Mid-Market,Kazakhstan,APAC,2024-12-28
18612,"Thomas, Moore and Espinoza",Technology,SMB,Ireland,North America,2022-11-10
18613,Ray PLC,Manufacturing,Mid-Market,Angola,North America,2022-06-10
18614,Thompson and Sons,Technology,Mid-Market,Uzbekistan,Europe,2025-03-26
18615,Hayes-Jennings,Technology,Mid-Market,Eritrea,Europe,2025-10-09
18616,Klein Inc,Manufacturing,Mid-Market,Sri Lanka,APAC,2025-07-30
18617,Warner-Carter,Healthcare,SMB,Czech Republic,Europe,2026-03-25
18618,"Rocha, Morgan and Hogan",Retail,SMB,Ethiopia,APAC,2023-07-27
18619,"Little, Hill and White",Technology,Mid-Market,Equatorial Guinea,North America,2025-05-21
18620,"Holt, Thompson and Lin",Technology,SMB,Liberia,LATAM,2024-10-16
18621,Pierce-Le,Finance,Mid-Market,Togo,APAC,2026-01-20
18622,Miller-Smith,Manufacturing,SMB,Kazakhstan,Europe,2023-09-23
18623,Morris LLC,Technology,Mid-Market,Martinique,LATAM,2023-07-26
18624,Williams PLC,Healthcare,Mid-Market,San Marino,North America,2023-12-08
18625,Mejia-Fields,Technology,Enterprise,Yemen,LATAM,2026-05-21
18626,Kelly LLC,Healthcare,SMB,Austria,LATAM,2025-08-05
18627,Mckenzie-Olson,Technology,SMB,Myanmar,APAC,2022-12-01
18628,"Dennis, Peterson and Gomez",Retail,SMB,Burundi,Europe,2024-03-02
18629,Thomas LLC,Healthcare,Mid-Market,Antarctica (the territory South of 60 deg S),APAC,2025-01-18
18630,Howard Inc,Retail,Mid-Market,Liberia,Europe,2025-12-01
18631,Davis and Sons,Healthcare,Enterprise,Djibouti,Europe,2025-01-01
18632,Becker-Wiley,Retail,Mid-Market,Uganda,North America,2025-02-18
18633,"Moore, Anderson and Perez",Technology,Mid-Market,Moldova,LATAM,2023-06-24
18634,Jackson Group,Retail,Mid-Market,Germany,APAC,2025-11-11
18635,Vargas PLC,Healthcare,Mid-Market,Nepal,Europe,2025-09-25
18636,Hayes and Sons,Retail,SMB,Timor-Leste,North America,2024-09-01
18637,"Andrews, Nguyen and Christensen",Finance,Enterprise,Rwanda,Europe,2026-01-26
18638,Walker-Wilson,Finance,Enterprise,Equatorial Guinea,North America,2024-03-18
18639,Murphy PLC,Healthcare,Enterprise,Russian Federation,APAC,2024-07-09
18640,"Snyder, Jones and Boyer",Technology,Enterprise,Trinidad and Tobago,APAC,2024-08-17
18641,"Smith, Nichols and Petersen",Healthcare,Mid-Market,Japan,North America,2024-08-26
18642,Bean-Harrington,Technology,Mid-Market,Tonga,Europe,2023-10-13
18643,"Hill, Miller and Green",Manufacturing,SMB,Guatemala,North America,2025-04-20
18644,Hood-Lopez,Finance,Mid-Market,Paraguay,Europe,2025-02-14
18645,Ayala Group,Manufacturing,Enterprise,Australia,Europe,2024-07-12
18646,Anderson LLC,Manufacturing,Enterprise,Sao Tome and Principe,LATAM,2024-01-18
18647,"Phillips, Randall and Day",Healthcare,SMB,Swaziland,North America,2024-07-08
18648,Long-Gibson,Retail,SMB,Bolivia,Europe,2026-05-24
18649,Moyer-Hernandez,Manufacturing,SMB,Western Sahara,LATAM,2023-12-19
18650,"Hobbs, Tucker and Hughes",Technology,Mid-Market,Jersey,APAC,2022-07-14
18651,Frazier LLC,Manufacturing,Mid-Market,Saint Lucia,APAC,2024-09-28
18652,Reed Group,Technology,Enterprise,Niue,North America,2024-11-02
18653,Schmidt Group,Manufacturing,Enterprise,Sao Tome and Principe,APAC,2022-12-27
18654,"Fowler, Reese and Cox",Manufacturing,Enterprise,Saint Vincent and the Grenadines,LATAM,2024-02-14
18655,"Gonzalez, Ortiz and Marquez",Technology,Enterprise,Christmas Island,North America,2025-09-14
18656,"Young, Eaton and Lucas",Manufacturing,Enterprise,Bhutan,North America,2025-11-11
18657,Walton and Sons,Healthcare,Enterprise,Croatia,Europe,2023-01-14
18658,Cohen Ltd,Technology,SMB,Antigua and Barbuda,APAC,2026-01-18
18659,"Smith, Davis and Wilson",Healthcare,SMB,Belarus,Europe,2024-01-22
18660,Hale LLC,Technology,Enterprise,Croatia,APAC,2026-03-31
18661,"Jones, Finley and Church",Finance,Enterprise,Macao,APAC,2024-09-08
18662,Mendez-Garcia,Retail,Mid-Market,Sudan,North America,2025-11-17
18663,Lowery Ltd,Healthcare,Mid-Market,Swaziland,Europe,2025-06-30
18664,Benjamin-Hill,Technology,SMB,Tajikistan,LATAM,2023-12-27
18665,"Bennett, Gonzalez and Marsh",Technology,Mid-Market,American Samoa,North America,2025-09-03
18666,"Jensen, Novak and Wood",Technology,Enterprise,Norway,APAC,2024-05-05
18667,Spencer Ltd,Finance,Mid-Market,North Macedonia,Europe,2022-10-20
18668,Bass-Gray,Healthcare,Mid-Market,Kazakhstan,North America,2026-04-11
18669,"Stevenson, Hebert and Rosales",Retail,Mid-Market,Timor-Leste,Europe,2026-02-23
18670,Shaffer-Perez,Technology,Mid-Market,Canada,LATAM,2025-08-06
18671,Herrera PLC,Finance,SMB,Gambia,APAC,2022-12-30
18672,Summers and Sons,Technology,SMB,El Salvador,North America,2026-03-16
18673,Dyer LLC,Manufacturing,Enterprise,Australia,LATAM,2023-03-30
18674,Dixon-Green,Retail,Enterprise,Cameroon,Europe,2023-05-14
18675,Bryant and Sons,Technology,SMB,Cuba,LATAM,2023-07-08
18676,"Johnson, King and Smith",Retail,Mid-Market,Sierra Leone,North America,2023-08-02
18677,Gutierrez Inc,Finance,Mid-Market,Venezuela,LATAM,2023-11-28
18678,Weiss Ltd,Manufacturing,Enterprise,Bulgaria,LATAM,2023-07-16
18679,Mcgee-Hill,Manufacturing,SMB,Mayotte,APAC,2025-03-17
18680,Hopkins-Ballard,Finance,SMB,Cyprus,Europe,2024-05-20
18681,"Mason, Brooks and Snyder",Retail,SMB,Spain,LATAM,2024-06-30
18682,"White, Mejia and Martinez",Finance,SMB,Norway,Europe,2025-07-11
18683,Ramirez Inc,Finance,Enterprise,New Zealand,North America,2022-12-25
18684,"Sanchez, Parker and Crawford",Manufacturing,SMB,Antigua and Barbuda,LATAM,2025-06-12
18685,Campbell-Copeland,Finance,Enterprise,Vietnam,Europe,2023-04-03
18686,"Wiggins, Young and Saunders",Technology,Enterprise,Guam,North America,2024-05-18
18687,Pope Group,Retail,Mid-Market,Greece,Europe,2023-07-30
18688,Neal-Lawson,Healthcare,Mid-Market,Maldives,LATAM,2023-02-22
18689,Smith-Carroll,Retail,Mid-Market,Fiji,North America,2024-12-12
18690,"Washington, Strong and Evans",Manufacturing,Mid-Market,Netherlands Antilles,North America,2023-01-11
18691,"Walters, Shaw and Jones",Healthcare,SMB,Micronesia,LATAM,2025-03-11
18692,"Baker, Allison and Townsend",Retail,Enterprise,New Zealand,Europe,2024-06-25
18693,"Stevens, Greer and Mueller",Healthcare,Mid-Market,Swaziland,Europe,2025-10-06
18694,Grant-Thomas,Healthcare,Mid-Market,Madagascar,APAC,2024-04-25
18695,"Sanchez, Roth and Jackson",Healthcare,SMB,Kuwait,North America,2022-08-25
18696,"Knapp, Sweeney and Hines",Technology,SMB,Chad,Europe,2023-02-03
18697,"Fernandez, Rangel and Griffin",Technology,Mid-Market,Western Sahara,APAC,2024-11-02
18698,Stokes Group,Retail,Mid-Market,Tanzania,APAC,2025-12-14
18699,Cisneros-Chapman,Healthcare,Mid-Market,Croatia,North America,2024-02-20
18700,"Hardy, Caldwell and Hopkins",Healthcare,SMB,Dominica,Europe,2024-08-13
18701,Martinez-Diaz,Finance,Enterprise,Ethiopia,APAC,2025-12-05
18702,Downs Group,Technology,Enterprise,Greece,Europe,2023-12-18
18703,"Romero, Hoffman and Reynolds",Healthcare,Mid-Market,Niger,APAC,2026-03-25
18704,Fields Inc,Healthcare,SMB,North Macedonia,APAC,2022-11-11
18705,"Martin, Adams and Johnson",Retail,Mid-Market,Isle of Man,APAC,2024-07-02
18706,Diaz and Sons,Retail,Enterprise,Tonga,North America,2024-08-06
18707,Clark-Scott,Finance,Enterprise,Malta,LATAM,2024-08-06
18708,"Bishop, Mitchell and Carlson",Technology,Mid-Market,Croatia,Europe,2024-06-13
18709,Thompson-Olson,Manufacturing,Enterprise,Tonga,APAC,2022-07-26
18710,"Lopez, Ramirez and Myers",Technology,SMB,Bangladesh,North America,2025-07-08
18711,"Wright, Fischer and Martin",Retail,Enterprise,Pitcairn Islands,LATAM,2022-11-27
18712,Farmer Inc,Finance,SMB,Afghanistan,LATAM,2026-02-20
18713,"Thompson, Shaffer and Banks",Manufacturing,Enterprise,Brazil,Europe,2025-02-24
18714,Williams Inc,Manufacturing,Enterprise,Ethiopia,APAC,2024-02-22
18715,"Patterson, Garrison and Gamble",Retail,SMB,Portugal,APAC,2022-08-23
18716,"Smith, Kline and Mack",Finance,Mid-Market,Chad,North America,2023-11-15
18717,"Blackburn, Jones and Brown",Technology,Mid-Market,Zambia,Europe,2022-10-28
18718,Little Group,Healthcare,SMB,Guam,Europe,2023-01-12
18719,"Rivers, Strickland and White",Finance,Mid-Market,Tuvalu,Europe,2022-06-25
18720,"Martin, Villanueva and Dougherty",Technology,Mid-Market,Lao People's Democratic Republic,LATAM,2022-10-01
18721,"Hammond, Zimmerman and Bradshaw",Technology,SMB,Malawi,LATAM,2022-09-07
18722,Mclaughlin-Harding,Retail,SMB,Isle of Man,LATAM,2025-11-22
18723,Williams and Sons,Healthcare,Enterprise,Barbados,North America,2023-03-24
18724,"Martinez, Gonzales and Obrien",Finance,Enterprise,Argentina,APAC,2026-02-21
18725,Richardson and Sons,Manufacturing,Mid-Market,Pitcairn Islands,North America,2026-05-15
18726,May-Wallace,Finance,SMB,Guatemala,APAC,2023-11-19
18727,Brown-Sutton,Healthcare,Mid-Market,Vietnam,APAC,2023-08-10
18728,Joyce-Rivera,Manufacturing,Enterprise,Kyrgyz Republic,LATAM,2022-10-28
18729,Mcdaniel-Bell,Technology,SMB,Cameroon,LATAM,2026-02-18
18730,Leonard-Pena,Technology,Enterprise,Cape Verde,Europe,2023-10-12
18731,"Elliott, Camacho and Clark",Healthcare,Enterprise,Turkmenistan,North America,2026-01-10
18732,"Bell, Thomas and Miles",Retail,Enterprise,Tunisia,Europe,2025-08-30
18733,Ho-Bass,Technology,Enterprise,Aruba,North America,2024-03-09
18734,Wilson-Bailey,Finance,SMB,Botswana,Europe,2024-08-20
18735,"Jackson, Keller and Johnson",Technology,SMB,Guinea,LATAM,2023-03-13
18736,Mitchell-Thompson,Retail,Enterprise,Costa Rica,APAC,2024-03-17
18737,Perry-Gibbs,Retail,Enterprise,Congo,North America,2025-04-13
18738,Moon-Mclaughlin,Retail,Enterprise,Italy,Europe,2022-11-03
18739,"Patrick, Dickerson and Moore",Manufacturing,Mid-Market,Latvia,APAC,2024-10-01
18740,Nguyen-Edwards,Manufacturing,Mid-Market,Puerto Rico,North America,2023-11-14
18741,"Campbell, Adams and Medina",Retail,SMB,Hong Kong,Europe,2025-03-07
18742,"Mills, Hunter and Ramos",Technology,SMB,Malaysia,Europe,2024-03-31
18743,"Kelly, Burns and Wilkinson",Finance,Mid-Market,Morocco,APAC,2024-10-19
18744,"Oconnor, Barnes and Frye",Healthcare,SMB,Belarus,North America,2025-10-05
18745,Sullivan PLC,Retail,Enterprise,Micronesia,North America,2026-05-15
18746,Shaw Group,Manufacturing,SMB,Tanzania,APAC,2025-01-04
18747,"Powell, Goodman and Ortiz",Healthcare,Enterprise,Italy,North America,2022-11-26
18748,"Bell, Cruz and Fernandez",Healthcare,SMB,Guinea-Bissau,APAC,2026-03-26
18749,Romero-Phillips,Healthcare,SMB,Botswana,Europe,2024-06-18
18750,Harris-Young,Manufacturing,SMB,Hong Kong,LATAM,2024-11-03
18751,Vega-Rice,Healthcare,Mid-Market,Northern Mariana Islands,APAC,2026-01-23
18752,"Dean, Hernandez and Benson",Technology,SMB,Monaco,LATAM,2025-04-21
18753,Park-Smith,Retail,Mid-Market,Jamaica,LATAM,2025-08-02
18754,Lewis LLC,Manufacturing,SMB,Mali,APAC,2024-09-10
18755,"Miller, Murphy and Kelly",Manufacturing,Mid-Market,Uzbekistan,Europe,2025-04-17
18756,Johnson Inc,Manufacturing,Mid-Market,Trinidad and Tobago,LATAM,2024-12-21
18757,"Reed, Gilbert and Ramirez",Technology,Enterprise,New Zealand,APAC,2025-09-29
18758,"Martinez, Kim and Owens",Finance,Enterprise,Venezuela,APAC,2024-08-02
18759,Holmes PLC,Finance,SMB,Botswana,Europe,2024-01-04
18760,"Dean, Booth and Murphy",Finance,Enterprise,Tokelau,LATAM,2024-11-25
18761,Ray PLC,Retail,Enterprise,Equatorial Guinea,Europe,2024-06-09
18762,"Davis, Norman and Delacruz",Manufacturing,Enterprise,Macao,Europe,2023-11-19
18763,Griffin-Mann,Finance,Enterprise,Svalbard & Jan Mayen Islands,APAC,2022-12-30
18764,"Reed, Thompson and Brooks",Retail,SMB,Guyana,LATAM,2025-02-07
18765,Rodriguez Group,Healthcare,Enterprise,Barbados,LATAM,2024-09-14
18766,Rhodes-Armstrong,Manufacturing,Enterprise,Greece,LATAM,2025-10-12
18767,Grant-Day,Finance,SMB,Honduras,APAC,2025-03-04
18768,Diaz-Lee,Manufacturing,SMB,Georgia,LATAM,2023-07-28
18769,Maldonado PLC,Manufacturing,Enterprise,Northern Mariana Islands,APAC,2023-05-16
18770,"Anderson, Charles and Allen",Healthcare,SMB,Equatorial Guinea,LATAM,2024-03-09
18771,"Wilson, Tucker and Thompson",Finance,SMB,Montenegro,Europe,2025-05-12
18772,Walker-King,Healthcare,Enterprise,Turkmenistan,APAC,2022-08-05
18773,Day-Lopez,Technology,SMB,San Marino,Europe,2024-09-08
18774,Johnson-Thomas,Healthcare,SMB,Botswana,LATAM,2025-07-09
18775,"Clark, Lee and Kelly",Finance,Enterprise,Cameroon,Europe,2023-01-28
18776,Zhang LLC,Manufacturing,Enterprise,Kazakhstan,North America,2023-01-19
18777,"Hill, Mcbride and Keller",Technology,Mid-Market,Slovenia,LATAM,2025-10-08
18778,"Anderson, Espinoza and Simmons",Retail,Mid-Market,Rwanda,Europe,2026-01-31
18779,Ross-Krause,Finance,Mid-Market,Slovenia,North America,2023-03-12
18780,"Olson, Mueller and Rivera",Finance,Enterprise,French Polynesia,LATAM,2025-05-17
18781,Campbell-Campos,Finance,Mid-Market,Haiti,LATAM,2026-05-04
18782,Hall LLC,Technology,Mid-Market,Taiwan,Europe,2025-01-28
18783,Jones Inc,Retail,Mid-Market,Turkmenistan,APAC,2025-12-14
18784,"Briggs, Vargas and Davis",Manufacturing,Enterprise,Mayotte,LATAM,2022-12-12
18785,"Barrett, Page and Anderson",Healthcare,Enterprise,Swaziland,North America,2023-11-12
18786,Taylor PLC,Manufacturing,Mid-Market,Marshall Islands,LATAM,2024-03-07
18787,"Hines, Rodriguez and Rodriguez",Retail,Enterprise,Kuwait,North America,2024-12-06
18788,Anderson-Rodriguez,Retail,Mid-Market,French Southern Territories,LATAM,2022-07-02
18789,Arnold-King,Healthcare,Enterprise,South Africa,APAC,2025-09-23
18790,"Wheeler, Rubio and Nichols",Finance,Enterprise,Montserrat,APAC,2026-04-23
18791,"Adams, Gibson and Hayes",Technology,Mid-Market,Northern Mariana Islands,Europe,2022-12-25
18792,Scott-Smith,Finance,SMB,Bangladesh,APAC,2024-09-01
18793,Rodriguez Group,Healthcare,Enterprise,Saint Helena,Europe,2024-02-04
18794,"Young, Marquez and Lane",Healthcare,Mid-Market,Tuvalu,Europe,2022-08-26
18795,Short Inc,Technology,Mid-Market,Cote d'Ivoire,APAC,2025-10-27
18796,Santiago-Clark,Retail,SMB,Gibraltar,LATAM,2026-02-16
18797,Smith-Mitchell,Retail,SMB,Qatar,Europe,2026-02-24
18798,Kim-Villanueva,Manufacturing,Enterprise,Austria,APAC,2022-06-30
18799,Sims and Sons,Finance,Enterprise,Angola,LATAM,2026-06-03
18800,Hardin Inc,Healthcare,Mid-Market,Lebanon,Europe,2025-10-27
18801,Jones-Carlson,Manufacturing,Enterprise,Cameroon,APAC,2025-04-14
18802,"Pineda, Baker and Parker",Finance,Mid-Market,Fiji,Europe,2024-07-08
18803,"Wright, Robinson and Williams",Technology,SMB,Austria,North America,2024-01-19
18804,Johnson-Schaefer,Finance,Enterprise,Grenada,APAC,2026-05-29
18805,"Fischer, Pearson and Kelley",Retail,Mid-Market,Peru,Europe,2024-09-20
18806,Lane Group,Technology,Enterprise,Kuwait,Europe,2023-01-15
18807,Bridges Group,Retail,SMB,Cocos (Keeling) Islands,Europe,2023-05-02
18808,"Franklin, Grant and Cruz",Retail,SMB,Pakistan,North America,2025-04-18
18809,Thomas-Garza,Finance,Enterprise,Guatemala,LATAM,2025-12-02
18810,Greene and Sons,Finance,Enterprise,Central African Republic,North America,2024-08-31
18811,Martinez-Gonzalez,Retail,Mid-Market,Gibraltar,Europe,2026-05-11
18812,"Arnold, Rice and Whitaker",Technology,SMB,Senegal,Europe,2024-10-03
18813,Russell Inc,Healthcare,Enterprise,Venezuela,LATAM,2026-02-11
18814,Guzman-Schneider,Manufacturing,SMB,Guyana,APAC,2025-05-03
18815,"Odom, Garner and Burns",Healthcare,Enterprise,Bolivia,North America,2024-02-23
18816,"Gomez, Pierce and Espinoza",Retail,Mid-Market,Kyrgyz Republic,LATAM,2025-12-19
18817,Brooks LLC,Manufacturing,Enterprise,Saint Lucia,APAC,2025-06-09
18818,Morgan-Stone,Finance,SMB,Sudan,LATAM,2024-04-15
18819,Bowman-May,Manufacturing,Enterprise,Monaco,APAC,2023-06-21
18820,"Nichols, Hoffman and Hooper",Finance,Enterprise,Syrian Arab Republic,Europe,2025-02-14
18821,Williams-Ross,Finance,Mid-Market,Martinique,LATAM,2024-10-31
18822,"Roman, Chapman and Rogers",Technology,SMB,Reunion,LATAM,2026-03-23
18823,Jones-Myers,Retail,Mid-Market,Aruba,APAC,2023-12-20
18824,Mitchell Ltd,Technology,Enterprise,Bulgaria,North America,2024-08-08
18825,Heath-Miller,Healthcare,SMB,Mali,North America,2024-08-11
18826,Hudson-Pratt,Retail,Enterprise,Libyan Arab Jamahiriya,APAC,2024-08-08
18827,Cline-Sloan,Finance,SMB,Somalia,Europe,2024-03-17
18828,"Ray, Bailey and Martinez",Technology,Enterprise,Portugal,LATAM,2025-10-30
18829,Adams-Mclean,Healthcare,Enterprise,Chad,Europe,2025-08-23
18830,Lloyd and Sons,Finance,Enterprise,Guatemala,APAC,2022-08-02
18831,Johnson-Long,Manufacturing,Enterprise,Thailand,Europe,2023-08-30
18832,Nguyen and Sons,Finance,Enterprise,Korea,North America,2025-07-25
18833,"James, Brooks and Hensley",Finance,Enterprise,Angola,APAC,2022-07-10
18834,Johnson Ltd,Healthcare,Mid-Market,Vietnam,LATAM,2023-09-30
18835,"Gardner, Torres and Young",Technology,Mid-Market,Guinea,Europe,2024-02-19
18836,"Green, Young and Oliver",Technology,Mid-Market,Philippines,APAC,2023-10-31
18837,Johnson-Barry,Retail,Enterprise,Australia,North America,2025-01-14
18838,Nguyen Group,Finance,Enterprise,Montserrat,North America,2023-06-12
18839,Salazar-Paul,Healthcare,Enterprise,Nicaragua,LATAM,2024-01-24
18840,Booth-Hanna,Finance,Mid-Market,Senegal,Europe,2025-06-28
18841,"Taylor, Flores and Berry",Technology,SMB,Uganda,LATAM,2022-08-26
18842,Smith-Pena,Finance,Mid-Market,Slovakia (Slovak Republic),Europe,2025-05-26
18843,Blanchard-Landry,Technology,Enterprise,Svalbard & Jan Mayen Islands,North America,2023-09-09
18844,"Gill, Castillo and Stone",Healthcare,Enterprise,Honduras,Europe,2025-03-16
18845,Lopez-Williams,Healthcare,Mid-Market,Falkland Islands (Malvinas),LATAM,2023-05-14
18846,Garcia Ltd,Manufacturing,SMB,Azerbaijan,Europe,2026-04-02
18847,King Inc,Technology,SMB,Zimbabwe,LATAM,2024-10-24
18848,Rojas LLC,Retail,Enterprise,Nigeria,North America,2023-06-07
18849,Larson LLC,Manufacturing,Enterprise,Suriname,North America,2024-12-27
18850,Mckay Ltd,Manufacturing,Enterprise,Bhutan,North America,2023-03-27
18851,Nguyen PLC,Healthcare,Mid-Market,Togo,Europe,2023-07-30
18852,Garcia-Lane,Finance,Enterprise,British Virgin Islands,LATAM,2023-09-15
18853,Rogers-Butler,Healthcare,SMB,Isle of Man,North America,2022-09-12
18854,Lopez-Young,Retail,Enterprise,Heard Island and McDonald Islands,Europe,2023-01-06
18855,Campbell-Scott,Healthcare,SMB,Pakistan,Europe,2023-04-06
18856,Johnson and Sons,Technology,Enterprise,Madagascar,APAC,2026-05-05
18857,Bailey-Diaz,Retail,SMB,Cocos (Keeling) Islands,North America,2025-06-11
18858,Bradley-Martin,Healthcare,Enterprise,Cambodia,APAC,2023-04-28
18859,Young-Stone,Technology,Mid-Market,Saint Pierre and Miquelon,APAC,2024-11-28
18860,Fernandez Inc,Finance,Mid-Market,Brunei Darussalam,APAC,2022-06-11
18861,"Robinson, Brady and Leonard",Retail,Enterprise,Thailand,Europe,2025-03-30
18862,Johnson-Mills,Retail,Mid-Market,Bahrain,North America,2025-01-29
18863,Olsen Inc,Finance,Enterprise,Philippines,Europe,2024-04-06
18864,Holmes and Sons,Technology,Enterprise,Northern Mariana Islands,North America,2024-12-06
18865,"Black, Griffin and Mann",Finance,Enterprise,Palau,Europe,2023-04-29
18866,"Williams, Sloan and Ellison",Technology,SMB,Lithuania,APAC,2024-07-09
18867,Lopez Group,Finance,Enterprise,French Southern Territories,Europe,2024-11-27
18868,"Lawson, Robinson and Beltran",Technology,SMB,Faroe Islands,North America,2024-08-13
18869,Mccormick Inc,Retail,Enterprise,Venezuela,LATAM,2022-06-29
18870,Lopez Ltd,Manufacturing,Mid-Market,Kyrgyz Republic,Europe,2022-10-25
18871,Gonzalez PLC,Technology,Enterprise,Poland,Europe,2024-10-16
18872,Rodriguez-Miller,Retail,Mid-Market,British Virgin Islands,Europe,2023-03-20
18873,Stark Inc,Manufacturing,Enterprise,Sierra Leone,APAC,2023-10-23
18874,Ross Group,Technology,SMB,Korea,APAC,2026-02-01
18875,"Bailey, Myers and Smith",Healthcare,Enterprise,Congo,Europe,2025-10-03
18876,Stanley-Leon,Technology,Enterprise,Bolivia,Europe,2025-03-12
18877,"Holmes, Hall and Holmes",Retail,Mid-Market,Solomon Islands,North America,2024-08-30
18878,Montes PLC,Technology,SMB,New Zealand,LATAM,2023-09-10
18879,"Jennings, Berry and Floyd",Manufacturing,Enterprise,Cuba,LATAM,2023-05-04
18880,"Reyes, Blackwell and Baker",Manufacturing,Enterprise,Saint Lucia,LATAM,2024-05-17
18881,Church-Knight,Finance,Enterprise,Marshall Islands,Europe,2022-08-19
18882,"Miller, Donaldson and Baker",Retail,SMB,Bangladesh,North America,2023-04-16
18883,Lee Ltd,Healthcare,Enterprise,Lesotho,North America,2025-08-20
18884,"Mccarthy, Newman and Tapia",Retail,Mid-Market,Northern Mariana Islands,LATAM,2024-10-10
18885,"Patel, Mitchell and York",Retail,SMB,Myanmar,APAC,2023-06-27
18886,"Parker, Ballard and Vaughn",Finance,SMB,Cook Islands,APAC,2025-10-15
18887,Goodwin-Roberts,Technology,Enterprise,Spain,APAC,2022-11-08
18888,Kennedy Ltd,Retail,Mid-Market,Northern Mariana Islands,Europe,2023-09-03
18889,Lawrence-Mckee,Retail,Enterprise,Oman,Europe,2022-10-01
18890,"Keller, Young and Hendricks",Retail,SMB,Ethiopia,APAC,2024-02-07
18891,Sherman and Sons,Finance,SMB,Djibouti,Europe,2026-03-12
18892,Bennett LLC,Technology,Mid-Market,Norway,LATAM,2023-07-11
18893,Torres Ltd,Finance,SMB,Tunisia,LATAM,2026-03-29
18894,Raymond-Buck,Manufacturing,Mid-Market,Panama,LATAM,2025-03-24
18895,"Turner, Hill and Trujillo",Healthcare,Enterprise,Trinidad and Tobago,Europe,2025-12-01
18896,Green-Andrade,Healthcare,Mid-Market,Ghana,LATAM,2024-03-03
18897,"Lozano, Drake and Stuart",Healthcare,Mid-Market,Uzbekistan,APAC,2025-08-28
18898,Harrison-Brown,Healthcare,Enterprise,Iran,LATAM,2023-12-19
18899,Jones LLC,Finance,Enterprise,Cape Verde,North America,2023-12-04
18900,Fleming Inc,Technology,SMB,Norway,Europe,2022-07-23
18901,"Scott, Ellison and Williams",Manufacturing,Enterprise,Austria,Europe,2025-08-08
18902,Perkins Inc,Technology,Enterprise,Malawi,North America,2023-12-29
18903,Lawson LLC,Healthcare,Enterprise,Sao Tome and Principe,Europe,2022-09-23
18904,"Mendoza, Young and Young",Technology,Enterprise,Marshall Islands,APAC,2025-11-07
18905,Lopez LLC,Finance,SMB,Lao People's Democratic Republic,LATAM,2024-07-10
18906,Wheeler-Roberts,Technology,Enterprise,Faroe Islands,North America,2023-12-05
18907,Holt Ltd,Retail,Mid-Market,Saint Barthelemy,Europe,2025-06-21
18908,Johnson-Cabrera,Finance,Mid-Market,China,North America,2023-02-20
18909,"Smith, Jones and Cox",Retail,Mid-Market,Svalbard & Jan Mayen Islands,LATAM,2023-11-03
18910,Burke Ltd,Technology,Enterprise,Paraguay,APAC,2024-04-30
18911,"Frazier, Richardson and Walter",Finance,Mid-Market,Hungary,North America,2023-04-24
18912,"West, Lawrence and Taylor",Manufacturing,Enterprise,Guatemala,North America,2024-02-11
18913,"Jenkins, Estrada and Carter",Retail,Enterprise,Gambia,North America,2025-05-09
18914,Pugh Group,Finance,Enterprise,Switzerland,North America,2023-12-11
18915,"Mcguire, Parrish and Bailey",Technology,SMB,Hong Kong,North America,2022-11-19
18916,Brewer-Nelson,Retail,Enterprise,Azerbaijan,APAC,2025-09-28
18917,"Carr, Norman and Garcia",Technology,Mid-Market,Botswana,North America,2024-09-15
18918,Grant PLC,Technology,SMB,Poland,North America,2024-10-06
18919,"Evans, Juarez and Turner",Retail,Mid-Market,Zambia,North America,2024-11-01
18920,Nichols Inc,Finance,Enterprise,Hungary,LATAM,2026-05-14
18921,Aguirre-Thompson,Finance,Mid-Market,Maldives,Europe,2023-03-12
18922,Williams PLC,Retail,Mid-Market,Tunisia,LATAM,2022-12-10
18923,Lawson Group,Technology,Enterprise,Sri Lanka,LATAM,2026-02-13
18924,Haney Ltd,Retail,Mid-Market,Argentina,North America,2025-05-06
18925,Sanchez and Sons,Retail,Mid-Market,Saint Vincent and the Grenadines,LATAM,2022-09-26
18926,"Compton, Hunter and Hampton",Finance,SMB,Venezuela,APAC,2025-11-27
18927,James-Pacheco,Manufacturing,Mid-Market,North Macedonia,North America,2024-09-19
18928,"Hale, Jones and Evans",Retail,SMB,Singapore,Europe,2025-11-21
18929,"Coleman, Simpson and Delgado",Retail,Enterprise,El Salvador,North America,2023-03-06
18930,"Cooper, Miller and Smith",Manufacturing,Mid-Market,Turkmenistan,North America,2024-01-31
18931,"Ford, Hawkins and Moore",Manufacturing,SMB,Argentina,LATAM,2025-02-21
18932,"Conway, Herring and Mcfarland",Finance,Enterprise,Sri Lanka,LATAM,2024-07-05
18933,Wilson-Moreno,Healthcare,Mid-Market,Colombia,North America,2025-02-05
18934,"Vazquez, Thompson and Bryant",Finance,Enterprise,Nicaragua,LATAM,2023-09-18
18935,"Hill, Harrison and Gomez",Manufacturing,Enterprise,Sierra Leone,APAC,2025-09-26
18936,Hudson and Sons,Technology,SMB,Kiribati,North America,2023-01-04
18937,"Everett, Sanchez and Cantrell",Healthcare,Mid-Market,Christmas Island,LATAM,2024-04-25
18938,"Cabrera, Simmons and Martin",Healthcare,SMB,Senegal,North America,2023-10-21
18939,Bass-Doyle,Manufacturing,Enterprise,Tajikistan,North America,2022-06-10
18940,Torres-Castro,Manufacturing,Mid-Market,Mauritius,APAC,2025-09-03
18941,Hayes and Sons,Manufacturing,Enterprise,Congo,LATAM,2023-10-12
18942,"Hart, Moore and Johnston",Healthcare,Mid-Market,United States of America,LATAM,2022-12-15
18943,"Patel, West and Henson",Finance,Enterprise,Norway,Europe,2023-05-21
18944,Stafford-Montgomery,Manufacturing,SMB,Brunei Darussalam,North America,2025-09-28
18945,Estrada-Owens,Technology,Enterprise,Marshall Islands,APAC,2026-04-17
18946,Snyder-Miller,Manufacturing,SMB,Belgium,LATAM,2024-07-04
18947,Pierce-Ray,Technology,Enterprise,Nepal,LATAM,2023-07-06
18948,Welch-Holmes,Healthcare,Mid-Market,Singapore,Europe,2025-01-24
18949,"Taylor, Turner and Baker",Healthcare,Mid-Market,Belize,Europe,2022-10-22
18950,"Davila, Ellison and Coleman",Finance,SMB,Guatemala,LATAM,2025-10-28
18951,"Turner, Robertson and Nunez",Manufacturing,Enterprise,Andorra,APAC,2023-07-01
18952,"Meyers, Torres and Garrett",Technology,Enterprise,Lesotho,Europe,2024-10-15
18953,Mcintyre-Rivera,Manufacturing,Mid-Market,Norway,APAC,2023-11-25
18954,Hernandez LLC,Technology,Mid-Market,Croatia,Europe,2023-05-11
18955,Ford and Sons,Manufacturing,SMB,Mexico,LATAM,2024-07-27
18956,Garner-Quinn,Technology,Enterprise,Venezuela,Europe,2024-06-03
18957,Combs-Morgan,Finance,Enterprise,Saint Vincent and the Grenadines,APAC,2025-01-26
18958,Marshall Inc,Retail,SMB,Guadeloupe,LATAM,2024-01-01
18959,"Harmon, George and Bolton",Finance,SMB,Suriname,LATAM,2023-12-24
18960,Martin-Smith,Retail,Enterprise,Hungary,North America,2026-01-07
18961,Williams-Lewis,Retail,Mid-Market,Montserrat,North America,2025-04-08
18962,"Hill, Parsons and Davis",Healthcare,Mid-Market,Switzerland,APAC,2026-01-20
18963,"Sullivan, Patterson and Perez",Retail,SMB,Saudi Arabia,North America,2022-10-19
18964,Vaughan-Barnett,Manufacturing,SMB,British Indian Ocean Territory (Chagos Archipelago),APAC,2025-04-23
18965,Davis-Lamb,Manufacturing,SMB,Dominican Republic,LATAM,2022-10-01
18966,Mclaughlin Group,Technology,SMB,Finland,APAC,2024-05-08
18967,"Scott, Martin and West",Healthcare,Mid-Market,Lithuania,LATAM,2024-02-01
18968,Jones-Robinson,Healthcare,Mid-Market,Myanmar,APAC,2025-05-19
18969,Molina-Wilson,Finance,Enterprise,Palau,Europe,2023-10-22
18970,Mcdonald PLC,Retail,Mid-Market,Benin,Europe,2025-03-23
18971,"Vasquez, Stewart and Gibson",Healthcare,SMB,Poland,LATAM,2022-10-31
18972,Ruiz-Barker,Finance,Mid-Market,Saint Barthelemy,APAC,2023-01-17
18973,Mcguire Ltd,Healthcare,SMB,Tunisia,LATAM,2022-12-14
18974,Clayton PLC,Finance,Mid-Market,Georgia,North America,2025-06-22
18975,Turner-Villegas,Healthcare,Enterprise,Germany,Europe,2026-05-07
18976,Taylor LLC,Finance,SMB,Tunisia,LATAM,2025-01-05
18977,Cummings and Sons,Manufacturing,SMB,Isle of Man,Europe,2023-12-16
18978,Colon-Perez,Manufacturing,Enterprise,Bolivia,Europe,2022-11-11
18979,Ware-Reynolds,Healthcare,SMB,Cocos (Keeling) Islands,North America,2025-10-06
18980,"Davis, Graham and Hines",Finance,Mid-Market,Ukraine,APAC,2024-11-11
18981,Houston Inc,Retail,SMB,Guinea,Europe,2024-01-22
18982,Richardson-Garcia,Technology,Mid-Market,Heard Island and McDonald Islands,Europe,2023-09-13
18983,Perez-Anderson,Technology,Enterprise,China,LATAM,2025-09-28
18984,"Brown, Morales and Edwards",Manufacturing,Enterprise,Burkina Faso,North America,2026-06-02
18985,Mcdowell LLC,Finance,Mid-Market,Saint Pierre and Miquelon,North America,2022-07-15
18986,"Young, Riley and Wells",Healthcare,SMB,Barbados,North America,2024-05-07
18987,"Beck, Brady and Blake",Healthcare,Mid-Market,Sudan,APAC,2023-01-24
18988,Anderson Inc,Manufacturing,SMB,French Polynesia,LATAM,2023-05-15
18989,"Tran, Page and Hernandez",Manufacturing,SMB,Sao Tome and Principe,LATAM,2023-04-24
18990,Jenkins-Brown,Manufacturing,SMB,Timor-Leste,APAC,2024-03-30
18991,"Baker, Cortez and Mcdonald",Finance,Enterprise,Trinidad and Tobago,North America,2024-07-05
18992,Saunders-Sampson,Technology,SMB,Guinea,APAC,2023-08-29
18993,Thompson-Cooper,Healthcare,Enterprise,Romania,Europe,2022-10-06
18994,Hernandez-Whitney,Technology,Mid-Market,France,LATAM,2025-02-20
18995,King-Mcpherson,Manufacturing,Enterprise,Saudi Arabia,North America,2023-08-22
18996,Johnson-Jackson,Manufacturing,Enterprise,Vanuatu,Europe,2023-04-14
18997,Booker PLC,Finance,Enterprise,Guatemala,APAC,2025-12-20
18998,Newman-Romero,Technology,SMB,Guinea-Bissau,APAC,2024-12-21
18999,"Smith, Jimenez and Young",Retail,Mid-Market,Uruguay,North America,2025-10-14
19000,Melendez-Butler,Manufacturing,Mid-Market,Pitcairn Islands,APAC,2024-07-16
19001,Cruz Group,Healthcare,Enterprise,Samoa,LATAM,2025-04-26
19002,Morrow Group,Technology,SMB,Tajikistan,Europe,2024-03-27
19003,Miller Ltd,Technology,Enterprise,Dominican Republic,Europe,2024-09-28
19004,"Barnes, Hernandez and Brown",Manufacturing,SMB,Brunei Darussalam,APAC,2022-08-19
19005,"Patterson, Smith and Brown",Retail,Mid-Market,Finland,LATAM,2024-08-08
19006,"Alexander, Watkins and Harper",Healthcare,Mid-Market,Yemen,APAC,2025-06-19
19007,Moore-Kelly,Retail,SMB,Namibia,Europe,2022-12-03
19008,Dean-Ward,Manufacturing,Enterprise,Uruguay,APAC,2026-01-09
19009,West Inc,Manufacturing,Enterprise,Chile,North America,2023-12-16
19010,"Gibson, Garcia and Murphy",Technology,Mid-Market,Botswana,APAC,2023-12-06
19011,"Gonzalez, Gill and Crosby",Technology,SMB,Saint Kitts and Nevis,Europe,2024-11-27
19012,Sullivan LLC,Technology,SMB,Malta,Europe,2024-02-25
19013,Huber LLC,Healthcare,Enterprise,Benin,LATAM,2024-07-25
19014,"Lewis, Benton and Little",Healthcare,SMB,Turkmenistan,North America,2023-09-04
19015,Camacho LLC,Manufacturing,SMB,Botswana,APAC,2022-11-10
19016,Jensen PLC,Retail,SMB,Western Sahara,APAC,2024-10-25
19017,Santana-Hodge,Finance,SMB,Cuba,LATAM,2022-10-19
19018,Davis Inc,Technology,Mid-Market,South Georgia and the South Sandwich Islands,APAC,2022-12-02
19019,Johnson Group,Healthcare,Enterprise,Nicaragua,APAC,2025-05-29
19020,"Richards, White and Aguirre",Finance,Mid-Market,Tanzania,North America,2024-10-03
19021,Ellis-Becker,Technology,SMB,Puerto Rico,APAC,2026-02-12
19022,Rodriguez-Smith,Finance,SMB,Afghanistan,LATAM,2022-11-07
19023,Rogers-Sparks,Finance,Enterprise,French Polynesia,North America,2025-11-11
19024,Dixon and Sons,Technology,Mid-Market,Costa Rica,North America,2022-11-15
19025,Hernandez-Moody,Technology,Enterprise,Pitcairn Islands,North America,2023-01-21
19026,Cooper LLC,Healthcare,Mid-Market,Bulgaria,Europe,2023-06-19
19027,Joyce-Finley,Finance,Enterprise,New Caledonia,LATAM,2023-12-13
19028,Evans Inc,Manufacturing,SMB,Faroe Islands,North America,2025-06-27
19029,Smith LLC,Healthcare,Enterprise,Zambia,APAC,2023-12-07
19030,"Adams, Cabrera and Melendez",Healthcare,SMB,Turkmenistan,LATAM,2023-10-29
19031,Edwards-Schmitt,Healthcare,Enterprise,Tanzania,Europe,2026-05-20
19032,"Smith, Powell and Thomas",Retail,Enterprise,Togo,North America,2023-01-04
19033,Phillips-James,Healthcare,SMB,Puerto Rico,Europe,2024-08-11
19034,Hale LLC,Healthcare,Mid-Market,Portugal,North America,2023-10-03
19035,"Dunn, Roberts and Haynes",Retail,SMB,Wallis and Futuna,LATAM,2023-06-14
19036,Lyons-Baker,Technology,Enterprise,China,APAC,2026-05-19
19037,Knox-Carter,Technology,Mid-Market,South Africa,Europe,2025-09-21
19038,"Turner, James and Reed",Manufacturing,SMB,Iraq,LATAM,2026-05-06
19039,Day PLC,Manufacturing,SMB,North Macedonia,APAC,2026-01-31
19040,Liu-Newton,Technology,Mid-Market,Vietnam,APAC,2022-06-16
19041,"Wells, Johnson and Friedman",Technology,Enterprise,Gibraltar,North America,2023-12-18
19042,Johnson-Davis,Retail,SMB,North Macedonia,APAC,2024-01-06
19043,Ford Group,Finance,Enterprise,Uzbekistan,LATAM,2026-05-27
19044,"Martin, Anthony and Galloway",Technology,Enterprise,Greece,North America,2025-07-08
19045,"Wilson, Green and Anderson",Retail,Enterprise,Solomon Islands,Europe,2022-09-04
19046,"Evans, Fernandez and Rodriguez",Technology,Enterprise,Slovenia,APAC,2025-10-10
19047,Edwards and Sons,Healthcare,SMB,Lebanon,North America,2024-09-20
19048,"Sampson, Clark and Nicholson",Retail,Mid-Market,Slovenia,North America,2025-04-23
19049,Kramer-Baker,Retail,Enterprise,Taiwan,North America,2022-07-18
19050,"Lamb, Woodard and Stephens",Healthcare,Enterprise,Belgium,North America,2023-03-29
19051,"Frey, Murphy and Farrell",Finance,SMB,Cyprus,North America,2023-08-16
19052,Brock LLC,Healthcare,Enterprise,Cook Islands,LATAM,2025-06-18
19053,Lynch-Green,Retail,SMB,Anguilla,Europe,2022-11-04
19054,"Payne, Anthony and Brady",Manufacturing,Mid-Market,Timor-Leste,Europe,2023-02-12
19055,"Moss, Robertson and Boyd",Technology,SMB,Saint Barthelemy,North America,2023-06-18
19056,Prince Inc,Retail,SMB,Lithuania,North America,2024-02-12
19057,"Herrera, Johnson and Ruiz",Technology,Enterprise,French Guiana,Europe,2022-09-12
19058,Jordan-Wheeler,Manufacturing,Mid-Market,Trinidad and Tobago,APAC,2022-07-07
19059,Johnston-Arias,Healthcare,SMB,Andorra,North America,2024-11-08
19060,Neal-King,Technology,SMB,Bolivia,Europe,2024-09-24
19061,Ibarra-Davidson,Manufacturing,SMB,Falkland Islands (Malvinas),LATAM,2026-01-28
19062,"Park, Hayes and Campbell",Manufacturing,Mid-Market,Andorra,Europe,2025-03-10
19063,"Wright, Rivera and Johnson",Technology,Enterprise,Kuwait,North America,2025-10-19
19064,Johnson-Carter,Healthcare,Enterprise,Burundi,LATAM,2024-12-12
19065,"Abbott, Walker and Stone",Manufacturing,Mid-Market,Swaziland,Europe,2022-11-11
19066,Lee-Cain,Manufacturing,SMB,Lao People's Democratic Republic,North America,2024-03-12
19067,Adams PLC,Technology,Enterprise,Grenada,LATAM,2023-11-04
19068,Frost LLC,Retail,SMB,Argentina,APAC,2025-01-05
19069,Lee-Clark,Healthcare,SMB,Finland,North America,2023-11-29
19070,Young-Dunn,Retail,SMB,Saint Martin,APAC,2026-01-03
19071,"Watkins, Fletcher and Warner",Technology,Mid-Market,Niger,LATAM,2026-02-24
19072,Cooper LLC,Retail,Mid-Market,Paraguay,APAC,2025-04-28
19073,"Hendricks, Johnson and Jimenez",Technology,SMB,Cook Islands,LATAM,2025-12-21
19074,Taylor-Hamilton,Healthcare,Enterprise,Solomon Islands,LATAM,2025-07-19
19075,"Miller, Hawkins and Wells",Retail,Mid-Market,Cape Verde,North America,2024-04-03
19076,"Baker, Morton and Rowland",Manufacturing,Mid-Market,Korea,North America,2023-01-28
19077,Morris-Bond,Retail,Mid-Market,Cocos (Keeling) Islands,Europe,2025-12-16
19078,"Boyd, Curtis and Davis",Technology,SMB,Hong Kong,North America,2024-02-15
19079,Morse Ltd,Manufacturing,SMB,Australia,North America,2022-07-11
19080,Casey-Fisher,Finance,Mid-Market,Uganda,North America,2025-05-28
19081,"Schwartz, Davis and Price",Technology,SMB,Yemen,North America,2023-05-22
19082,"Bond, Moreno and Duran",Manufacturing,Enterprise,Yemen,APAC,2023-10-22
19083,"Carr, Hamilton and Cooper",Technology,Enterprise,United Arab Emirates,North America,2024-05-24
19084,"Martinez, Smith and Livingston",Manufacturing,SMB,Pakistan,North America,2025-07-16
19085,"Johnson, Martin and Davis",Healthcare,SMB,Cook Islands,North America,2025-07-07
19086,Wood-Rogers,Technology,Mid-Market,Czech Republic,APAC,2025-11-15
19087,Jones PLC,Technology,Enterprise,British Virgin Islands,Europe,2023-11-16
19088,"Madden, Hobbs and Sanchez",Retail,SMB,Gabon,North America,2024-12-22
19089,"Mcmahon, Park and Jones",Technology,SMB,Malta,Europe,2023-06-08
19090,"Smith, Jones and Mason",Technology,SMB,Isle of Man,APAC,2026-05-19
19091,Howard Ltd,Finance,Mid-Market,Romania,North America,2025-07-16
19092,Graves-Taylor,Manufacturing,Mid-Market,Norfolk Island,APAC,2026-05-09
19093,Reilly-Davis,Finance,Enterprise,Burkina Faso,APAC,2024-12-08
19094,"Brown, Haynes and Woods",Healthcare,Mid-Market,Tunisia,North America,2025-02-23
19095,Diaz-Tran,Technology,Mid-Market,Guatemala,LATAM,2025-04-11
19096,Ewing Ltd,Finance,Enterprise,Somalia,North America,2024-02-04
19097,Huber-Bautista,Healthcare,Mid-Market,Kazakhstan,North America,2024-12-29
19098,"Briggs, Jones and Lee",Finance,SMB,Nigeria,LATAM,2023-09-08
19099,Carter Group,Retail,SMB,Russian Federation,Europe,2023-01-27
19100,Foley PLC,Manufacturing,Mid-Market,Israel,Europe,2024-04-09
19101,Bell PLC,Finance,Mid-Market,Sudan,APAC,2023-10-27
19102,Russo-Jones,Healthcare,Enterprise,Tajikistan,LATAM,2026-02-24
19103,"Stewart, Nash and Reyes",Manufacturing,Mid-Market,Saint Lucia,Europe,2025-10-05
19104,"Moran, Meza and Hines",Technology,SMB,Jordan,APAC,2024-12-27
19105,"Morales, Tyler and Gonzalez",Technology,Mid-Market,Iceland,North America,2023-12-30
19106,Hendrix Ltd,Technology,SMB,Saint Martin,LATAM,2025-08-04
19107,Sanchez Ltd,Finance,Enterprise,United Arab Emirates,APAC,2023-02-05
19108,"Osborne, Mejia and Brooks",Healthcare,Mid-Market,Malta,North America,2024-06-29
19109,Ford LLC,Healthcare,SMB,Equatorial Guinea,Europe,2025-04-24
19110,"Smith, Gonzalez and Ballard",Healthcare,SMB,Yemen,North America,2022-06-13
19111,"Sheppard, Peterson and Norman",Retail,Mid-Market,Peru,APAC,2023-03-22
19112,Wilkerson-Hernandez,Technology,Mid-Market,Burundi,Europe,2023-03-04
19113,Riley LLC,Finance,Mid-Market,British Indian Ocean Territory (Chagos Archipelago),APAC,2024-08-02
19114,Reynolds Ltd,Healthcare,Mid-Market,Korea,Europe,2026-05-15
19115,Tran-Smith,Technology,Enterprise,Uganda,APAC,2024-08-02
19116,Brooks PLC,Manufacturing,Enterprise,Comoros,APAC,2024-10-16
19117,Walker-Evans,Healthcare,SMB,United Arab Emirates,APAC,2024-01-30
19118,"Vasquez, Jackson and Holmes",Manufacturing,SMB,Italy,North America,2024-07-08
19119,Barnes-Kline,Retail,SMB,Equatorial Guinea,LATAM,2025-11-12
19120,Cantu-Martinez,Retail,Enterprise,Micronesia,APAC,2023-09-12
19121,Jones-Banks,Retail,Mid-Market,Belize,LATAM,2025-09-05
19122,Montes-Torres,Manufacturing,SMB,Malta,APAC,2025-10-28
19123,Young Inc,Retail,SMB,Dominica,APAC,2025-12-14
19124,Love-Gates,Technology,Mid-Market,Dominica,LATAM,2025-07-16
19125,"Black, Brown and Gomez",Finance,Mid-Market,Guernsey,LATAM,2025-02-02
19126,Bailey Inc,Manufacturing,Mid-Market,Ghana,LATAM,2024-05-16
19127,Walters-Barnes,Finance,Mid-Market,Italy,North America,2024-02-22
19128,Martin-Lowe,Finance,Mid-Market,Maldives,APAC,2025-06-30
19129,"Brady, Park and Cochran",Manufacturing,Mid-Market,Indonesia,Europe,2026-03-19
19130,Taylor PLC,Finance,Mid-Market,Comoros,North America,2024-12-08
19131,"Jones, Williams and Jones",Retail,Enterprise,Northern Mariana Islands,APAC,2023-03-26
19132,Marsh Inc,Manufacturing,SMB,French Guiana,North America,2024-03-20
19133,"Gill, Hawkins and Boone",Technology,Mid-Market,Thailand,LATAM,2025-07-16
19134,"Ford, Sanchez and Barrett",Retail,Mid-Market,Brazil,Europe,2025-10-29
19135,Kelly-Grant,Retail,Enterprise,Russian Federation,APAC,2023-10-09
19136,Baker-Foster,Finance,SMB,Azerbaijan,APAC,2024-03-07
19137,Fowler-Lopez,Retail,SMB,Colombia,North America,2022-10-02
19138,Saunders-Oneill,Healthcare,Enterprise,Tanzania,North America,2023-01-12
19139,Gutierrez PLC,Finance,Mid-Market,Armenia,APAC,2023-06-24
19140,"Evans, Simon and Shaw",Technology,SMB,Kazakhstan,North America,2025-05-10
19141,Williams-Campbell,Retail,Enterprise,Northern Mariana Islands,Europe,2022-09-23
19142,Williams Ltd,Manufacturing,SMB,Saudi Arabia,APAC,2025-10-12
19143,Gay Inc,Technology,Enterprise,Congo,LATAM,2022-08-18
19144,Price LLC,Retail,SMB,New Caledonia,North America,2023-09-24
19145,Cantrell-Reyes,Healthcare,SMB,Cyprus,Europe,2023-01-10
19146,"Terrell, Walsh and Wilson",Finance,SMB,Svalbard & Jan Mayen Islands,LATAM,2025-08-06
19147,Walton-Wolf,Retail,Enterprise,Switzerland,Europe,2023-08-11
19148,Norton PLC,Healthcare,Enterprise,Bermuda,APAC,2025-05-16
19149,Salazar-Harrison,Manufacturing,Mid-Market,Bolivia,North America,2023-07-30
19150,White Ltd,Manufacturing,SMB,Rwanda,APAC,2023-08-05
19151,"Keller, Wolfe and Nelson",Technology,Mid-Market,Sri Lanka,LATAM,2023-07-28
19152,"Lynch, Smith and Reynolds",Retail,Enterprise,Eritrea,North America,2023-07-31
19153,Rosario-Rodriguez,Technology,Enterprise,Haiti,North America,2026-03-13
19154,Sanchez-Espinoza,Finance,Enterprise,Western Sahara,APAC,2025-02-27
19155,Jackson PLC,Retail,Enterprise,Ireland,North America,2023-06-19
19156,Rowland-Gibson,Manufacturing,Mid-Market,Cook Islands,Europe,2024-04-16
19157,"Blevins, Farmer and Drake",Manufacturing,SMB,Saint Lucia,LATAM,2026-01-22
19158,Frederick PLC,Finance,SMB,Gibraltar,Europe,2025-09-13
19159,Carson-Owens,Manufacturing,SMB,Qatar,Europe,2023-08-31
19160,Wade-Huynh,Technology,Mid-Market,Sierra Leone,LATAM,2025-10-16
19161,Morrison-Hartman,Finance,Enterprise,Greenland,APAC,2022-11-08
19162,Stephens-Lee,Healthcare,Enterprise,Dominica,APAC,2023-03-07
19163,Bowen PLC,Technology,SMB,Bouvet Island (Bouvetoya),LATAM,2024-04-02
19164,Hammond-Robbins,Finance,SMB,British Indian Ocean Territory (Chagos Archipelago),Europe,2025-02-01
19165,Paul Inc,Retail,Mid-Market,Mali,APAC,2025-02-01
19166,"Harris, Russell and Palmer",Manufacturing,SMB,Uzbekistan,Europe,2026-04-27
19167,Lewis-Jordan,Technology,SMB,Nigeria,LATAM,2026-04-07
19168,Reyes-Sanchez,Manufacturing,Enterprise,Mauritius,North America,2025-02-06
19169,"Carter, Armstrong and Scott",Retail,Mid-Market,Netherlands Antilles,APAC,2026-03-09
19170,Smith-Clarke,Manufacturing,Mid-Market,Sierra Leone,Europe,2023-11-14
19171,Friedman-Hill,Manufacturing,Enterprise,Congo,North America,2024-08-02
19172,"Diaz, Boone and Martinez",Manufacturing,SMB,South Africa,APAC,2025-08-06
19173,Benson LLC,Healthcare,SMB,Kenya,Europe,2023-08-20
19174,"Andrews, Miller and Day",Retail,SMB,Uzbekistan,Europe,2024-12-01
19175,Lee Ltd,Healthcare,Mid-Market,Heard Island and McDonald Islands,LATAM,2025-04-01
19176,"Cummings, Weaver and Foster",Technology,Mid-Market,Ecuador,North America,2025-09-14
19177,Thomas-Henderson,Technology,Enterprise,Angola,Europe,2025-03-18
19178,"Carr, Thornton and Marquez",Manufacturing,SMB,Eritrea,North America,2026-05-06
19179,"Kennedy, Green and Palmer",Manufacturing,Mid-Market,Micronesia,LATAM,2024-08-27
19180,Davis-Marshall,Manufacturing,Mid-Market,South Africa,North America,2026-01-19
19181,Avery-Garcia,Healthcare,Enterprise,Turks and Caicos Islands,APAC,2025-03-07
19182,Jordan Ltd,Finance,SMB,Ghana,APAC,2026-01-27
19183,Johnson PLC,Healthcare,Mid-Market,Botswana,LATAM,2024-02-12
19184,"Harrison, Roberts and Wilson",Healthcare,Enterprise,Samoa,North America,2025-01-30
19185,Huang LLC,Manufacturing,Enterprise,United Arab Emirates,LATAM,2023-12-09
19186,Bennett Ltd,Healthcare,SMB,Bahamas,LATAM,2023-01-03
19187,Moore Group,Technology,SMB,Pakistan,APAC,2024-02-29
19188,Kim and Sons,Manufacturing,SMB,Nepal,APAC,2025-07-12
19189,Anderson LLC,Retail,Enterprise,Togo,LATAM,2025-06-11
19190,Nolan LLC,Technology,Enterprise,Hong Kong,LATAM,2026-03-18
19191,Patton-Barrett,Healthcare,Enterprise,Liberia,APAC,2022-12-14
19192,"Green, Morgan and Whitney",Finance,SMB,Brazil,North America,2025-12-16
19193,Cox Inc,Healthcare,Mid-Market,Barbados,APAC,2025-01-23
19194,"Reynolds, Peterson and Jackson",Manufacturing,Mid-Market,Madagascar,North America,2023-09-17
19195,"Owens, Flores and Miller",Finance,Enterprise,Bolivia,LATAM,2025-06-27
19196,Huff Inc,Retail,Mid-Market,Croatia,APAC,2024-09-09
19197,Lopez LLC,Manufacturing,SMB,Uruguay,APAC,2023-11-06
19198,Anderson LLC,Retail,Enterprise,Saint Martin,North America,2024-04-28
19199,"Smith, Montes and Jarvis",Manufacturing,SMB,Guyana,APAC,2024-02-08
19200,"Thomas, Thompson and Owens",Finance,Mid-Market,United Kingdom,North America,2023-06-25
19201,Woods-Hill,Retail,Mid-Market,Zambia,APAC,2026-01-31
19202,Smith Inc,Healthcare,Mid-Market,Dominican Republic,North America,2022-08-17
19203,"Webster, Villarreal and Chavez",Technology,Mid-Market,Belgium,LATAM,2026-03-18
19204,Williams-Mitchell,Healthcare,SMB,Saint Barthelemy,Europe,2023-04-23
19205,"Roberts, Smith and Cook",Finance,Enterprise,Azerbaijan,Europe,2025-08-28
19206,Norris-Young,Healthcare,Enterprise,Isle of Man,LATAM,2023-02-24
19207,"Cook, Gillespie and Gibson",Manufacturing,Mid-Market,Trinidad and Tobago,North America,2022-06-16
19208,"Stone, Harris and Dean",Retail,SMB,Slovakia (Slovak Republic),Europe,2023-09-11
19209,"Lucas, Moore and Lewis",Retail,SMB,Greece,APAC,2025-09-06
19210,Gonzalez-Miller,Retail,Enterprise,Tonga,APAC,2022-12-05
19211,Holloway Inc,Finance,Enterprise,Malaysia,APAC,2025-10-15
19212,Ward-Forbes,Technology,Enterprise,Netherlands,Europe,2022-06-12
19213,Guzman-Morgan,Finance,Enterprise,Albania,Europe,2024-08-12
19214,Martinez-Rodriguez,Manufacturing,Enterprise,South Georgia and the South Sandwich Islands,APAC,2026-01-16
19215,Williams-Newman,Healthcare,Mid-Market,South Georgia and the South Sandwich Islands,North America,2023-02-07
19216,Carter-Thompson,Healthcare,SMB,United States Minor Outlying Islands,North America,2022-08-14
19217,Mitchell-Weiss,Healthcare,Mid-Market,Kiribati,North America,2024-05-20
19218,Maxwell LLC,Healthcare,SMB,Burundi,LATAM,2025-06-13
19219,Ford-Norton,Technology,Enterprise,Kyrgyz Republic,LATAM,2023-04-10
19220,Reeves-Robinson,Finance,Mid-Market,Dominican Republic,Europe,2025-10-12
19221,Perkins-Jones,Retail,SMB,Brazil,LATAM,2024-01-31
19222,Carr Group,Retail,Mid-Market,Bangladesh,LATAM,2023-06-25
19223,Miles-Watson,Manufacturing,Mid-Market,Tajikistan,LATAM,2024-04-05
19224,Brown Inc,Healthcare,SMB,Nicaragua,APAC,2023-05-09
19225,Reyes-Schmidt,Technology,SMB,Brunei Darussalam,Europe,2026-04-03
19226,Morgan-Smith,Healthcare,Mid-Market,Tokelau,APAC,2022-07-26
19227,Huber-Anderson,Finance,Mid-Market,Burundi,North America,2026-02-24
19228,Lin-Smith,Manufacturing,Enterprise,Lao People's Democratic Republic,North America,2023-05-30
19229,Lucas and Sons,Technology,SMB,United States Virgin Islands,Europe,2024-03-19
19230,"Perkins, White and Parks",Manufacturing,Enterprise,India,APAC,2024-06-16
19231,Hall-Rice,Technology,SMB,Myanmar,APAC,2022-09-08
19232,Booth LLC,Retail,Enterprise,Guadeloupe,LATAM,2024-10-20
19233,"Adams, Bishop and Hall",Retail,Mid-Market,Saint Kitts and Nevis,North America,2024-10-24
19234,Scott-Adams,Technology,Mid-Market,Afghanistan,North America,2024-08-04
19235,"Aguilar, Rice and Thomas",Retail,SMB,Isle of Man,LATAM,2025-06-27
19236,Brown Ltd,Finance,Mid-Market,Ghana,LATAM,2025-12-09
19237,Johnson Ltd,Manufacturing,SMB,Lebanon,North America,2025-01-22
19238,Owens PLC,Technology,Mid-Market,Saint Martin,North America,2025-05-25
19239,"Burnett, Peters and Mcfarland",Manufacturing,Mid-Market,Bahrain,North America,2022-10-27
19240,"Munoz, Cooke and Morgan",Technology,SMB,Suriname,LATAM,2022-06-22
19241,Cantrell-Stevens,Finance,Enterprise,Sweden,Europe,2023-11-04
19242,King LLC,Retail,Mid-Market,Hungary,Europe,2023-09-06
19243,Higgins-Hicks,Healthcare,Mid-Market,Tajikistan,LATAM,2025-03-29
19244,Kelly and Sons,Retail,Mid-Market,Tunisia,Europe,2023-08-20
19245,Freeman PLC,Healthcare,SMB,Palestinian Territory,LATAM,2025-04-19
19246,Solis Ltd,Technology,Enterprise,Bangladesh,North America,2023-08-28
19247,Williams Ltd,Healthcare,Mid-Market,Mali,LATAM,2022-10-12
19248,Morrow-Robinson,Retail,Enterprise,Djibouti,APAC,2023-10-24
19249,Alvarado Group,Healthcare,Mid-Market,South Africa,North America,2023-01-25
19250,Keller-Hill,Healthcare,Mid-Market,Namibia,North America,2024-05-06
19251,"Brewer, Peterson and Robinson",Healthcare,Mid-Market,Italy,North America,2025-04-15
19252,Anthony-Hernandez,Finance,Enterprise,Montenegro,LATAM,2025-08-28
19253,Underwood Ltd,Finance,SMB,Papua New Guinea,Europe,2023-12-11
19254,"Robinson, Jones and Dennis",Healthcare,Enterprise,Mexico,North America,2023-02-25
19255,"Martin, Williams and Santiago",Technology,Mid-Market,Malaysia,North America,2024-09-10
19256,Cuevas-Hall,Retail,Mid-Market,Guatemala,Europe,2024-05-03
19257,Barr-Dickerson,Technology,Mid-Market,Malta,LATAM,2023-11-06
19258,Ortiz-Jackson,Healthcare,SMB,Czech Republic,Europe,2024-12-09
19259,English-Edwards,Retail,Enterprise,Turks and Caicos Islands,Europe,2024-07-25
19260,Galvan Ltd,Healthcare,Enterprise,Antigua and Barbuda,Europe,2026-06-04
19261,Turner-Smith,Healthcare,Mid-Market,Bosnia and Herzegovina,Europe,2023-12-05
19262,Edwards-Spears,Retail,Enterprise,Rwanda,North America,2025-05-31
19263,Eaton LLC,Manufacturing,SMB,Korea,Europe,2023-05-10
19264,Lynch Inc,Manufacturing,Enterprise,Denmark,North America,2023-08-29
19265,Mack Ltd,Retail,Enterprise,Aruba,APAC,2025-06-23
19266,"Watkins, Harrison and Carter",Finance,SMB,Russian Federation,Europe,2024-09-29
19267,"Mccarthy, Wilson and Dunn",Manufacturing,Enterprise,Maldives,Europe,2022-12-11
19268,"Williams, Evans and Hicks",Finance,Mid-Market,Slovenia,APAC,2025-10-07
19269,Hall LLC,Finance,SMB,Palestinian Territory,North America,2025-07-13
19270,Frederick Ltd,Finance,Enterprise,Austria,LATAM,2025-04-30
19271,Carlson-Donaldson,Finance,Enterprise,Mauritania,North America,2026-03-31
19272,Day-Wilson,Manufacturing,Enterprise,Malawi,APAC,2026-01-21
19273,Sanchez PLC,Healthcare,Enterprise,Bahrain,North America,2024-08-06
19274,"Mccoy, Maldonado and Cain",Finance,SMB,Myanmar,Europe,2024-09-13
19275,Mills and Sons,Healthcare,Mid-Market,Armenia,Europe,2024-08-11
19276,"Smith, Meyer and Leonard",Technology,Enterprise,Guam,APAC,2022-09-27
19277,Hayes-Jackson,Healthcare,SMB,Western Sahara,APAC,2026-01-03
19278,Clark-Simmons,Healthcare,SMB,India,North America,2025-11-12
19279,"Meza, Gomez and Garcia",Technology,Mid-Market,Guernsey,North America,2025-10-12
19280,Wells PLC,Manufacturing,Enterprise,Cape Verde,APAC,2025-07-04
19281,"Nelson, Moore and Edwards",Technology,SMB,Venezuela,LATAM,2022-09-24
19282,Morrison Ltd,Technology,Enterprise,Kiribati,LATAM,2024-12-04
19283,Colon and Sons,Manufacturing,Mid-Market,Guinea,LATAM,2024-09-27
19284,Garrett Group,Technology,SMB,Guatemala,Europe,2023-05-23
19285,Brown-Morrow,Manufacturing,Enterprise,Puerto Rico,North America,2025-01-21
19286,Oconnor-Boyd,Manufacturing,Enterprise,Montenegro,North America,2025-10-31
19287,"Clarke, Humphrey and Jones",Healthcare,Mid-Market,Turkey,APAC,2025-10-07
19288,"Kim, Martinez and Davis",Technology,Enterprise,Palestinian Territory,North America,2023-10-24
19289,"Clark, Hayes and Russell",Finance,Mid-Market,Guatemala,APAC,2026-03-21
19290,Glenn and Sons,Healthcare,Mid-Market,Martinique,APAC,2023-02-26
19291,"Weiss, Thomas and Barrett",Healthcare,Mid-Market,Syrian Arab Republic,APAC,2022-11-21
19292,Murphy-Love,Manufacturing,Mid-Market,Israel,North America,2023-11-17
19293,Burton Ltd,Finance,Enterprise,Liberia,APAC,2023-02-27
19294,Estes-Little,Manufacturing,Mid-Market,Norfolk Island,LATAM,2023-11-12
19295,Ibarra Ltd,Finance,SMB,Nepal,LATAM,2025-01-10
19296,"Hayden, Phillips and Smith",Manufacturing,SMB,Iraq,LATAM,2025-05-15
19297,"Mcdaniel, Lewis and Myers",Finance,SMB,Falkland Islands (Malvinas),LATAM,2025-09-05
19298,Love Group,Finance,Enterprise,Macao,APAC,2025-12-17
19299,Luna-Garcia,Retail,Enterprise,Finland,APAC,2024-12-18
19300,Nelson PLC,Finance,Mid-Market,Tonga,LATAM,2022-10-06
19301,"Alexander, Davis and Gonzalez",Technology,Enterprise,Cyprus,APAC,2026-02-19
19302,Chan-Mccall,Healthcare,Mid-Market,Cote d'Ivoire,APAC,2023-10-29
19303,Scott Inc,Retail,Mid-Market,Aruba,APAC,2024-06-03
19304,Beard-Pearson,Retail,SMB,Liechtenstein,North America,2024-07-12
19305,Carson-Bautista,Retail,Enterprise,Gibraltar,APAC,2024-05-13
19306,Galvan LLC,Healthcare,SMB,Slovenia,APAC,2026-04-21
19307,"Moody, Richardson and Hunt",Manufacturing,Mid-Market,Algeria,APAC,2025-03-24
19308,"Flores, Parker and Clark",Technology,Enterprise,Kuwait,North America,2023-01-13
19309,Weaver Group,Healthcare,SMB,Haiti,North America,2025-10-13
19310,"Hill, Graham and Allen",Manufacturing,Enterprise,Antarctica (the territory South of 60 deg S),APAC,2024-09-26
19311,Morris Ltd,Technology,SMB,Ireland,North America,2023-01-25
19312,Bailey Ltd,Healthcare,Mid-Market,Vanuatu,LATAM,2022-09-17
19313,"Stout, Wilson and Rivera",Healthcare,Enterprise,Israel,APAC,2024-12-20
19314,"Dunn, Schwartz and Davis",Retail,SMB,Sri Lanka,North America,2024-04-11
19315,Gardner LLC,Retail,SMB,Saint Martin,LATAM,2024-01-22
19316,Hamilton Inc,Technology,SMB,Heard Island and McDonald Islands,APAC,2024-03-20
19317,"James, Hayes and Miller",Finance,Enterprise,Sudan,Europe,2023-05-03
19318,"Williams, Sullivan and Dean",Healthcare,Enterprise,Marshall Islands,LATAM,2023-10-17
19319,"Higgins, Alvarado and Hill",Retail,Mid-Market,Croatia,North America,2025-07-16
19320,"Nelson, Howard and Park",Healthcare,SMB,Aruba,Europe,2022-10-05
19321,Schneider-Smith,Healthcare,Mid-Market,Austria,North America,2024-04-08
19322,"Wilkinson, Hunter and Stevens",Manufacturing,SMB,Pitcairn Islands,Europe,2023-10-02
19323,Townsend-Orozco,Retail,SMB,Paraguay,North America,2025-03-02
19324,Melton and Sons,Retail,Enterprise,Chad,Europe,2025-07-17
19325,Moore and Sons,Manufacturing,SMB,United States Virgin Islands,APAC,2022-09-25
19326,"Duncan, Evans and Mitchell",Retail,Enterprise,Svalbard & Jan Mayen Islands,Europe,2026-04-06
19327,Hansen LLC,Technology,Mid-Market,Saint Vincent and the Grenadines,LATAM,2025-03-11
19328,Price PLC,Manufacturing,Enterprise,Sri Lanka,APAC,2025-09-30
19329,Alexander-Reynolds,Finance,SMB,Thailand,Europe,2025-09-26
19330,Camacho-Adams,Retail,SMB,Kenya,Europe,2022-09-24
19331,Soto-Little,Manufacturing,SMB,Saudi Arabia,APAC,2022-07-28
19332,"Terry, Pena and Vasquez",Technology,SMB,Bangladesh,APAC,2025-12-06
19333,Petty LLC,Healthcare,Enterprise,Mongolia,North America,2024-08-21
19334,Haynes-Esparza,Healthcare,SMB,Paraguay,North America,2022-09-12
19335,Turner and Sons,Finance,Mid-Market,Gabon,LATAM,2023-02-03
19336,"Powell, Watkins and Allen",Healthcare,SMB,North Macedonia,North America,2023-03-27
19337,"Garcia, Medina and Davis",Retail,Enterprise,Zambia,Europe,2023-09-27
19338,Chandler-French,Retail,Mid-Market,Mauritania,North America,2024-04-05
19339,"Carter, Patterson and Williams",Finance,Mid-Market,Colombia,Europe,2024-10-14
19340,"Taylor, Moss and Sanchez",Finance,Mid-Market,Denmark,North America,2026-05-11
19341,"Gibson, Murphy and Mills",Retail,Enterprise,Liberia,North America,2022-08-23
19342,"King, Watkins and Davis",Finance,Enterprise,British Virgin Islands,APAC,2025-05-18
19343,Bauer-Richardson,Retail,SMB,Bahrain,LATAM,2025-07-18
19344,Tanner PLC,Manufacturing,Enterprise,Zimbabwe,APAC,2024-09-06
19345,Sanders Group,Retail,Mid-Market,Thailand,North America,2024-03-26
19346,Alvarez-Rangel,Retail,SMB,Monaco,Europe,2024-05-03
19347,Bass Inc,Finance,Mid-Market,Libyan Arab Jamahiriya,LATAM,2026-01-23
19348,"Elliott, Diaz and Jackson",Retail,SMB,South Georgia and the South Sandwich Islands,Europe,2023-06-18
19349,Douglas LLC,Finance,SMB,Canada,LATAM,2025-02-23
19350,Drake-Shaffer,Manufacturing,Mid-Market,Panama,Europe,2025-01-31
19351,"Hardin, Sanders and Miller",Finance,Mid-Market,Niger,LATAM,2023-06-23
19352,Mitchell Ltd,Manufacturing,Mid-Market,Tajikistan,APAC,2025-12-02
19353,Hanson Group,Technology,Enterprise,Suriname,APAC,2025-12-27
19354,Guzman Group,Finance,Enterprise,Liechtenstein,North America,2022-06-12
19355,Gibson Ltd,Finance,Mid-Market,Peru,North America,2023-03-09
19356,Hawkins-Reyes,Technology,SMB,North Macedonia,North America,2022-06-18
19357,Day Ltd,Technology,SMB,Liberia,LATAM,2022-09-03
19358,Carr-Rose,Healthcare,SMB,Netherlands,Europe,2023-09-09
19359,Wilkinson LLC,Healthcare,SMB,United States Virgin Islands,North America,2025-12-18
19360,"Russell, Jones and Thomas",Technology,SMB,Chile,LATAM,2025-11-22
19361,"Sutton, Dean and Park",Technology,Mid-Market,Greenland,APAC,2024-01-30
19362,"Evans, Carney and Rivera",Technology,Mid-Market,Serbia,LATAM,2023-03-13
19363,"Carter, Bradley and Graves",Retail,SMB,Hong Kong,Europe,2025-01-06
19364,Haas-Morris,Finance,Mid-Market,Russian Federation,APAC,2026-01-03
19365,"Hart, Williams and Reed",Manufacturing,Mid-Market,Yemen,LATAM,2023-08-26
19366,Olson Ltd,Retail,Enterprise,Benin,LATAM,2026-05-08
19367,Dixon Group,Healthcare,SMB,Korea,LATAM,2025-07-30
19368,Hobbs LLC,Manufacturing,Mid-Market,Suriname,APAC,2026-01-29
19369,Leon Inc,Technology,Mid-Market,Guernsey,APAC,2022-10-11
19370,Hansen-Montoya,Finance,Mid-Market,Somalia,LATAM,2023-06-16
19371,"Wong, Valentine and Hoffman",Technology,Mid-Market,United States of America,APAC,2024-01-14
19372,Davis Group,Healthcare,SMB,Nepal,LATAM,2023-08-21
19373,Tate-Campbell,Finance,Mid-Market,Svalbard & Jan Mayen Islands,North America,2024-10-21
19374,Lopez-Adams,Technology,Enterprise,Falkland Islands (Malvinas),Europe,2022-09-09
19375,Wong-Snow,Manufacturing,Enterprise,North Macedonia,APAC,2023-05-25
19376,Robinson-Kelly,Healthcare,Enterprise,British Virgin Islands,North America,2022-07-22
19377,Martinez-Compton,Finance,Mid-Market,Taiwan,APAC,2023-03-29
19378,"Perez, Nelson and Green",Finance,SMB,Antigua and Barbuda,APAC,2025-12-03
19379,"Walsh, Cruz and Johnson",Healthcare,Mid-Market,Georgia,APAC,2025-07-26
19380,Walker-Cole,Retail,Enterprise,Gambia,LATAM,2022-07-30
19381,Drake Inc,Retail,Enterprise,Antigua and Barbuda,Europe,2025-02-15
19382,Lewis Inc,Healthcare,SMB,Bolivia,Europe,2025-10-11
19383,Moore Ltd,Healthcare,Mid-Market,American Samoa,North America,2025-06-19
19384,Bond Ltd,Healthcare,Mid-Market,Singapore,Europe,2025-04-17
19385,"Allen, Burke and Griffin",Technology,Mid-Market,United States of America,LATAM,2022-12-01
19386,Weber-Hernandez,Technology,SMB,United States Minor Outlying Islands,APAC,2024-08-28
19387,Savage Group,Technology,Enterprise,Turkey,Europe,2024-05-30
19388,"Stephenson, Bryant and Dean",Manufacturing,Enterprise,Cote d'Ivoire,APAC,2023-06-28
19389,"Jacobs, Cabrera and Wilson",Manufacturing,Enterprise,Georgia,APAC,2024-08-10
19390,Miller PLC,Retail,Mid-Market,Kazakhstan,Europe,2026-03-24
19391,Krause-Anderson,Retail,Enterprise,Niue,APAC,2026-04-06
19392,Jenkins-Marshall,Healthcare,Enterprise,Egypt,Europe,2023-11-07
19393,Colon-Gibson,Technology,Enterprise,Grenada,North America,2023-06-26
19394,Sanchez-Stewart,Finance,SMB,Cyprus,North America,2023-06-02
19395,Jimenez and Sons,Healthcare,Mid-Market,Uganda,LATAM,2026-06-03
19396,Velez-King,Finance,Mid-Market,Nepal,North America,2023-03-01
19397,"Jackson, Rodriguez and Roberson",Retail,Enterprise,Egypt,North America,2024-01-06
19398,Lopez-Walters,Retail,Enterprise,Sierra Leone,North America,2023-01-23
19399,Mathis-Black,Healthcare,Mid-Market,Cambodia,APAC,2023-07-05
19400,Cooper Group,Retail,SMB,Saint Barthelemy,LATAM,2025-05-16
19401,Price Ltd,Retail,Mid-Market,Benin,APAC,2023-04-03
19402,"Weber, Gonzales and Jacobson",Finance,Enterprise,Qatar,North America,2023-09-17
19403,Palmer PLC,Healthcare,Mid-Market,Nepal,LATAM,2025-11-22
19404,"Mclaughlin, Barr and Garcia",Retail,Enterprise,French Guiana,North America,2022-10-16
19405,Henderson and Sons,Finance,SMB,Guyana,North America,2022-07-22
19406,Olson-Cordova,Retail,Mid-Market,Ireland,North America,2025-04-10
19407,Brown Ltd,Retail,SMB,Trinidad and Tobago,APAC,2025-04-06
19408,"Salazar, Wilkerson and Flores",Healthcare,Mid-Market,Cayman Islands,APAC,2024-03-04
19409,Johnson-Miller,Retail,Mid-Market,Gabon,North America,2026-03-23
19410,Rodriguez-Mcguire,Healthcare,SMB,Zambia,Europe,2023-02-08
19411,Duffy LLC,Technology,Enterprise,Kuwait,APAC,2023-11-09
19412,"Ashley, Johnson and Mccall",Retail,SMB,Vanuatu,North America,2023-10-13
19413,"Peterson, Stout and Phillips",Healthcare,SMB,Cuba,LATAM,2023-11-27
19414,Villarreal-Ellis,Retail,Mid-Market,France,North America,2025-09-03
19415,Weaver LLC,Retail,SMB,Rwanda,APAC,2025-03-30
19416,Henry-Martin,Technology,Mid-Market,Rwanda,Europe,2023-10-12
19417,Hernandez PLC,Healthcare,Mid-Market,Maldives,North America,2024-10-22
19418,Nguyen-Martinez,Healthcare,Mid-Market,Togo,APAC,2025-11-06
19419,Gonzalez-Adkins,Technology,SMB,Holy See (Vatican City State),LATAM,2026-04-10
19420,Greene-Santana,Manufacturing,Enterprise,Chile,LATAM,2024-04-27
19421,Bentley Group,Retail,Mid-Market,Argentina,LATAM,2024-08-24
19422,Cook Group,Retail,Mid-Market,Anguilla,LATAM,2023-02-12
19423,Lawson-Thompson,Finance,SMB,Jamaica,LATAM,2025-06-03
19424,Morgan-Nguyen,Technology,Mid-Market,Norfolk Island,Europe,2022-11-22
19425,Keith PLC,Technology,Enterprise,Bolivia,North America,2022-11-21
19426,"Bowman, Miller and Smith",Manufacturing,Mid-Market,Nigeria,LATAM,2023-01-06
19427,"Harris, Woods and Webb",Manufacturing,Mid-Market,Lithuania,Europe,2022-07-15
19428,"Reeves, Bates and Hines",Finance,Mid-Market,Cocos (Keeling) Islands,LATAM,2022-09-06
19429,Logan-Reynolds,Healthcare,Mid-Market,Estonia,LATAM,2025-08-03
19430,Anderson Group,Technology,Enterprise,Cook Islands,North America,2026-04-11
19431,"Henry, Mcconnell and Ramirez",Manufacturing,SMB,Qatar,North America,2023-09-27
19432,Mckay-Long,Retail,SMB,Austria,Europe,2022-09-30
19433,"Kline, White and Powell",Finance,SMB,Saint Martin,LATAM,2026-01-06
19434,Patel-Lee,Retail,SMB,Swaziland,LATAM,2025-04-29
19435,"Crawford, Rivas and Holden",Retail,Mid-Market,Bulgaria,North America,2023-03-12
19436,"David, Poole and Ellis",Finance,Mid-Market,Rwanda,North America,2025-12-18
19437,"Rhodes, White and Williams",Technology,Mid-Market,Kenya,North America,2025-09-03
19438,"Daniel, Robertson and Thomas",Retail,Enterprise,Congo,North America,2022-08-19
19439,Francis Ltd,Finance,Mid-Market,Estonia,APAC,2024-03-15
19440,Burnett-Torres,Manufacturing,Enterprise,Turkey,LATAM,2025-12-10
19441,Pruitt LLC,Finance,Mid-Market,Malaysia,APAC,2024-05-04
19442,Costa Inc,Manufacturing,SMB,Colombia,APAC,2024-05-17
19443,Smith-Cook,Technology,Enterprise,Dominican Republic,North America,2023-10-08
19444,"Weiss, Jenkins and Harvey",Retail,SMB,Russian Federation,Europe,2025-02-26
19445,"Smith, Wilkins and Adkins",Technology,SMB,Papua New Guinea,APAC,2024-10-15
19446,Mcclure-Martin,Finance,SMB,Brazil,APAC,2024-05-24
19447,Shields-Maldonado,Manufacturing,Mid-Market,Libyan Arab Jamahiriya,LATAM,2024-02-06
19448,"Alexander, Horne and Salinas",Manufacturing,SMB,Georgia,Europe,2024-07-10
19449,Rush PLC,Retail,SMB,New Zealand,Europe,2025-03-13
19450,Elliott Ltd,Healthcare,SMB,Ireland,LATAM,2022-09-09
19451,Potts-Bautista,Retail,SMB,Rwanda,LATAM,2024-02-25
19452,"Perry, Reed and Stanley",Retail,Enterprise,Korea,LATAM,2024-10-19
19453,Montgomery Group,Healthcare,Enterprise,Papua New Guinea,APAC,2024-04-03
19454,Lee PLC,Technology,Enterprise,Swaziland,North America,2023-01-06
19455,Aguilar-Gonzalez,Healthcare,SMB,Solomon Islands,Europe,2023-01-26
19456,"Dominguez, Martinez and Pugh",Retail,SMB,Singapore,APAC,2026-01-16
19457,Castro Ltd,Finance,Enterprise,Kiribati,APAC,2022-08-05
19458,Marks Group,Manufacturing,SMB,Jersey,North America,2022-06-12
19459,Owens and Sons,Healthcare,SMB,Barbados,APAC,2025-02-14
19460,Thomas-Gilbert,Healthcare,Enterprise,Netherlands Antilles,North America,2026-04-24
19461,Carroll Inc,Manufacturing,SMB,New Zealand,LATAM,2022-12-02
19462,Bryant Ltd,Technology,Enterprise,Niue,North America,2024-12-26
19463,"Morris, Hayes and Goodman",Retail,Mid-Market,Tunisia,Europe,2023-06-21
19464,Brooks Inc,Healthcare,Enterprise,Benin,North America,2026-04-22
19465,Griffin-Williams,Retail,Mid-Market,New Zealand,LATAM,2022-11-05
19466,Leblanc Inc,Technology,Mid-Market,Saint Lucia,APAC,2023-10-10
19467,Watkins-Bennett,Manufacturing,SMB,Montenegro,APAC,2022-10-31
19468,Andrews LLC,Manufacturing,SMB,Central African Republic,LATAM,2022-07-07
19469,Guerra-Morales,Healthcare,SMB,Saint Martin,APAC,2024-07-14
19470,"Myers, Schroeder and Fritz",Retail,Enterprise,Nauru,LATAM,2025-07-25
19471,Morrison and Sons,Healthcare,Enterprise,North Macedonia,Europe,2025-02-24
19472,Craig Inc,Finance,SMB,Morocco,APAC,2026-01-04
19473,Edwards PLC,Healthcare,SMB,Vanuatu,North America,2024-11-28
19474,Hunt LLC,Retail,Enterprise,Oman,North America,2023-02-27
19475,"Manning, Hernandez and Brown",Manufacturing,SMB,New Zealand,LATAM,2026-03-05
19476,"Scott, Smith and Patterson",Finance,Enterprise,Korea,Europe,2023-01-24
19477,Welch-Sandoval,Retail,Mid-Market,Somalia,North America,2025-03-04
19478,"Williamson, Mcbride and Thomas",Manufacturing,Enterprise,Dominican Republic,Europe,2026-02-04
19479,"Castro, Gonzalez and Miller",Finance,SMB,Malawi,LATAM,2024-05-23
19480,Downs and Sons,Technology,SMB,Saint Pierre and Miquelon,LATAM,2022-11-27
19481,Calhoun PLC,Retail,SMB,Solomon Islands,LATAM,2024-11-30
19482,Stewart-Kennedy,Retail,Mid-Market,Bulgaria,APAC,2025-09-20
19483,Thomas LLC,Technology,Mid-Market,Equatorial Guinea,LATAM,2024-02-11
19484,"Moore, Brown and Dixon",Retail,SMB,Montserrat,APAC,2026-01-21
19485,"Proctor, King and Foley",Manufacturing,Enterprise,Tokelau,Europe,2024-09-17
19486,"Kaiser, Meyer and Ross",Retail,SMB,Botswana,Europe,2024-04-20
19487,Gordon Inc,Healthcare,Mid-Market,Northern Mariana Islands,Europe,2025-02-26
19488,"Nguyen, Gordon and Miles",Healthcare,SMB,Chile,Europe,2024-05-20
19489,Lester PLC,Manufacturing,Mid-Market,Cook Islands,North America,2024-03-25
19490,Glover-Mcdowell,Retail,Mid-Market,Andorra,Europe,2026-01-15
19491,"Edwards, Espinoza and Clements",Manufacturing,SMB,Mongolia,APAC,2025-07-24
19492,Ryan-Li,Manufacturing,Mid-Market,Tuvalu,Europe,2022-12-16
19493,Rogers-Knight,Finance,Mid-Market,Peru,Europe,2026-06-04
19494,"Garcia, Nguyen and Bailey",Finance,SMB,Iran,Europe,2026-04-04
19495,"Osborn, Sanchez and Cruz",Manufacturing,Mid-Market,Argentina,LATAM,2025-03-21
19496,"Chen, Rodriguez and Martin",Retail,Mid-Market,Cote d'Ivoire,LATAM,2024-10-08
19497,Scott-Rodriguez,Technology,SMB,Austria,North America,2022-07-22
19498,Mcconnell-Hunt,Manufacturing,Enterprise,Canada,APAC,2025-10-11
19499,"Roberts, Powell and Simon",Manufacturing,Enterprise,Belize,North America,2023-11-30
19500,"Medina, Serrano and Hurst",Finance,Enterprise,Fiji,North America,2023-03-27
19501,Walker-Sanchez,Healthcare,Enterprise,Mayotte,APAC,2025-08-29
19502,Lopez-Stevens,Manufacturing,Mid-Market,Solomon Islands,LATAM,2026-04-01
19503,"Ali, Cabrera and Bailey",Retail,Enterprise,Zambia,Europe,2024-03-27
19504,Smith Group,Technology,Mid-Market,Burundi,Europe,2025-02-24
19505,"Le, Smith and Edwards",Manufacturing,Mid-Market,Palestinian Territory,LATAM,2023-05-03
19506,Wyatt LLC,Technology,Mid-Market,Nicaragua,APAC,2024-08-02
19507,"Smith, Avila and Nelson",Retail,Mid-Market,Lao People's Democratic Republic,North America,2024-09-20
19508,Bolton-Jackson,Technology,Mid-Market,Ukraine,LATAM,2025-01-04
19509,"Davis, Thompson and Smith",Retail,SMB,Guatemala,APAC,2025-07-03
19510,Wright LLC,Manufacturing,Enterprise,Mozambique,LATAM,2022-10-22
19511,Mccoy and Sons,Retail,Mid-Market,Guinea,Europe,2023-07-13
19512,"Cohen, Martin and Ross",Healthcare,Enterprise,Dominica,North America,2023-12-17
19513,"Dorsey, Kirby and Stone",Healthcare,Enterprise,Vanuatu,Europe,2024-04-03
19514,Vega-Wallace,Retail,Mid-Market,Antarctica (the territory South of 60 deg S),APAC,2024-10-02
19515,"Mccormick, Williams and Wheeler",Manufacturing,Enterprise,Kenya,North America,2024-09-19
19516,Thomas LLC,Healthcare,SMB,Tunisia,North America,2024-04-09
19517,Kaufman Inc,Technology,Mid-Market,South Georgia and the South Sandwich Islands,Europe,2023-09-02
19518,Miller Ltd,Finance,Mid-Market,Guernsey,LATAM,2022-11-28
19519,Mason PLC,Retail,Enterprise,Tajikistan,APAC,2023-07-01
19520,Daniel-Jones,Retail,SMB,Cape Verde,North America,2023-07-07
19521,Martinez Group,Manufacturing,Mid-Market,French Guiana,Europe,2025-12-24
19522,Salinas and Sons,Healthcare,Enterprise,Mozambique,APAC,2023-11-09
19523,"Morales, Stewart and Moore",Healthcare,Mid-Market,Kenya,APAC,2025-03-19
19524,Mccarthy and Sons,Manufacturing,Enterprise,Netherlands Antilles,APAC,2024-08-05
19525,Thornton Inc,Healthcare,SMB,Sao Tome and Principe,APAC,2025-10-28
19526,Hart-Hayes,Retail,Enterprise,Bahrain,Europe,2025-10-25
19527,"Collins, Woods and Cameron",Technology,SMB,Morocco,Europe,2025-03-01
19528,Flores PLC,Technology,Enterprise,Vanuatu,Europe,2025-09-22
19529,"Robinson, Brown and Bond",Healthcare,Enterprise,Philippines,LATAM,2022-11-20
19530,Lee-Harris,Finance,SMB,Myanmar,North America,2023-05-20
19531,"Armstrong, Evans and Garcia",Technology,Enterprise,Cape Verde,APAC,2022-12-16
19532,Lawrence and Sons,Finance,Mid-Market,Tokelau,Europe,2025-06-17
19533,Valencia Ltd,Technology,SMB,Saint Kitts and Nevis,APAC,2026-03-08
19534,"Stanley, Miller and Austin",Retail,SMB,Latvia,Europe,2025-07-16
19535,York-Bell,Manufacturing,Mid-Market,Cambodia,North America,2025-04-11
19536,Rodriguez Inc,Healthcare,SMB,American Samoa,North America,2024-08-08
19537,"Lynn, Reeves and Jones",Technology,SMB,Lithuania,Europe,2022-12-18
19538,"Montgomery, Jennings and Shaffer",Retail,Mid-Market,Iceland,North America,2026-01-12
19539,Suarez-Patterson,Healthcare,Enterprise,Somalia,APAC,2022-10-26
19540,Mclaughlin-Simmons,Technology,SMB,Denmark,North America,2026-06-05
19541,Bautista and Sons,Retail,Mid-Market,Netherlands Antilles,Europe,2023-03-05
19542,Brown-Smith,Technology,Mid-Market,Iran,LATAM,2026-03-16
19543,Johnston Inc,Retail,Mid-Market,United Arab Emirates,APAC,2022-12-28
19544,"Rose, Meyer and Dunn",Finance,Enterprise,Uganda,Europe,2023-08-08
19545,"Mcgrath, Navarro and Ortega",Retail,SMB,Korea,North America,2022-07-15
19546,Compton-Howard,Finance,SMB,Taiwan,Europe,2024-09-10
19547,Cunningham LLC,Manufacturing,SMB,France,APAC,2022-09-09
19548,Knight Ltd,Healthcare,Enterprise,Timor-Leste,North America,2023-03-29
19549,Frye-Edwards,Manufacturing,Mid-Market,Haiti,Europe,2025-10-03
19550,Ward PLC,Technology,Mid-Market,Italy,APAC,2022-07-20
19551,Hodges Group,Retail,Enterprise,Cocos (Keeling) Islands,North America,2023-06-22
19552,Park Ltd,Retail,SMB,Central African Republic,North America,2025-04-13
19553,"Allen, Torres and Vargas",Retail,Mid-Market,Northern Mariana Islands,APAC,2025-02-02
19554,Cohen LLC,Healthcare,SMB,United States Virgin Islands,North America,2024-10-07
19555,"Sanchez, Cuevas and Valdez",Technology,SMB,Cayman Islands,North America,2024-07-28
19556,Morales and Sons,Retail,Mid-Market,Dominican Republic,Europe,2025-01-11
19557,Hall and Sons,Healthcare,SMB,Palestinian Territory,LATAM,2024-06-06
19558,Lawrence-Morales,Technology,Enterprise,Azerbaijan,Europe,2023-08-24
19559,Norris-Gibson,Technology,Enterprise,Croatia,LATAM,2024-07-01
19560,Allen-Dominguez,Healthcare,Enterprise,Isle of Man,APAC,2023-10-30
19561,Walker and Sons,Retail,Mid-Market,Burkina Faso,LATAM,2023-11-08
19562,Maldonado Group,Healthcare,Enterprise,Armenia,APAC,2022-09-13
19563,"Hall, Aguirre and Fleming",Technology,Enterprise,Portugal,APAC,2023-01-03
19564,"Carpenter, Armstrong and Abbott",Retail,Enterprise,Russian Federation,North America,2024-08-06
19565,"Marshall, Carr and Ramos",Manufacturing,Mid-Market,Morocco,LATAM,2023-10-19
19566,Cunningham-Hart,Retail,SMB,Chile,North America,2023-10-31
19567,Randall-Peterson,Healthcare,SMB,Saint Barthelemy,APAC,2024-02-22
19568,Lutz-Brown,Healthcare,Mid-Market,Chad,North America,2024-07-22
19569,Owens-Davis,Healthcare,SMB,Lao People's Democratic Republic,LATAM,2024-05-21
19570,Smith and Sons,Technology,Enterprise,Russian Federation,North America,2024-01-13
19571,Schultz-Brennan,Technology,Mid-Market,Gabon,LATAM,2024-07-17
19572,Hinton-Jones,Technology,Mid-Market,Suriname,APAC,2025-03-04
19573,Stanton Ltd,Finance,SMB,Hong Kong,LATAM,2024-10-23
19574,"Freeman, Cross and Taylor",Finance,Mid-Market,Lao People's Democratic Republic,LATAM,2025-09-14
19575,Miller PLC,Manufacturing,SMB,Guinea-Bissau,APAC,2022-10-16
19576,Sanders-Burns,Retail,SMB,Venezuela,APAC,2022-07-01
19577,Wright LLC,Finance,SMB,Singapore,LATAM,2025-04-04
19578,"Cooper, Wall and Martinez",Retail,Mid-Market,Georgia,Europe,2023-10-08
19579,"Stone, Bass and Martin",Healthcare,Mid-Market,Macao,APAC,2024-12-06
19580,Clark Group,Manufacturing,SMB,Bolivia,Europe,2023-12-01
19581,Pace Inc,Manufacturing,SMB,Botswana,Europe,2025-07-21
19582,Brown-Sullivan,Manufacturing,SMB,Congo,Europe,2022-10-29
19583,Bradley PLC,Manufacturing,SMB,Nepal,North America,2024-06-12
19584,Martinez-Chapman,Retail,SMB,Sudan,LATAM,2022-08-28
19585,"Love, Nelson and Owen",Retail,Mid-Market,French Southern Territories,LATAM,2025-09-28
19586,Howe-Marshall,Manufacturing,Mid-Market,American Samoa,Europe,2023-12-04
19587,Ferguson-Serrano,Retail,Enterprise,Australia,Europe,2022-08-19
19588,"Martin, Calderon and Lopez",Healthcare,Enterprise,Togo,Europe,2024-05-16
19589,"Simmons, Swanson and Barnett",Technology,Enterprise,Heard Island and McDonald Islands,APAC,2025-02-01
19590,Schroeder-King,Manufacturing,Mid-Market,Cyprus,APAC,2024-08-09
19591,"Stevenson, Green and Dixon",Retail,Mid-Market,Cote d'Ivoire,North America,2025-10-01
19592,Peterson-King,Technology,Mid-Market,Zambia,Europe,2024-05-07
19593,Jones LLC,Technology,Enterprise,Congo,North America,2023-07-11
19594,Knight PLC,Finance,Mid-Market,Zimbabwe,North America,2025-07-10
19595,"Taylor, Williams and Barnes",Finance,Mid-Market,Mozambique,Europe,2025-02-27
19596,"Kemp, Young and Garcia",Technology,Enterprise,Jordan,North America,2023-08-23
19597,"Smith, Collins and Long",Technology,Enterprise,Senegal,Europe,2026-03-14
19598,"Brown, Brown and Torres",Technology,SMB,Liechtenstein,North America,2025-02-14
19599,Mcfarland-Mcclain,Technology,SMB,Lithuania,North America,2023-03-23
19600,"Hill, Cooper and Lawrence",Manufacturing,SMB,Dominican Republic,LATAM,2025-04-25
19601,Shah-Harrington,Finance,Enterprise,Svalbard & Jan Mayen Islands,North America,2026-04-29
19602,Tucker Ltd,Technology,SMB,Trinidad and Tobago,North America,2025-03-22
19603,"Arellano, Schneider and Moore",Retail,Enterprise,Philippines,LATAM,2026-01-05
19604,Warren-Moore,Finance,SMB,Japan,Europe,2022-09-26
19605,Anderson Inc,Healthcare,Mid-Market,Norfolk Island,Europe,2026-02-18
19606,Barrett and Sons,Retail,Mid-Market,Libyan Arab Jamahiriya,APAC,2023-04-10
19607,"Williams, Myers and Kerr",Healthcare,Enterprise,Poland,North America,2024-11-16
19608,"Mathews, Sullivan and Webb",Retail,Mid-Market,Eritrea,Europe,2024-11-27
19609,Hanson-Mcdonald,Finance,SMB,Belize,North America,2023-04-29
19610,"Price, Hughes and Kerr",Technology,Mid-Market,South Georgia and the South Sandwich Islands,Europe,2026-05-12
19611,Kelly-Estrada,Retail,Mid-Market,Cocos (Keeling) Islands,LATAM,2024-03-08
19612,"Parker, Henderson and Perez",Finance,Enterprise,Niger,LATAM,2022-06-16
19613,Snyder LLC,Technology,Enterprise,Namibia,Europe,2024-05-15
19614,Berg and Sons,Manufacturing,Mid-Market,Chad,LATAM,2025-06-01
19615,Rodriguez-Jenkins,Retail,SMB,Samoa,North America,2026-04-13
19616,Miller Group,Retail,Enterprise,Lithuania,North America,2026-05-27
19617,"Howard, Michael and Myers",Manufacturing,Mid-Market,Korea,North America,2022-10-28
19618,James-Rodriguez,Healthcare,Enterprise,Serbia,Europe,2024-01-08
19619,Walker-Brown,Healthcare,SMB,Sierra Leone,LATAM,2024-07-05
19620,Kelly-Jackson,Retail,Mid-Market,Jersey,Europe,2026-03-13
19621,"Jenkins, Cordova and Velez",Manufacturing,Mid-Market,Bosnia and Herzegovina,Europe,2025-12-15
19622,Smith Group,Finance,SMB,Haiti,North America,2026-03-16
19623,Wilkins PLC,Finance,Mid-Market,Cambodia,North America,2023-08-22
19624,"Wall, Ball and Davis",Finance,SMB,Singapore,LATAM,2023-01-23
19625,Perry PLC,Retail,Enterprise,Honduras,Europe,2022-06-25
19626,Zuniga LLC,Healthcare,SMB,Gibraltar,LATAM,2025-10-04
19627,"Miller, Johnson and Solomon",Retail,SMB,Monaco,Europe,2023-03-30
19628,"House, Gilbert and Braun",Healthcare,Mid-Market,Madagascar,Europe,2025-05-21
19629,"Green, Fuller and Salazar",Retail,Enterprise,Rwanda,Europe,2023-03-10
19630,"Blake, Decker and Murphy",Healthcare,Enterprise,Tonga,North America,2023-11-04
19631,"Anderson, Smith and Alexander",Manufacturing,Enterprise,Luxembourg,Europe,2025-04-23
19632,Ellis PLC,Retail,Mid-Market,Liechtenstein,LATAM,2024-04-05
19633,Porter-Grimes,Retail,Mid-Market,Somalia,Europe,2024-05-24
19634,Murphy-Crawford,Retail,Enterprise,New Zealand,North America,2024-09-07
19635,Luna-Bennett,Manufacturing,Enterprise,Nepal,Europe,2024-01-06
19636,"Anderson, Howell and Stewart",Retail,SMB,Bhutan,Europe,2025-02-05
19637,Duarte-Mcmahon,Retail,SMB,Tunisia,Europe,2024-04-25
19638,Edwards Ltd,Finance,Mid-Market,Pakistan,Europe,2023-08-05
19639,Watson-Landry,Manufacturing,Mid-Market,Belarus,APAC,2022-07-20
19640,Rodriguez and Sons,Technology,Mid-Market,Lebanon,North America,2023-12-04
19641,Gonzales and Sons,Retail,Mid-Market,Grenada,APAC,2022-08-17
19642,"Lawrence, Haney and Garrett",Retail,SMB,Niue,LATAM,2025-03-01
19643,Warner-Barnes,Technology,Enterprise,Guam,North America,2026-06-03
19644,Ruiz-Perez,Retail,Mid-Market,Ireland,North America,2024-06-21
19645,"Moss, Thompson and Landry",Finance,Enterprise,Christmas Island,APAC,2025-02-20
19646,Parker Ltd,Manufacturing,Enterprise,Niue,North America,2025-02-09
19647,Burton PLC,Manufacturing,Enterprise,Bulgaria,North America,2025-03-11
19648,Myers-Boyle,Manufacturing,SMB,Jamaica,LATAM,2024-06-16
19649,"Joyce, Miles and Huber",Technology,Enterprise,Palestinian Territory,APAC,2025-12-27
19650,Shannon Inc,Healthcare,SMB,South Georgia and the South Sandwich Islands,Europe,2026-01-01
19651,Jackson Ltd,Manufacturing,Mid-Market,Brunei Darussalam,APAC,2024-06-10
19652,Cabrera-Owens,Healthcare,Enterprise,Guernsey,North America,2024-07-21
19653,Hinton LLC,Manufacturing,SMB,Slovenia,North America,2024-02-11
19654,"Myers, Levy and Mason",Manufacturing,Mid-Market,Oman,Europe,2025-02-02
19655,Hamilton LLC,Healthcare,Enterprise,Cyprus,LATAM,2022-10-20
19656,"Taylor, Walker and Rodriguez",Manufacturing,Enterprise,Venezuela,APAC,2022-11-30
19657,"Pham, Martinez and Ortiz",Technology,Enterprise,United States of America,Europe,2023-05-20
19658,"Tucker, Ward and Scott",Healthcare,SMB,Dominican Republic,North America,2024-01-05
19659,Lawson-Franklin,Healthcare,SMB,Namibia,APAC,2024-02-10
19660,Cole and Sons,Finance,Enterprise,Tonga,Europe,2022-07-19
19661,Sullivan LLC,Finance,SMB,Armenia,LATAM,2024-09-04
19662,Nguyen LLC,Manufacturing,SMB,Burundi,APAC,2023-11-15
19663,Graves-Mathis,Technology,Enterprise,United States of America,APAC,2025-07-09
19664,Mayer PLC,Retail,Mid-Market,Honduras,North America,2026-02-28
19665,Anderson-Horn,Retail,Mid-Market,Saint Kitts and Nevis,LATAM,2022-06-11
19666,"Peters, Smith and Lopez",Healthcare,SMB,Bouvet Island (Bouvetoya),North America,2022-09-21
19667,Erickson-Ortiz,Technology,Enterprise,British Virgin Islands,LATAM,2022-07-05
19668,Miller PLC,Technology,SMB,Colombia,Europe,2026-06-06
19669,Garcia-Olson,Technology,Enterprise,Honduras,Europe,2026-03-03
19670,Perez Ltd,Finance,Enterprise,Cambodia,APAC,2026-01-11
19671,Moore-Osborne,Manufacturing,SMB,Brunei Darussalam,APAC,2023-03-28
19672,"Barrett, Acevedo and Marshall",Finance,SMB,Malaysia,LATAM,2025-04-06
19673,Martinez PLC,Healthcare,Enterprise,Falkland Islands (Malvinas),LATAM,2025-01-14
19674,"Roberson, Adams and Castillo",Healthcare,SMB,Macao,Europe,2025-03-28
19675,Hanna PLC,Manufacturing,Mid-Market,Macao,Europe,2025-07-01
19676,Payne-Hunt,Manufacturing,Enterprise,Gambia,North America,2023-01-19
19677,Ortiz-James,Manufacturing,SMB,Lithuania,Europe,2022-10-25
19678,"Fowler, Johnson and Lee",Manufacturing,Mid-Market,Senegal,Europe,2026-02-18
19679,Durham LLC,Finance,Enterprise,Zambia,Europe,2024-02-11
19680,"Mcmahon, Knight and Myers",Technology,Enterprise,Hungary,LATAM,2025-03-11
19681,"Wise, Allen and David",Retail,Enterprise,Congo,APAC,2023-04-27
19682,Tran-Richardson,Technology,Enterprise,Bermuda,Europe,2024-11-29
19683,Carey and Sons,Finance,SMB,Burundi,Europe,2023-08-26
19684,"Smith, Burton and Kemp",Manufacturing,SMB,Thailand,APAC,2025-03-19
19685,Johnson-Christian,Manufacturing,Mid-Market,Portugal,LATAM,2023-04-29
19686,Melendez PLC,Finance,Enterprise,Tokelau,APAC,2022-12-31
19687,Mcgee-Lin,Healthcare,Mid-Market,Nepal,North America,2023-09-11
19688,Jones-Jones,Healthcare,Enterprise,Cambodia,APAC,2023-01-06
19689,"Rodriguez, Craig and Mejia",Retail,Mid-Market,Italy,LATAM,2022-09-20
19690,"Gonzalez, Jones and Dunlap",Manufacturing,SMB,Belarus,APAC,2022-08-23
19691,Perez PLC,Healthcare,Mid-Market,Botswana,APAC,2022-09-07
19692,Reilly-Cox,Manufacturing,Mid-Market,South Africa,LATAM,2026-04-26
19693,Leon LLC,Manufacturing,Enterprise,Oman,APAC,2026-04-20
19694,Valentine Ltd,Healthcare,Mid-Market,Belgium,APAC,2026-01-25
19695,Berry Ltd,Retail,Enterprise,Seychelles,LATAM,2025-07-10
19696,White Inc,Finance,Mid-Market,Luxembourg,APAC,2025-08-03
19697,Flowers and Sons,Technology,SMB,Georgia,Europe,2023-11-20
19698,Wilson-Simon,Finance,Mid-Market,Swaziland,LATAM,2024-04-24
19699,Atkinson LLC,Retail,Enterprise,Saint Pierre and Miquelon,APAC,2025-09-18
19700,Key-Marsh,Technology,SMB,New Caledonia,LATAM,2025-05-16
19701,Schmidt-Rosario,Retail,Mid-Market,Holy See (Vatican City State),LATAM,2026-02-02
19702,Medina-Goodwin,Finance,Enterprise,French Polynesia,APAC,2025-06-06
19703,Jennings-Crawford,Manufacturing,Mid-Market,Singapore,Europe,2025-02-28
19704,Burton-Lawrence,Retail,Enterprise,North Macedonia,North America,2022-09-26
19705,Hill-White,Manufacturing,SMB,Canada,Europe,2025-03-28
19706,Goodwin PLC,Finance,Mid-Market,Lebanon,North America,2026-03-24
19707,Ramirez-Ryan,Manufacturing,Enterprise,Saint Martin,APAC,2022-12-12
19708,"Dillon, Espinoza and Austin",Finance,Enterprise,Somalia,Europe,2022-12-15
19709,Buchanan Inc,Technology,Mid-Market,Moldova,LATAM,2026-02-20
19710,Berg-Smith,Finance,SMB,Barbados,North America,2025-08-29
19711,Mathis-Mcbride,Technology,Mid-Market,Zimbabwe,North America,2022-12-05
19712,"Gibbs, Oneal and Mora",Manufacturing,Mid-Market,Venezuela,LATAM,2023-06-24
19713,Cannon and Sons,Retail,Mid-Market,Libyan Arab Jamahiriya,Europe,2026-03-24
19714,Hughes-Sullivan,Manufacturing,Mid-Market,Haiti,APAC,2024-02-29
19715,"Rogers, Dodson and Hanna",Healthcare,Mid-Market,Palau,North America,2025-11-19
19716,Scott-Diaz,Finance,Enterprise,Switzerland,North America,2023-01-17
19717,"Neal, Rich and Gutierrez",Healthcare,SMB,Angola,North America,2024-08-05
19718,Cabrera Group,Manufacturing,SMB,American Samoa,LATAM,2025-10-22
19719,"Clark, Ramirez and Kramer",Technology,Enterprise,Hong Kong,APAC,2025-11-07
19720,"George, Perry and Lewis",Technology,Enterprise,Kenya,APAC,2023-10-28
19721,Daniel PLC,Finance,SMB,Georgia,Europe,2024-05-23
19722,Dunn-Gutierrez,Technology,Enterprise,Saint Helena,Europe,2026-02-24
19723,Hughes LLC,Healthcare,Mid-Market,Bouvet Island (Bouvetoya),North America,2025-12-23
19724,Parker LLC,Retail,Enterprise,Saint Barthelemy,Europe,2024-05-12
19725,"Watts, Dorsey and Combs",Manufacturing,Enterprise,Benin,Europe,2023-03-22
19726,Daugherty and Sons,Finance,Enterprise,Jordan,APAC,2023-05-27
19727,"Terry, Taylor and James",Manufacturing,Enterprise,Cote d'Ivoire,LATAM,2023-04-25
19728,Baldwin-Pugh,Finance,SMB,Timor-Leste,Europe,2023-03-11
19729,"Wright, Buck and Stevens",Technology,Mid-Market,Guatemala,North America,2025-01-08
19730,Davis and Sons,Retail,Enterprise,Saint Martin,APAC,2024-03-02
19731,"West, Taylor and Ross",Technology,Mid-Market,Togo,APAC,2022-06-14
19732,Baker and Sons,Healthcare,Enterprise,Northern Mariana Islands,APAC,2025-10-07
19733,Clark-Love,Technology,Mid-Market,Iceland,North America,2025-03-10
19734,Meadows PLC,Manufacturing,Enterprise,Marshall Islands,Europe,2025-07-25
19735,Thompson and Sons,Retail,Mid-Market,Haiti,LATAM,2022-09-01
19736,Lane-Marshall,Manufacturing,Enterprise,Lebanon,APAC,2026-05-12
19737,"Sullivan, Roberts and Jones",Technology,Mid-Market,Uruguay,APAC,2024-09-06
19738,"Stewart, Cunningham and Johnson",Finance,Mid-Market,Cayman Islands,North America,2023-02-05
19739,Hodge-Hensley,Healthcare,Enterprise,Mongolia,Europe,2024-05-14
19740,"Cohen, Ward and Stewart",Finance,Enterprise,Cook Islands,LATAM,2025-02-28
19741,Rodgers PLC,Finance,Mid-Market,Paraguay,LATAM,2024-12-20
19742,Lowe Group,Healthcare,Mid-Market,Israel,Europe,2024-06-17
19743,"Reyes, Hernandez and Pope",Retail,Mid-Market,Reunion,North America,2022-10-21
19744,Matthews-Ferguson,Technology,Enterprise,Nepal,North America,2022-08-20
19745,Knox-Copeland,Manufacturing,SMB,French Guiana,APAC,2025-07-15
19746,Valencia Inc,Finance,SMB,Bangladesh,APAC,2023-03-28
19747,Cannon-Graham,Retail,SMB,Japan,LATAM,2025-09-21
19748,"Bishop, Peck and Deleon",Retail,SMB,Bhutan,Europe,2023-08-04
19749,Hill-Esparza,Healthcare,SMB,New Zealand,APAC,2023-06-27
19750,"Woods, Ashley and Sosa",Technology,Mid-Market,Sweden,North America,2022-12-02
19751,Dean-Solis,Healthcare,Mid-Market,San Marino,North America,2023-02-27
19752,Griffin-Francis,Manufacturing,SMB,Congo,LATAM,2024-04-12
19753,"Miller, Lynch and Miles",Manufacturing,Mid-Market,Solomon Islands,LATAM,2025-05-13
19754,Wilson-Allen,Finance,SMB,Rwanda,APAC,2022-07-25
19755,"Miller, Bradford and Torres",Finance,Enterprise,Kazakhstan,North America,2022-08-30
19756,Erickson and Sons,Finance,Mid-Market,Mali,Europe,2023-06-23
19757,"Yoder, Ballard and Bolton",Healthcare,Mid-Market,Palestinian Territory,Europe,2024-02-28
19758,Williams-Hood,Healthcare,Mid-Market,Jamaica,APAC,2023-03-30
19759,Carter-Thomas,Technology,SMB,Greenland,North America,2022-09-18
19760,"Gross, Johnson and Thomas",Technology,SMB,Iceland,North America,2025-10-04
19761,Dunlap Group,Manufacturing,Enterprise,North Macedonia,LATAM,2024-11-29
19762,Adams-Miller,Retail,Mid-Market,Hong Kong,North America,2024-11-30
19763,Gutierrez-Mosley,Retail,Mid-Market,Uganda,Europe,2025-02-19
19764,Robinson-Hawkins,Manufacturing,Mid-Market,Macao,North America,2023-03-15
19765,Shaw Ltd,Manufacturing,Enterprise,Madagascar,LATAM,2023-08-27
19766,"Manning, Thomas and Morgan",Retail,Enterprise,Barbados,North America,2022-11-17
19767,Owens-Brown,Finance,SMB,Gibraltar,LATAM,2022-08-16
19768,Shelton-Roth,Finance,Mid-Market,Macao,APAC,2025-09-12
19769,"Stokes, Berry and Mcgee",Healthcare,SMB,Hong Kong,LATAM,2024-08-19
19770,Jackson-Mcgee,Healthcare,Mid-Market,Peru,APAC,2025-09-25
19771,Crosby and Sons,Retail,SMB,Bahrain,North America,2024-04-28
19772,Cummings-Becker,Manufacturing,Mid-Market,Yemen,Europe,2023-01-03
19773,Myers-Thomas,Healthcare,SMB,Andorra,APAC,2025-11-02
19774,Stephens Inc,Manufacturing,SMB,Japan,LATAM,2022-08-09
19775,"Gray, Hayes and Torres",Retail,Mid-Market,Algeria,North America,2026-05-19
19776,Foster-Roy,Technology,SMB,Trinidad and Tobago,North America,2023-01-24
19777,Hernandez-Choi,Retail,SMB,Gambia,North America,2025-07-16
19778,Hicks-Cooley,Manufacturing,Mid-Market,Philippines,APAC,2024-02-05
19779,"Freeman, Day and Thomas",Manufacturing,Mid-Market,Namibia,LATAM,2024-09-19
19780,"Russell, Mcgee and Jennings",Finance,SMB,Guyana,Europe,2023-04-13
19781,Jones-Robertson,Manufacturing,SMB,Congo,LATAM,2023-08-26
19782,Gardner Ltd,Manufacturing,SMB,Papua New Guinea,North America,2026-01-07
19783,Wallace-Richards,Finance,Enterprise,Lao People's Democratic Republic,Europe,2026-04-30
19784,Harper LLC,Retail,SMB,Timor-Leste,Europe,2022-08-19
19785,Fritz-Bennett,Technology,Mid-Market,Mongolia,North America,2023-11-06
19786,Patel-Adams,Healthcare,Enterprise,Uganda,Europe,2025-04-24
19787,"Monroe, Lee and Long",Healthcare,Enterprise,South Africa,LATAM,2025-06-16
19788,Newman LLC,Technology,SMB,Bouvet Island (Bouvetoya),LATAM,2023-04-24
19789,Davila Inc,Technology,Enterprise,Equatorial Guinea,North America,2024-08-11
19790,Owen Inc,Technology,Enterprise,Bahrain,Europe,2022-12-15
19791,"Robinson, Ross and Harvey",Healthcare,Mid-Market,Kuwait,Europe,2022-09-01
19792,Todd-Ferguson,Retail,SMB,Lao People's Democratic Republic,North America,2023-10-19
19793,"Jenkins, Hill and House",Healthcare,SMB,China,LATAM,2024-03-18
19794,"Flores, Orozco and Cuevas",Finance,SMB,Reunion,LATAM,2024-03-26
19795,Perkins LLC,Technology,SMB,Israel,Europe,2022-06-12
19796,"Long, Lewis and Warren",Retail,Enterprise,Romania,LATAM,2024-09-07
19797,Sims Group,Retail,SMB,Saint Lucia,APAC,2023-09-15
19798,"Cortez, Pacheco and Mueller",Retail,Enterprise,Taiwan,APAC,2024-02-25
19799,Evans PLC,Manufacturing,SMB,Jordan,APAC,2022-08-13
19800,Wilson LLC,Technology,SMB,Lebanon,North America,2025-10-25
19801,"Thomas, Williams and Coleman",Manufacturing,Enterprise,Guernsey,Europe,2022-11-10
19802,"Howell, Alvarado and Evans",Finance,SMB,Afghanistan,North America,2022-10-05
19803,Cummings-Petty,Finance,Enterprise,Honduras,APAC,2022-06-19
19804,Le and Sons,Manufacturing,Enterprise,Saudi Arabia,Europe,2023-03-10
19805,Clark-Roth,Manufacturing,SMB,Serbia,Europe,2023-12-15
19806,"Perry, Marks and Brown",Finance,Mid-Market,Slovenia,LATAM,2022-10-24
19807,"Cooper, Chung and Bates",Technology,SMB,Anguilla,Europe,2025-08-12
19808,"Molina, Harris and Kane",Healthcare,SMB,Mozambique,North America,2023-09-30
19809,"Brown, Baker and Cole",Retail,Enterprise,North Macedonia,Europe,2024-01-16
19810,Cline-Moore,Technology,Enterprise,Swaziland,APAC,2023-10-01
19811,"Bailey, Jones and Hurley",Finance,SMB,Gabon,Europe,2024-07-08
19812,Cunningham-Martinez,Healthcare,Mid-Market,Brazil,North America,2025-11-22
19813,Krause-Russell,Retail,Mid-Market,New Caledonia,APAC,2023-09-26
19814,"Webb, Schneider and Hurst",Healthcare,Mid-Market,Vanuatu,LATAM,2026-03-15
19815,"Franklin, Harris and Walter",Manufacturing,SMB,Saint Kitts and Nevis,Europe,2025-07-26
19816,Arroyo-Davidson,Retail,Enterprise,Brazil,Europe,2026-05-07
19817,Newman Inc,Finance,Mid-Market,El Salvador,APAC,2024-01-31
19818,Kelly PLC,Manufacturing,SMB,Seychelles,Europe,2025-12-30
19819,"Brooks, Huffman and Johnson",Manufacturing,SMB,Cambodia,APAC,2024-05-04
19820,"Schroeder, Medina and Morales",Manufacturing,SMB,Saint Vincent and the Grenadines,APAC,2025-08-21
19821,Williams Ltd,Retail,SMB,United States of America,Europe,2025-11-17
19822,Wood and Sons,Healthcare,SMB,Monaco,APAC,2024-07-24
19823,"Smith, Brown and Marshall",Healthcare,SMB,New Zealand,Europe,2024-08-18
19824,Lawrence PLC,Manufacturing,Enterprise,Albania,Europe,2024-02-09
19825,Singleton-Morrison,Manufacturing,Mid-Market,Latvia,North America,2022-12-01
19826,Hayes and Sons,Manufacturing,SMB,Equatorial Guinea,North America,2024-07-26
19827,Davis PLC,Technology,SMB,United Kingdom,North America,2024-07-23
19828,Fields PLC,Manufacturing,Mid-Market,Oman,LATAM,2023-12-04
19829,Martinez Ltd,Healthcare,SMB,Gabon,North America,2025-01-24
19830,"Brewer, Reynolds and Moreno",Technology,Mid-Market,Morocco,North America,2023-09-07
19831,Taylor-Williams,Retail,Mid-Market,French Guiana,Europe,2024-10-23
19832,Young Ltd,Retail,SMB,Finland,Europe,2022-07-24
19833,Schultz-Patterson,Finance,Mid-Market,Qatar,Europe,2022-11-23
19834,"Walker, Davis and Beck",Technology,SMB,Chad,APAC,2026-05-26
19835,George Group,Finance,Mid-Market,North Macedonia,APAC,2022-08-18
19836,"Hernandez, Rojas and Garcia",Technology,Mid-Market,Seychelles,North America,2025-02-13
19837,Smith Group,Retail,SMB,Saint Pierre and Miquelon,APAC,2023-09-04
19838,"Alexander, Lam and Mcneil",Retail,SMB,Bulgaria,APAC,2025-05-27
19839,Manning PLC,Retail,Mid-Market,Papua New Guinea,Europe,2024-07-24
19840,"Young, Castillo and Bailey",Manufacturing,Enterprise,Mauritius,North America,2024-09-28
19841,Carlson-Burns,Healthcare,Enterprise,Mali,APAC,2023-06-13
19842,"Mcmillan, Ford and Carpenter",Finance,SMB,Turks and Caicos Islands,LATAM,2024-12-01
19843,"Young, Ferguson and Hampton",Healthcare,SMB,Singapore,North America,2023-04-22
19844,Stein-Robinson,Manufacturing,Enterprise,Netherlands Antilles,APAC,2023-10-27
19845,Sullivan and Sons,Healthcare,SMB,Equatorial Guinea,LATAM,2023-07-27
19846,Morse Inc,Manufacturing,SMB,Algeria,APAC,2023-08-05
19847,Bell-Lopez,Manufacturing,SMB,El Salvador,LATAM,2024-11-01
19848,Hendrix PLC,Manufacturing,SMB,Iraq,Europe,2025-04-20
19849,Strickland LLC,Technology,SMB,Zambia,APAC,2026-03-28
19850,Fuller-Mcclure,Retail,SMB,Poland,Europe,2023-04-01
19851,Miller Group,Manufacturing,SMB,Sweden,LATAM,2022-09-08
19852,Hubbard-Smith,Manufacturing,Enterprise,Nicaragua,APAC,2026-02-19
19853,Mcgrath and Sons,Manufacturing,SMB,French Guiana,APAC,2024-06-08
19854,"Carter, Arellano and Mcgrath",Healthcare,Mid-Market,Palau,Europe,2023-05-26
19855,Reed-Jacobs,Retail,Enterprise,Indonesia,APAC,2026-06-01
19856,Smith Inc,Healthcare,Mid-Market,Rwanda,APAC,2024-10-12
19857,"Jefferson, Daniels and Olsen",Technology,SMB,Australia,APAC,2025-02-17
19858,Bryant Group,Manufacturing,Enterprise,New Caledonia,Europe,2025-03-07
19859,Brown-Carrillo,Healthcare,Enterprise,Barbados,Europe,2024-05-29
19860,"Williams, Malone and Maxwell",Technology,Enterprise,Bahamas,LATAM,2024-02-17
19861,Parks LLC,Manufacturing,Mid-Market,Malta,Europe,2025-08-11
19862,"Scott, Carter and Parker",Healthcare,Mid-Market,Marshall Islands,North America,2022-10-04
19863,Miller Ltd,Manufacturing,SMB,France,APAC,2023-05-30
19864,Mclaughlin Ltd,Technology,Enterprise,Syrian Arab Republic,Europe,2025-01-31
19865,Harris Ltd,Manufacturing,Enterprise,Somalia,APAC,2023-07-10
19866,Alexander and Sons,Healthcare,Mid-Market,Thailand,Europe,2026-05-09
19867,Lawrence Ltd,Healthcare,Mid-Market,South Georgia and the South Sandwich Islands,Europe,2023-04-05
19868,Le-Faulkner,Healthcare,SMB,Norway,Europe,2024-03-06
19869,Hunter PLC,Retail,SMB,Kenya,Europe,2023-03-05
19870,Washington-Lynch,Retail,Mid-Market,Marshall Islands,LATAM,2026-01-17
19871,Perez-Fowler,Technology,SMB,Angola,North America,2024-07-11
19872,"Duran, Hicks and Weaver",Technology,Mid-Market,Brunei Darussalam,APAC,2024-02-05
19873,Chung Ltd,Finance,SMB,Lesotho,North America,2026-02-18
19874,Banks-Brown,Finance,SMB,Cyprus,North America,2025-10-23
19875,Mendez Inc,Finance,Enterprise,Cambodia,North America,2025-03-30
19876,Conner Group,Retail,SMB,Saint Kitts and Nevis,Europe,2025-04-01
19877,Cole LLC,Healthcare,Enterprise,Sao Tome and Principe,LATAM,2025-03-07
19878,Martin LLC,Manufacturing,SMB,Reunion,LATAM,2023-05-10
19879,Jones-Andrade,Technology,Mid-Market,Spain,APAC,2024-07-19
19880,Diaz-Bennett,Retail,Mid-Market,Christmas Island,LATAM,2024-11-21
19881,"Buchanan, Webb and Peterson",Manufacturing,Enterprise,Djibouti,North America,2025-10-24
19882,"Hernandez, Young and Jordan",Manufacturing,Mid-Market,Zambia,Europe,2025-03-09
19883,"Spencer, Woods and Hamilton",Finance,SMB,Cameroon,Europe,2023-01-03
19884,"Simon, Jackson and Brown",Healthcare,SMB,Puerto Rico,North America,2025-09-17
19885,"Hunt, Ortiz and Johnson",Retail,Enterprise,Isle of Man,North America,2024-10-31
19886,Lindsey-Walsh,Technology,Mid-Market,Botswana,Europe,2022-07-04
19887,"Dodson, Shields and Larson",Manufacturing,SMB,Saint Barthelemy,North America,2023-10-16
19888,Summers PLC,Finance,Enterprise,French Polynesia,North America,2023-05-13
19889,White-Garcia,Finance,Enterprise,Morocco,Europe,2025-06-21
19890,"Holt, Velazquez and Harris",Finance,Enterprise,Swaziland,Europe,2023-05-14
19891,"Ross, Rojas and Mendez",Manufacturing,Enterprise,New Zealand,North America,2024-08-24
19892,Rodriguez-Chavez,Finance,Enterprise,Grenada,North America,2024-05-10
19893,"Dunlap, Roman and Scott",Technology,Mid-Market,Belarus,APAC,2023-09-13
19894,Robinson-Webster,Healthcare,SMB,Pitcairn Islands,APAC,2024-10-28
19895,"Soto, Jones and Lane",Retail,SMB,United Arab Emirates,Europe,2025-03-16
19896,Steele-Curry,Manufacturing,Enterprise,Djibouti,North America,2024-06-10
19897,Martin PLC,Manufacturing,Mid-Market,British Indian Ocean Territory (Chagos Archipelago),Europe,2023-09-14
19898,"Brown, Koch and Glenn",Manufacturing,Mid-Market,Nicaragua,North America,2024-06-23
19899,Norman Inc,Technology,Mid-Market,Cambodia,Europe,2023-05-12
19900,Mendoza Group,Finance,Enterprise,Latvia,APAC,2024-03-19
19901,"Carpenter, Campbell and Curry",Retail,Mid-Market,Central African Republic,LATAM,2026-05-22
19902,May PLC,Healthcare,Enterprise,Vanuatu,APAC,2024-04-15
19903,"Johnson, Stanton and Wilson",Healthcare,Mid-Market,Saint Martin,North America,2025-02-03
19904,Obrien-Johnson,Technology,SMB,Pakistan,Europe,2023-02-17
19905,"Kaufman, Espinoza and Hobbs",Finance,SMB,Aruba,Europe,2024-05-17
19906,"Fritz, Middleton and Welch",Retail,Enterprise,American Samoa,LATAM,2025-11-19
19907,"King, Gardner and Murphy",Manufacturing,Enterprise,Lao People's Democratic Republic,LATAM,2023-10-02
19908,Drake-Salinas,Healthcare,Mid-Market,Canada,North America,2025-04-12
19909,Taylor and Sons,Finance,Enterprise,Fiji,LATAM,2025-04-05
19910,Porter-Willis,Retail,Enterprise,Dominica,Europe,2023-06-30
19911,"Duncan, Lee and Reyes",Finance,SMB,Saint Pierre and Miquelon,North America,2024-09-27
19912,Young Ltd,Retail,Enterprise,French Southern Territories,Europe,2023-08-01
19913,"Bennett, Owens and Meyer",Retail,Enterprise,Moldova,North America,2024-03-01
19914,Hanna LLC,Healthcare,Mid-Market,Slovenia,APAC,2026-04-17
19915,"Poole, Velazquez and Blair",Retail,Mid-Market,Bermuda,Europe,2026-01-22
19916,White-Young,Healthcare,Mid-Market,Montenegro,APAC,2026-01-22
19917,Rogers Ltd,Technology,SMB,Rwanda,Europe,2024-03-06
19918,Gonzalez Group,Retail,Mid-Market,United States Virgin Islands,Europe,2024-07-31
19919,Douglas-Wood,Finance,Mid-Market,Senegal,North America,2025-12-14
19920,Garcia-Price,Retail,Mid-Market,Hungary,Europe,2025-10-18
19921,"Evans, Sanchez and Michael",Technology,SMB,Peru,LATAM,2025-03-05
19922,Nunez-Kirby,Retail,Mid-Market,Rwanda,LATAM,2025-08-25
19923,Greene-Lee,Finance,SMB,Guinea,LATAM,2024-07-16
19924,Simmons Group,Technology,SMB,Portugal,LATAM,2023-07-02
19925,Graves-Brennan,Healthcare,Enterprise,Tanzania,North America,2024-06-20
19926,Taylor-Williams,Finance,Enterprise,Turkmenistan,North America,2023-04-23
19927,Huff-Lindsey,Healthcare,SMB,North Macedonia,APAC,2025-07-11
19928,Schneider Ltd,Finance,Enterprise,Ghana,North America,2023-02-06
19929,Ferguson-Warren,Finance,Enterprise,Colombia,North America,2025-06-27
19930,Nixon-Caldwell,Manufacturing,SMB,Paraguay,North America,2025-12-25
19931,Luna LLC,Finance,Enterprise,Liechtenstein,APAC,2023-11-23
19932,Robinson-Anderson,Healthcare,Mid-Market,Cuba,North America,2024-04-16
19933,Moses and Sons,Manufacturing,Enterprise,Martinique,APAC,2025-03-12
19934,Parker and Sons,Retail,Mid-Market,Liberia,Europe,2023-12-15
19935,Murphy-Hawkins,Retail,SMB,San Marino,Europe,2023-03-01
19936,Jones and Sons,Healthcare,Enterprise,Spain,APAC,2024-08-21
19937,Lawson-Allen,Finance,Enterprise,Pakistan,APAC,2024-09-15
19938,"Thomas, Johnson and Miller",Finance,SMB,Hong Kong,Europe,2025-12-28
19939,Saunders-Campbell,Technology,Mid-Market,Ecuador,North America,2024-01-13
19940,"Bishop, Nelson and Mejia",Healthcare,SMB,Djibouti,APAC,2025-11-28
19941,Davis-Mathis,Finance,Mid-Market,Kyrgyz Republic,Europe,2025-08-02
19942,Harris-Rojas,Technology,SMB,Micronesia,LATAM,2025-03-31
19943,Richardson-Baker,Retail,SMB,Costa Rica,Europe,2024-08-26
19944,Mccarty-Murray,Finance,Mid-Market,Chad,APAC,2025-05-02
19945,Silva-Miles,Finance,SMB,Bolivia,APAC,2026-02-25
19946,Odonnell-King,Finance,Mid-Market,New Zealand,Europe,2023-01-07
19947,West and Sons,Technology,Enterprise,Montenegro,APAC,2025-01-11
19948,Matthews Ltd,Healthcare,Mid-Market,Ghana,LATAM,2023-05-17
19949,Riley LLC,Healthcare,Mid-Market,Czech Republic,APAC,2023-12-17
19950,Ward-Love,Finance,SMB,Poland,North America,2025-08-21
19951,Ochoa Inc,Technology,Enterprise,Portugal,Europe,2024-06-08
19952,Obrien-Ward,Technology,SMB,Uruguay,Europe,2025-06-16
19953,Perry-Gibson,Manufacturing,SMB,Cook Islands,LATAM,2022-09-14
19954,Jimenez Ltd,Technology,Mid-Market,Reunion,North America,2023-07-23
19955,"Harrison, Robertson and Smith",Finance,SMB,Venezuela,North America,2025-03-12
19956,Serrano PLC,Healthcare,Mid-Market,Slovakia (Slovak Republic),LATAM,2024-06-04
19957,Shields-Powers,Technology,SMB,Holy See (Vatican City State),LATAM,2023-12-11
19958,Chen-York,Manufacturing,SMB,Fiji,North America,2025-11-15
19959,Taylor Ltd,Finance,SMB,Myanmar,Europe,2023-04-16
19960,Jones-Harper,Manufacturing,Mid-Market,Marshall Islands,LATAM,2023-11-20
19961,Maldonado-Simmons,Retail,Mid-Market,Tuvalu,North America,2023-01-29
19962,"Hunt, Kirk and Olson",Retail,Mid-Market,Mauritius,LATAM,2025-11-30
19963,"Rivera, Smith and Jones",Healthcare,Enterprise,Malta,North America,2026-06-02
19964,"Woodward, Henderson and Hayes",Manufacturing,Enterprise,Montenegro,LATAM,2022-12-12
19965,Ayers-Walker,Retail,SMB,Canada,North America,2024-12-12
19966,Barnett-Lewis,Retail,Enterprise,Syrian Arab Republic,LATAM,2024-12-23
19967,Golden and Sons,Retail,SMB,Iceland,Europe,2024-09-24
19968,"Adams, Taylor and Marshall",Manufacturing,Enterprise,Korea,North America,2025-04-10
19969,"Jacobson, Benson and Brooks",Finance,SMB,Isle of Man,Europe,2025-08-15
19970,"Robinson, Gardner and Fowler",Healthcare,Mid-Market,Ukraine,Europe,2024-04-15
19971,Rice-Ball,Technology,Mid-Market,Saint Martin,LATAM,2024-12-31
19972,"Hines, Stevens and Clark",Finance,Mid-Market,Tajikistan,LATAM,2022-09-12
19973,Wagner Group,Healthcare,Mid-Market,Lao People's Democratic Republic,North America,2024-06-20
19974,Butler LLC,Technology,Enterprise,Lebanon,APAC,2023-06-07
19975,"Evans, Patterson and Salazar",Technology,SMB,Japan,LATAM,2025-08-09
19976,Floyd-Johnston,Manufacturing,SMB,Dominican Republic,APAC,2024-03-20
19977,"Matthews, Green and Yang",Manufacturing,Enterprise,Armenia,North America,2023-05-07
19978,"Carter, Forbes and Acosta",Healthcare,SMB,British Indian Ocean Territory (Chagos Archipelago),LATAM,2024-10-10
19979,Murphy-Jones,Manufacturing,SMB,Antarctica (the territory South of 60 deg S),Europe,2025-03-06
19980,Hammond-Lang,Technology,Enterprise,Ghana,APAC,2025-07-27
19981,Berry and Sons,Technology,Mid-Market,Vanuatu,APAC,2024-06-26
19982,Collins Group,Healthcare,Enterprise,Sao Tome and Principe,LATAM,2022-11-02
19983,Garcia Group,Finance,SMB,Dominica,APAC,2023-04-23
19984,Maldonado LLC,Retail,SMB,Saint Kitts and Nevis,North America,2025-08-12
19985,Mendoza and Sons,Retail,Enterprise,Poland,North America,2024-03-18
19986,Jackson-Lambert,Retail,SMB,Lithuania,LATAM,2022-08-11
19987,Phelps-Allen,Technology,Enterprise,Estonia,LATAM,2026-05-31
19988,"Anderson, Moran and Dalton",Finance,Enterprise,Nigeria,LATAM,2022-10-13
19989,Gross-Duke,Technology,Enterprise,Mozambique,APAC,2023-08-10
19990,Walker Inc,Retail,Mid-Market,Serbia,North America,2026-01-22
19991,"Soto, Ortega and Smith",Finance,Enterprise,Mali,North America,2025-09-26
19992,Castro-Turner,Finance,Mid-Market,United Arab Emirates,APAC,2024-08-09
19993,Anderson-Dickerson,Retail,Mid-Market,Sri Lanka,North America,2022-11-03
19994,Adams LLC,Manufacturing,Mid-Market,Egypt,North America,2025-02-15
19995,Jackson-Morse,Retail,Mid-Market,Kazakhstan,APAC,2025-10-16
19996,Graham and Sons,Technology,SMB,Lithuania,APAC,2023-01-17
19997,Hatfield and Sons,Healthcare,Enterprise,Madagascar,APAC,2026-01-05
19998,"Freeman, West and White",Healthcare,Enterprise,Paraguay,APAC,2024-05-30
19999,"Frazier, Reynolds and Morgan",Finance,Enterprise,Luxembourg,APAC,2023-10-10
20000,Mcconnell-Miller,Retail,Enterprise,Papua New Guinea,APAC,2025-07-17
